packet_id,device_time,host_time,ecg,sample_idx,sample_time,time_ms
0,599616012474.8479,1780936882940.94,10048,0,599616011921.0017,0.0
0,599616012474.8479,1780936882940.9539,14528,1,599616011928.6941,7.6923828125
0,599616012474.8479,1780936882940.957,4184,2,599616011936.3864,15.3846435546875
0,599616012474.8479,1780936882940.961,14697,3,599616011944.0786,23.076904296875
0,599616012474.8479,1780936882940.9639,9990,4,599616011951.771,30.769287109375
0,599616012474.8479,1780936882940.967,6953,5,599616011959.4633,38.4615478515625
0,599616012474.8479,1780936882940.97,15566,6,599616011967.1556,46.1539306640625
0,599616012474.8479,1780936882940.9722,5088,7,599616011974.8479,53.84619140625
0,599616012474.8479,1780936882940.9749,12523,8,599616011982.5402,61.5384521484375
0,599616012474.8479,1780936882940.978,12462,9,599616011990.2325,69.2308349609375
0,599616012474.8479,1780936882940.981,4718,10,599616011997.9248,76.923095703125
0,599616012474.8479,1780936882940.9832,15518,11,599616012005.6172,84.615478515625
0,599616012474.8479,1780936882940.9858,7091,12,599616012013.3094,92.3077392578125
0,599616012474.8479,1780936882940.989,9535,13,599616012021.0017,100.0
0,599616012474.8479,1780936882940.9922,14298,14,599616012028.6941,107.6923828125
0,599616012474.8479,1780936882940.9958,3877,15,599616012036.3864,115.3846435546875
0,599616012474.8479,1780936882941.0,14381,16,599616012044.0786,123.076904296875
0,599616012474.8479,1780936882941.005,9742,17,599616012051.771,130.769287109375
0,599616012474.8479,1780936882941.009,6412,18,599616012059.4633,138.4615478515625
0,599616012474.8479,1780936882941.0132,15048,19,599616012067.1556,146.1539306640625
0,599616012474.8479,1780936882941.0168,4521,20,599616012074.8479,153.84619140625
0,599616012474.8479,1780936882941.021,12116,21,599616012082.5402,161.5384521484375
0,599616012474.8479,1780936882941.025,12295,22,599616012090.2325,169.2308349609375
0,599616012474.8479,1780936882941.029,4291,23,599616012097.9248,176.923095703125
0,599616012474.8479,1780936882941.033,15239,24,599616012105.6172,184.615478515625
0,599616012474.8479,1780936882941.0378,6872,25,599616012113.3094,192.3077392578125
0,599616012474.8479,1780936882941.042,9110,26,599616012121.0017,200.0
0,599616012474.8479,1780936882941.046,14075,27,599616012128.6941,207.6923828125
0,599616012474.8479,1780936882941.05,3571,28,599616012136.3864,215.3846435546875
0,599616012474.8479,1780936882941.0542,14028,29,599616012144.0786,223.076904296875
0,599616012474.8479,1780936882941.0579,9491,30,599616012151.771,230.769287109375
0,599616012474.8479,1780936882941.062,6103,31,599616012159.4633,238.4615478515625
0,599616012474.8479,1780936882941.066,15004,32,599616012167.1556,246.1539306640625
0,599616012474.8479,1780936882941.071,4321,33,599616012174.8479,253.84619140625
0,599616012474.8479,1780936882941.0752,11663,34,599616012182.5402,261.5384521484375
0,599616012474.8479,1780936882941.0789,11984,35,599616012190.2325,269.2308349609375
0,599616012474.8479,1780936882941.083,3845,36,599616012197.9248,276.923095703125
0,599616012474.8479,1780936882941.087,14916,37,599616012205.6172,284.615478515625
0,599616012474.8479,1780936882941.091,6521,38,599616012213.3094,292.3077392578125
0,599616012474.8479,1780936882941.0952,8533,39,599616012221.0017,300.0
0,599616012474.8479,1780936882941.0989,13603,40,599616012228.6941,307.6923828125
0,599616012474.8479,1780936882941.104,2948,41,599616012236.3864,315.3846435546875
0,599616012474.8479,1780936882941.108,13622,42,599616012244.0786,323.076904296875
0,599616012474.8479,1780936882941.112,9186,43,599616012251.771,330.769287109375
0,599616012474.8479,1780936882941.1162,5464,44,599616012259.4633,338.4615478515625
0,599616012474.8479,1780936882941.127,14690,45,599616012267.1556,346.1539306640625
0,599616012474.8479,1780936882941.131,4026,46,599616012274.8479,353.84619140625
0,599616012474.8479,1780936882941.136,11150,47,599616012282.5402,361.5384521484375
0,599616012474.8479,1780936882941.14,11668,48,599616012290.2325,369.2308349609375
0,599616012474.8479,1780936882941.144,3443,49,599616012297.9248,376.923095703125
0,599616012474.8479,1780936882941.148,14556,50,599616012305.6172,384.615478515625
0,599616012474.8479,1780936882941.152,6117,51,599616012313.3094,392.3077392578125
0,599616012474.8479,1780936882941.156,8083,52,599616012321.0017,400.0
0,599616012474.8479,1780936882941.161,13536,53,599616012328.6941,407.6923828125
0,599616012474.8479,1780936882941.165,2713,54,599616012336.3864,415.3846435546875
0,599616012474.8479,1780936882941.169,13213,55,599616012344.0786,423.076904296875
0,599616012474.8479,1780936882941.173,8889,56,599616012351.771,430.769287109375
0,599616012474.8479,1780936882941.177,5065,57,599616012359.4633,438.4615478515625
0,599616012474.8479,1780936882941.181,14442,58,599616012367.1556,446.1539306640625
0,599616012474.8479,1780936882941.185,3675,59,599616012374.8479,453.84619140625
0,599616012474.8479,1780936882941.189,10671,60,599616012382.5402,461.5384521484375
0,599616012474.8479,1780936882941.193,11245,61,599616012390.2325,469.2308349609375
0,599616012474.8479,1780936882941.197,2825,62,599616012397.9248,476.923095703125
0,599616012474.8479,1780936882941.201,14256,63,599616012405.6172,484.615478515625
0,599616012474.8479,1780936882941.205,5927,64,599616012413.3094,492.3077392578125
0,599616012474.8479,1780936882941.211,7620,65,599616012421.0017,500.0
0,599616012474.8479,1780936882941.215,13278,66,599616012428.6941,507.6923828125
0,599616012474.8479,1780936882941.219,2346,67,599616012436.3864,515.3846435546875
0,599616012474.8479,1780936882941.223,12811,68,599616012444.0786,523.076904296875
0,599616012474.8479,1780936882941.227,8645,69,599616012451.771,530.769287109375
0,599616012474.8479,1780936882941.231,4607,70,599616012459.4633,538.4615478515625
0,599616012474.8479,1780936882941.235,14114,71,599616012467.1556,546.1539306640625
0,599616012474.8479,1780936882941.239,3394,72,599616012474.8479,553.84619140625
1,599616013036.4148,1780936883481.344,10387,0,599616012482.5686,561.56689453125
1,599616013036.4148,1780936883481.363,11194,1,599616012490.261,569.25927734375
1,599616013036.4148,1780936883481.3699,2516,2,599616012497.9532,576.9515380859375
1,599616013036.4148,1780936883481.373,13910,3,599616012505.6455,584.643798828125
1,599616013036.4148,1780936883481.38,5671,4,599616012513.3379,592.336181640625
1,599616013036.4148,1780936883481.383,7230,5,599616012521.0302,600.0284423828125
1,599616013036.4148,1780936883481.386,13043,6,599616012528.7225,607.7208251953125
1,599616013036.4148,1780936883481.3882,2007,7,599616012536.4148,615.4130859375
1,599616013036.4148,1780936883481.3909,12458,8,599616012544.107,623.1053466796875
1,599616013036.4148,1780936883481.393,8310,9,599616012551.7994,630.7977294921875
1,599616013036.4148,1780936883481.395,4093,10,599616012559.4917,638.489990234375
1,599616013036.4148,1780936883481.465,13931,11,599616012567.1841,646.182373046875
1,599616013036.4148,1780936883481.489,3124,12,599616012574.8763,653.8746337890625
1,599616013036.4148,1780936883481.496,9881,13,599616012582.5686,661.56689453125
1,599616013036.4148,1780936883481.503,10866,14,599616012590.261,669.25927734375
1,599616013036.4148,1780936883481.585,2049,15,599616012597.9532,676.9515380859375
1,599616013036.4148,1780936883481.618,13612,16,599616012605.6455,684.643798828125
1,599616013036.4148,1780936883481.693,5415,17,599616012613.3379,692.336181640625
1,599616013036.4148,1780936883481.698,6716,18,599616012621.0302,700.0284423828125
1,599616013036.4148,1780936883481.701,12732,19,599616012628.7225,707.7208251953125
1,599616013036.4148,1780936883481.7048,1596,20,599616012636.4148,715.4130859375
1,599616013036.4148,1780936883481.707,12039,21,599616012644.107,723.1053466796875
1,599616013036.4148,1780936883481.709,8148,22,599616012651.7994,730.7977294921875
1,599616013036.4148,1780936883481.7122,3796,23,599616012659.4917,738.489990234375
1,599616013036.4148,1780936883481.714,13670,24,599616012667.1841,746.182373046875
1,599616013036.4148,1780936883481.7158,2792,25,599616012674.8763,753.8746337890625
1,599616013036.4148,1780936883481.719,9491,26,599616012682.5686,761.56689453125
1,599616013036.4148,1780936883481.721,10703,27,599616012690.261,769.25927734375
1,599616013036.4148,1780936883481.7861,1751,28,599616012697.9532,776.9515380859375
1,599616013036.4148,1780936883481.791,13285,29,599616012705.6455,784.643798828125
1,599616013036.4148,1780936883481.7942,5071,30,599616012713.3379,792.336181640625
1,599616013036.4148,1780936883481.7969,6298,31,599616012721.0302,800.0284423828125
1,599616013036.4148,1780936883481.7988,12530,32,599616012728.7225,807.7208251953125
1,599616013036.4148,1780936883481.802,1261,33,599616012736.4148,815.4130859375
1,599616013036.4148,1780936883481.8052,11740,34,599616012744.107,823.1053466796875
1,599616013036.4148,1780936883481.807,7936,35,599616012751.7994,830.7977294921875
1,599616013036.4148,1780936883481.812,3308,36,599616012759.4917,838.489990234375
1,599616013036.4148,1780936883481.814,13343,37,599616012767.1841,846.182373046875
1,599616013036.4148,1780936883481.8162,2441,38,599616012774.8763,853.8746337890625
1,599616013036.4148,1780936883481.8188,9086,39,599616012782.5686,861.56689453125
1,599616013036.4148,1780936883481.821,10522,40,599616012790.261,869.25927734375
1,599616013036.4148,1780936883481.823,1310,41,599616012797.9532,876.9515380859375
1,599616013036.4148,1780936883481.8252,12904,42,599616012805.6455,884.643798828125
1,599616013036.4148,1780936883481.827,4779,43,599616012813.3379,892.336181640625
1,599616013036.4148,1780936883481.8289,5759,44,599616012821.0302,900.0284423828125
1,599616013036.4148,1780936883481.832,12193,45,599616012828.7225,907.7208251953125
1,599616013036.4148,1780936883481.834,901,46,599616012836.4148,915.4130859375
1,599616013036.4148,1780936883481.837,11352,47,599616012844.107,923.1053466796875
1,599616013036.4148,1780936883481.8398,7606,48,599616012851.7994,930.7977294921875
1,599616013036.4148,1780936883481.842,2692,49,599616012859.4917,938.489990234375
1,599616013036.4148,1780936883481.844,12918,50,599616012867.1841,946.182373046875
1,599616013036.4148,1780936883481.861,2116,51,599616012874.8763,953.8746337890625
1,599616013036.4148,1780936883481.896,8631,52,599616012882.5686,961.56689453125
1,599616013036.4148,1780936883481.899,10188,53,599616012890.261,969.25927734375
1,599616013036.4148,1780936883481.92,880,54,599616012897.9532,976.9515380859375
1,599616013036.4148,1780936883481.925,12625,55,599616012905.6455,984.643798828125
1,599616013036.4148,1780936883481.9282,4502,56,599616012913.3379,992.336181640625
1,599616013036.4148,1780936883481.931,5318,57,599616012921.0302,1000.0284423828125
1,599616013036.4148,1780936883482.007,12032,58,599616012928.7225,1007.7208251953125
1,599616013036.4148,1780936883482.03,539,59,599616012936.4148,1015.4130859375
1,599616013036.4148,1780936883482.043,10892,60,599616012944.107,1023.1053466796875
1,599616013036.4148,1780936883482.047,7365,61,599616012951.7994,1030.7977294921875
1,599616013036.4148,1780936883482.083,2353,62,599616012959.4917,1038.489990234375
1,599616013036.4148,1780936883482.085,12797,63,599616012967.1841,1046.182373046875
1,599616013036.4148,1780936883482.0881,1849,64,599616012974.8763,1053.8746337890625
1,599616013036.4148,1780936883482.1428,8152,65,599616012982.5686,1061.56689453125
1,599616013036.4148,1780936883482.21,10027,66,599616012990.261,1069.25927734375
1,599616013036.4148,1780936883482.2349,485,67,599616012997.9532,1076.9515380859375
1,599616013036.4148,1780936883482.2422,12230,68,599616013005.6455,1084.643798828125
1,599616013036.4148,1780936883482.311,4312,69,599616013013.3379,1092.336181640625
1,599616013036.4148,1780936883482.3142,4862,70,599616013021.0302,1100.0284423828125
1,599616013036.4148,1780936883482.317,11700,71,599616013028.7225,1107.7208251953125
1,599616013036.4148,1780936883482.32,253,72,599616013036.4148,1115.4130859375
2,599616013597.9663,1780936884021.007,10580,0,599616013044.1201,1123.118408203125
2,599616013597.9663,1780936884021.019,7146,1,599616013051.8125,1130.810791015625
2,599616013597.9663,1780936884021.021,1942,2,599616013059.5048,1138.5030517578125
2,599616013597.9663,1780936884021.025,12537,3,599616013067.197,1146.1953125
2,599616013597.9663,1780936884021.027,1572,4,599616013074.8894,1153.8876953125
2,599616013597.9663,1780936884021.03,7729,5,599616013082.5817,1161.5799560546875
2,599616013597.9663,1780936884021.032,9769,6,599616013090.274,1169.2723388671875
2,599616013597.9663,1780936884021.034,123,7,599616013097.9663,1176.964599609375
2,599616013597.9663,1780936884021.037,12007,8,599616013105.6586,1184.6568603515625
2,599616013597.9663,1780936884021.039,4105,9,599616013113.351,1192.3492431640625
2,599616013597.9663,1780936884021.041,4449,10,599616013121.0432,1200.04150390625
2,599616013597.9663,1780936884021.043,11482,11,599616013128.7356,1207.73388671875
2,599616013597.9663,1780936884021.045,-223,12,599616013136.4279,1215.4261474609375
2,599616013597.9663,1780936884021.047,10062,13,599616013144.1201,1223.118408203125
2,599616013597.9663,1780936884021.049,6946,14,599616013151.8125,1230.810791015625
2,599616013597.9663,1780936884021.051,1549,15,599616013159.5048,1238.5030517578125
2,599616013597.9663,1780936884021.053,12246,16,599616013167.197,1246.1953125
2,599616013597.9663,1780936884021.057,1245,17,599616013174.8894,1253.8876953125
2,599616013597.9663,1780936884021.059,7167,18,599616013182.5817,1261.5799560546875
2,599616013597.9663,1780936884021.061,9465,19,599616013190.274,1269.2723388671875
2,599616013597.9663,1780936884021.063,-195,20,599616013197.9663,1276.964599609375
2,599616013597.9663,1780936884021.065,11712,21,599616013205.6586,1284.6568603515625
2,599616013597.9663,1780936884021.067,3833,22,599616013213.351,1292.3492431640625
2,599616013597.9663,1780936884021.069,3982,23,599616013221.0432,1300.04150390625
2,599616013597.9663,1780936884021.071,11261,24,599616013228.7356,1307.73388671875
2,599616013597.9663,1780936884021.073,-406,25,599616013236.4279,1315.4261474609375
2,599616013597.9663,1780936884021.08,9818,26,599616013244.1201,1323.118408203125
2,599616013597.9663,1780936884021.083,6758,27,599616013251.8125,1330.810791015625
2,599616013597.9663,1780936884021.085,1152,28,599616013259.5048,1338.5030517578125
2,599616013597.9663,1780936884021.087,12016,29,599616013267.197,1346.1953125
2,599616013597.9663,1780936884021.089,1080,30,599616013274.8894,1353.8876953125
2,599616013597.9663,1780936884021.091,6942,31,599616013282.5817,1361.5799560546875
2,599616013597.9663,1780936884021.0928,9349,32,599616013290.274,1369.2723388671875
2,599616013597.9663,1780936884021.095,-631,33,599616013297.9663,1376.964599609375
2,599616013597.9663,1780936884021.097,11393,34,599616013305.6586,1384.6568603515625
2,599616013597.9663,1780936884021.121,3696,35,599616013313.351,1392.3492431640625
2,599616013597.9663,1780936884021.1301,3612,36,599616013321.0432,1400.04150390625
2,599616013597.9663,1780936884021.133,11133,37,599616013328.7356,1407.73388671875
2,599616013597.9663,1780936884021.136,-701,38,599616013336.4279,1415.4261474609375
2,599616013597.9663,1780936884021.139,9302,39,599616013344.1201,1423.118408203125
2,599616013597.9663,1780936884021.142,6514,40,599616013351.8125,1430.810791015625
2,599616013597.9663,1780936884021.145,780,41,599616013359.5048,1438.5030517578125
2,599616013597.9663,1780936884021.148,11707,42,599616013367.197,1446.1953125
2,599616013597.9663,1780936884021.1501,808,43,599616013374.8894,1453.8876953125
2,599616013597.9663,1780936884021.152,6563,44,599616013382.5817,1461.5799560546875
2,599616013597.9663,1780936884021.155,9200,45,599616013390.274,1469.2723388671875
2,599616013597.9663,1780936884021.157,-952,46,599616013397.9663,1476.964599609375
2,599616013597.9663,1780936884021.159,11003,47,599616013405.6586,1484.6568603515625
2,599616013597.9663,1780936884021.1611,3396,48,599616013413.351,1492.3492431640625
2,599616013597.9663,1780936884021.163,3210,49,599616013421.0432,1500.04150390625
2,599616013597.9663,1780936884021.168,10973,50,599616013428.7356,1507.73388671875
2,599616013597.9663,1780936884021.17,-910,51,599616013436.4279,1515.4261474609375
2,599616013597.9663,1780936884021.172,9063,52,599616013444.1201,1523.118408203125
2,599616013597.9663,1780936884021.174,6396,53,599616013451.8125,1530.810791015625
2,599616013597.9663,1780936884021.176,392,54,599616013459.5048,1538.5030517578125
2,599616013597.9663,1780936884021.179,11519,55,599616013467.197,1546.1953125
2,599616013597.9663,1780936884021.1821,638,56,599616013474.8894,1553.8876953125
2,599616013597.9663,1780936884021.184,6131,57,599616013482.5817,1561.5799560546875
2,599616013597.9663,1780936884021.186,8947,58,599616013490.274,1569.2723388671875
2,599616013597.9663,1780936884021.188,-1340,59,599616013497.9663,1576.964599609375
2,599616013597.9663,1780936884021.19,10771,60,599616013505.6586,1584.6568603515625
2,599616013597.9663,1780936884021.2668,3341,61,599616013513.351,1592.3492431640625
2,599616013597.9663,1780936884021.27,2832,62,599616013521.0432,1600.04150390625
2,599616013597.9663,1780936884021.272,10736,63,599616013528.7356,1607.73388671875
2,599616013597.9663,1780936884021.2742,-1189,64,599616013536.4279,1615.4261474609375
2,599616013597.9663,1780936884021.276,8726,65,599616013544.1201,1623.118408203125
2,599616013597.9663,1780936884021.2778,6270,66,599616013551.8125,1630.810791015625
2,599616013597.9663,1780936884021.28,53,67,599616013559.5048,1638.5030517578125
2,599616013597.9663,1780936884021.282,11305,68,599616013567.197,1646.1953125
2,599616013597.9663,1780936884021.2852,455,69,599616013574.8894,1653.8876953125
2,599616013597.9663,1780936884021.2869,5738,70,599616013582.5817,1661.5799560546875
2,599616013597.9663,1780936884021.289,8875,71,599616013590.274,1669.2723388671875
2,599616013597.9663,1780936884021.291,-1477,72,599616013597.9663,1676.964599609375
3,599616014159.528,1780936884605.795,10522,0,599616013605.6818,1684.6800537109375
3,599616014159.528,1780936884605.804,3178,1,599616013613.3741,1692.3724365234375
3,599616014159.528,1780936884605.8071,2499,2,599616013621.0664,1700.064697265625
3,599616014159.528,1780936884605.8098,10541,3,599616013628.7587,1707.7569580078125
3,599616014159.528,1780936884605.813,-1459,4,599616013636.451,1715.4493408203125
3,599616014159.528,1780936884605.815,8380,5,599616013644.1433,1723.1416015625
3,599616014159.528,1780936884605.8171,6071,6,599616013651.8357,1730.833984375
3,599616014159.528,1780936884605.819,-334,7,599616013659.528,1738.5262451171875
3,599616014159.528,1780936884605.822,11098,8,599616013667.2202,1746.218505859375
3,599616014159.528,1780936884605.824,262,9,599616013674.9126,1753.910888671875
3,599616014159.528,1780936884605.826,5318,10,599616013682.6049,1761.6031494140625
3,599616014159.528,1780936884605.8281,8724,11,599616013690.2972,1769.2955322265625
3,599616014159.528,1780936884605.8298,-1716,12,599616013697.9895,1776.98779296875
3,599616014159.528,1780936884605.833,10246,13,599616013705.6818,1784.6800537109375
3,599616014159.528,1780936884605.836,3025,14,599616013713.3741,1792.3724365234375
3,599616014159.528,1780936884605.839,2156,15,599616013721.0664,1800.064697265625
3,599616014159.528,1780936884605.8408,10404,16,599616013728.7587,1807.7569580078125
3,599616014159.528,1780936884605.843,-1600,17,599616013736.451,1815.4493408203125
3,599616014159.528,1780936884605.846,8129,18,599616013744.1433,1823.1416015625
3,599616014159.528,1780936884605.8481,6029,19,599616013751.8357,1830.833984375
3,599616014159.528,1780936884605.85,-601,20,599616013759.528,1838.5262451171875
3,599616014159.528,1780936884605.8518,10861,21,599616013767.2202,1846.218505859375
3,599616014159.528,1780936884605.855,137,22,599616013774.9126,1853.910888671875
3,599616014159.528,1780936884605.857,5048,23,599616013782.6049,1861.6031494140625
3,599616014159.528,1780936884605.8591,8568,24,599616013790.2972,1869.2955322265625
3,599616014159.528,1780936884605.8608,-2053,25,599616013797.9895,1876.98779296875
3,599616014159.528,1780936884605.8691,9920,26,599616013805.6818,1884.6800537109375
3,599616014159.528,1780936884605.8708,2869,27,599616013813.3741,1892.3724365234375
3,599616014159.528,1780936884605.874,1826,28,599616013821.0664,1900.064697265625
3,599616014159.528,1780936884605.877,10246,29,599616013828.7587,1907.7569580078125
3,599616014159.528,1780936884605.8792,-1833,30,599616013836.451,1915.4493408203125
3,599616014159.528,1780936884605.8809,7801,31,599616013844.1433,1923.1416015625
3,599616014159.528,1780936884605.8828,5903,32,599616013851.8357,1930.833984375
3,599616014159.528,1780936884605.886,-927,33,599616013859.528,1938.5262451171875
3,599616014159.528,1780936884605.888,10634,34,599616013867.2202,1946.218505859375
3,599616014159.528,1780936884605.8909,-58,35,599616013874.9126,1953.910888671875
3,599616014159.528,1780936884605.8928,4681,36,599616013882.6049,1961.6031494140625
3,599616014159.528,1780936884605.895,8454,37,599616013890.2972,1969.2955322265625
3,599616014159.528,1780936884605.897,-2304,38,599616013897.9895,1976.98779296875
3,599616014159.528,1780936884605.9001,9644,39,599616013905.6818,1984.6800537109375
3,599616014159.528,1780936884605.9019,2720,40,599616013913.3741,1992.3724365234375
3,599616014159.528,1780936884605.904,1433,41,599616013921.0664,2000.064697265625
3,599616014159.528,1780936884605.906,10064,42,599616013928.7587,2007.7569580078125
3,599616014159.528,1780936884605.9092,-2007,43,599616013936.451,2015.4493408203125
3,599616014159.528,1780936884605.9111,7455,44,599616013944.1433,2023.1416015625
3,599616014159.528,1780936884605.9128,5715,45,599616013951.8357,2030.833984375
3,599616014159.528,1780936884605.915,-1331,46,599616013959.528,2038.5262451171875
3,599616014159.528,1780936884605.917,10327,47,599616013967.2202,2046.218505859375
3,599616014159.528,1780936884605.9202,-195,48,599616013974.9126,2053.910888671875
3,599616014159.528,1780936884605.9219,4363,49,599616013982.6049,2061.6031494140625
3,599616014159.528,1780936884605.9238,8289,50,599616013990.2972,2069.2955322265625
3,599616014159.528,1780936884605.926,-2523,51,599616013997.9895,2076.98779296875
3,599616014159.528,1780936884605.929,9474,52,599616014005.6818,2084.6800537109375
3,599616014159.528,1780936884605.9312,2632,53,599616014013.3741,2092.3724365234375
3,599616014159.528,1780936884605.9329,1080,54,599616014021.0664,2100.064697265625
3,599616014159.528,1780936884605.935,9932,55,599616014028.7587,2107.7569580078125
3,599616014159.528,1780936884605.938,-2151,56,599616014036.451,2115.4493408203125
3,599616014159.528,1780936884605.9402,7170,57,599616014044.1433,2123.1416015625
3,599616014159.528,1780936884605.942,5666,58,599616014051.8357,2130.833984375
3,599616014159.528,1780936884605.945,-1493,59,599616014059.528,2138.5262451171875
3,599616014159.528,1780936884605.947,10257,60,599616014067.2202,2146.218505859375
3,599616014159.528,1780936884605.949,-309,61,599616014074.9126,2153.910888671875
3,599616014159.528,1780936884605.9512,3989,62,599616014082.6049,2161.6031494140625
3,599616014159.528,1780936884605.953,8201,63,599616014090.2972,2169.2955322265625
3,599616014159.528,1780936884605.956,-2674,64,599616014097.9895,2176.98779296875
3,599616014159.528,1780936884605.958,9277,65,599616014105.6818,2184.6800537109375
3,599616014159.528,1780936884605.96,2576,66,599616014113.3741,2192.3724365234375
3,599616014159.528,1780936884605.9622,741,67,599616014121.0664,2200.064697265625
3,599616014159.528,1780936884605.9648,9749,68,599616014128.7587,2207.7569580078125
3,599616014159.528,1780936884605.967,-2235,69,599616014136.451,2215.4493408203125
3,599616014159.528,1780936884605.969,6967,70,599616014144.1433,2223.1416015625
3,599616014159.528,1780936884605.9722,5636,71,599616014151.8357,2230.833984375
3,599616014159.528,1780936884605.9739,-1654,72,599616014159.528,2238.5262451171875
4,599616014721.0897,1780936885146.865,10176,0,599616014167.2435,2246.2418212890625
4,599616014721.0897,1780936885146.883,-329,1,599616014174.9359,2253.9342041015625
4,599616014721.0897,1780936885146.888,3798,2,599616014182.6282,2261.62646484375
4,599616014721.0897,1780936885146.893,8208,3,599616014190.3204,2269.3187255859375
4,599616014721.0897,1780936885146.898,-2822,4,599616014198.0128,2277.0111083984375
4,599616014721.0897,1780936885146.904,9091,5,599616014205.7051,2284.703369140625
4,599616014721.0897,1780936885146.908,2616,6,599616014213.3975,2292.395751953125
4,599616014721.0897,1780936885146.919,643,7,599616014221.0897,2300.0880126953125
4,599616014721.0897,1780936885146.923,9769,8,599616014228.782,2307.7802734375
4,599616014721.0897,1780936885146.927,-2348,9,599616014236.4744,2315.47265625
4,599616014721.0897,1780936885146.931,6733,10,599616014244.1666,2323.1649169921875
4,599616014721.0897,1780936885146.936,5666,11,599616014251.859,2330.8572998046875
4,599616014721.0897,1780936885146.94,-1926,12,599616014259.5513,2338.549560546875
4,599616014721.0897,1780936885146.944,9918,13,599616014267.2435,2346.2418212890625
4,599616014721.0897,1780936885146.948,-367,14,599616014274.9359,2353.9342041015625
4,599616014721.0897,1780936885146.952,3564,15,599616014282.6282,2361.62646484375
4,599616014721.0897,1780936885146.956,8136,16,599616014290.3204,2369.3187255859375
4,599616014721.0897,1780936885146.963,-2966,17,599616014298.0128,2377.0111083984375
4,599616014721.0897,1780936885146.967,8882,18,599616014305.7051,2384.703369140625
4,599616014721.0897,1780936885146.971,2558,19,599616014313.3975,2392.395751953125
4,599616014721.0897,1780936885146.975,415,20,599616014321.0897,2400.0880126953125
4,599616014721.0897,1780936885146.979,9721,21,599616014328.782,2407.7802734375
4,599616014721.0897,1780936885146.983,-2414,22,599616014336.4744,2415.47265625
4,599616014721.0897,1780936885146.987,6505,23,599616014344.1666,2423.1649169921875
4,599616014721.0897,1780936885146.991,5638,24,599616014351.859,2430.8572998046875
4,599616014721.0897,1780936885146.995,-2056,25,599616014359.5513,2438.549560546875
4,599616014721.0897,1780936885146.9988,9916,26,599616014367.2435,2446.2418212890625
4,599616014721.0897,1780936885147.003,-364,27,599616014374.9359,2453.9342041015625
4,599616014721.0897,1780936885147.007,3313,28,599616014382.6282,2461.62646484375
4,599616014721.0897,1780936885147.011,8120,29,599616014390.3204,2469.3187255859375
4,599616014721.0897,1780936885147.0151,-3111,30,599616014398.0128,2477.0111083984375
4,599616014721.0897,1780936885147.0188,8691,31,599616014405.7051,2484.703369140625
4,599616014721.0897,1780936885147.023,2546,32,599616014413.3975,2492.395751953125
4,599616014721.0897,1780936885147.027,148,33,599616014421.0897,2500.0880126953125
4,599616014721.0897,1780936885147.031,9625,34,599616014428.782,2507.7802734375
4,599616014721.0897,1780936885147.035,-2560,35,599616014436.4744,2515.47265625
4,599616014721.0897,1780936885147.0388,6103,36,599616014444.1666,2523.1649169921875
4,599616014721.0897,1780936885147.044,5555,37,599616014451.859,2530.8572998046875
4,599616014721.0897,1780936885147.047,-2207,38,599616014459.5513,2538.549560546875
4,599616014721.0897,1780936885147.052,9760,39,599616014467.2435,2546.2418212890625
4,599616014721.0897,1780936885147.0562,-499,40,599616014474.9359,2553.9342041015625
4,599616014721.0897,1780936885147.0598,2943,41,599616014482.6282,2561.62646484375
4,599616014721.0897,1780936885147.064,8038,42,599616014490.3204,2569.3187255859375
4,599616014721.0897,1780936885147.068,-3222,43,599616014498.0128,2577.0111083984375
4,599616014721.0897,1780936885147.072,8487,44,599616014505.7051,2584.703369140625
4,599616014721.0897,1780936885147.076,2502,45,599616014513.3975,2592.395751953125
4,599616014721.0897,1780936885147.0798,-113,46,599616014521.0897,2600.0880126953125
4,599616014721.0897,1780936885147.084,9509,47,599616014528.782,2607.7802734375
4,599616014721.0897,1780936885147.0881,-2567,48,599616014536.4744,2615.47265625
4,599616014721.0897,1780936885147.092,6015,49,599616014544.1666,2623.1649169921875
4,599616014721.0897,1780936885147.096,5562,50,599616014551.859,2630.8572998046875
4,599616014721.0897,1780936885147.0999,-2446,51,599616014559.5513,2638.549560546875
4,599616014721.0897,1780936885147.104,9660,52,599616014567.2435,2646.2418212890625
4,599616014721.0897,1780936885147.1082,-420,53,599616014574.9359,2653.9342041015625
4,599616014721.0897,1780936885147.1118,2802,54,599616014582.6282,2661.62646484375
4,599616014721.0897,1780936885147.117,8038,55,599616014590.3204,2669.3187255859375
4,599616014721.0897,1780936885147.1208,-3373,56,599616014598.0128,2677.0111083984375
4,599616014721.0897,1780936885147.125,8280,57,599616014605.7051,2684.703369140625
4,599616014721.0897,1780936885147.1292,2548,58,599616014613.3975,2692.395751953125
4,599616014721.0897,1780936885147.133,-267,59,599616014621.0897,2700.0880126953125
4,599616014721.0897,1780936885147.137,9463,60,599616014628.782,2707.7802734375
4,599616014721.0897,1780936885147.1428,-2520,61,599616014636.4744,2715.47265625
4,599616014721.0897,1780936885147.147,5913,62,599616014644.1666,2723.1649169921875
4,599616014721.0897,1780936885147.151,5617,63,599616014651.859,2730.8572998046875
4,599616014721.0897,1780936885147.155,-2525,64,599616014659.5513,2738.549560546875
4,599616014721.0897,1780936885147.1592,9591,65,599616014667.2435,2746.2418212890625
4,599616014721.0897,1780936885147.1628,-348,66,599616014674.9359,2753.9342041015625
4,599616014721.0897,1780936885147.167,2725,67,599616014682.6282,2761.62646484375
4,599616014721.0897,1780936885147.171,8106,68,599616014690.3204,2769.3187255859375
4,599616014721.0897,1780936885147.175,-3336,69,599616014698.0128,2777.0111083984375
4,599616014721.0897,1780936885147.179,8285,70,599616014705.7051,2784.703369140625
4,599616014721.0897,1780936885147.1829,2648,71,599616014713.3975,2792.395751953125
4,599616014721.0897,1780936885147.187,-383,72,599616014721.0897,2800.0880126953125
5,599616015282.6515,1780936885687.0068,9502,0,599616014728.8053,2807.8035888671875
5,599616015282.6515,1780936885687.0178,-2527,1,599616014736.4977,2815.4959716796875
5,599616015282.6515,1780936885687.021,5729,2,599616014744.19,2823.188232421875
5,599616015282.6515,1780936885687.0242,5669,3,599616014751.8822,2830.8804931640625
5,599616015282.6515,1780936885687.0269,-2688,4,599616014759.5746,2838.5728759765625
5,599616015282.6515,1780936885687.03,9465,5,599616014767.2668,2846.26513671875
5,599616015282.6515,1780936885687.032,-311,6,599616014774.9592,2853.95751953125
5,599616015282.6515,1780936885687.0352,2541,7,599616014782.6515,2861.6497802734375
5,599616015282.6515,1780936885687.0378,8108,8,599616014790.3438,2869.342041015625
5,599616015282.6515,1780936885687.04,-3452,9,599616014798.0361,2877.034423828125
5,599616015282.6515,1780936885687.043,8036,10,599616014805.7284,2884.7266845703125
5,599616015282.6515,1780936885687.0452,2646,11,599616014813.4208,2892.4190673828125
5,599616015282.6515,1780936885687.0479,-536,12,599616014821.113,2900.111328125
5,599616015282.6515,1780936885687.051,9426,13,599616014828.8053,2907.8035888671875
5,599616015282.6515,1780936885687.053,-2637,14,599616014836.4977,2915.4959716796875
5,599616015282.6515,1780936885687.0562,5434,15,599616014844.19,2923.188232421875
5,599616015282.6515,1780936885687.0588,5648,16,599616014851.8822,2930.8804931640625
5,599616015282.6515,1780936885687.0771,-2774,17,599616014859.5746,2938.5728759765625
5,599616015282.6515,1780936885687.0798,9372,18,599616014867.2668,2946.26513671875
5,599616015282.6515,1780936885687.082,-404,19,599616014874.9592,2953.95751953125
5,599616015282.6515,1780936885687.085,2246,20,599616014882.6515,2961.6497802734375
5,599616015282.6515,1780936885687.088,8059,21,599616014890.3438,2969.342041015625
5,599616015282.6515,1780936885687.092,-3619,22,599616014898.0361,2977.034423828125
5,599616015282.6515,1780936885687.094,7804,23,599616014905.7284,2984.7266845703125
5,599616015282.6515,1780936885687.0972,2499,24,599616014913.4208,2992.4190673828125
5,599616015282.6515,1780936885687.0999,-1017,25,599616014921.113,3000.111328125
5,599616015282.6515,1780936885687.103,9249,26,599616014928.8053,3007.8035888671875
5,599616015282.6515,1780936885687.106,-2692,27,599616014936.4977,3015.4959716796875
5,599616015282.6515,1780936885687.109,5153,28,599616014944.19,3023.188232421875
5,599616015282.6515,1780936885687.112,5566,29,599616014951.8822,3030.8804931640625
5,599616015282.6515,1780936885687.115,-3039,30,599616014959.5746,3038.5728759765625
5,599616015282.6515,1780936885687.1182,9179,31,599616014967.2668,3046.26513671875
5,599616015282.6515,1780936885687.1208,-490,32,599616014974.9592,3053.95751953125
5,599616015282.6515,1780936885687.123,1884,33,599616014982.6515,3061.6497802734375
5,599616015282.6515,1780936885687.126,7973,34,599616014990.3438,3069.342041015625
5,599616015282.6515,1780936885687.129,-3740,35,599616014998.0361,3077.034423828125
5,599616015282.6515,1780936885687.134,7588,36,599616015005.7284,3084.7266845703125
5,599616015282.6515,1780936885687.137,2525,37,599616015013.4208,3092.4190673828125
5,599616015282.6515,1780936885687.14,-1261,38,599616015021.113,3100.111328125
5,599616015282.6515,1780936885687.143,9061,39,599616015028.8053,3107.8035888671875
5,599616015282.6515,1780936885687.146,-2769,40,599616015036.4977,3115.4959716796875
5,599616015282.6515,1780936885687.1482,4953,41,599616015044.19,3123.188232421875
5,599616015282.6515,1780936885687.151,5527,42,599616015051.8822,3130.8804931640625
5,599616015282.6515,1780936885687.154,-3262,43,599616015059.5746,3138.5728759765625
5,599616015282.6515,1780936885687.157,9056,44,599616015067.2668,3146.26513671875
5,599616015282.6515,1780936885687.16,-453,45,599616015074.9592,3153.95751953125
5,599616015282.6515,1780936885687.163,1607,46,599616015082.6515,3161.6497802734375
5,599616015282.6515,1780936885687.166,7825,47,599616015090.3438,3169.342041015625
5,599616015282.6515,1780936885687.168,-3914,48,599616015098.0361,3177.034423828125
5,599616015282.6515,1780936885687.171,7369,49,599616015105.7284,3184.7266845703125
5,599616015282.6515,1780936885687.174,2499,50,599616015113.4208,3192.4190673828125
5,599616015282.6515,1780936885687.177,-1459,51,599616015121.113,3200.111328125
5,599616015282.6515,1780936885687.18,8989,52,599616015128.8053,3207.8035888671875
5,599616015282.6515,1780936885687.182,-2915,53,599616015136.4977,3215.4959716796875
5,599616015282.6515,1780936885687.185,4649,54,599616015144.19,3223.188232421875
5,599616015282.6515,1780936885687.188,5506,55,599616015151.8822,3230.8804931640625
5,599616015282.6515,1780936885687.191,-3496,56,599616015159.5746,3238.5728759765625
5,599616015282.6515,1780936885687.194,8838,57,599616015167.2668,3246.26513671875
5,599616015282.6515,1780936885687.197,-483,58,599616015174.9592,3253.95751953125
5,599616015282.6515,1780936885687.1992,1410,59,599616015182.6515,3261.6497802734375
5,599616015282.6515,1780936885687.202,7846,60,599616015190.3438,3269.342041015625
5,599616015282.6515,1780936885687.207,-4042,61,599616015198.0361,3277.034423828125
5,599616015282.6515,1780936885687.209,7123,62,599616015205.7284,3284.7266845703125
5,599616015282.6515,1780936885687.212,2555,63,599616015213.4208,3292.4190673828125
5,599616015282.6515,1780936885687.215,-1582,64,599616015221.113,3300.111328125
5,599616015282.6515,1780936885687.217,8954,65,599616015228.8053,3307.8035888671875
5,599616015282.6515,1780936885687.2202,-2908,66,599616015236.4977,3315.4959716796875
5,599616015282.6515,1780936885687.223,4453,67,599616015244.19,3323.188232421875
5,599616015282.6515,1780936885687.226,5536,68,599616015251.8822,3330.8804931640625
5,599616015282.6515,1780936885687.229,-3629,69,599616015259.5746,3338.5728759765625
5,599616015282.6515,1780936885687.232,8670,70,599616015267.2668,3346.26513671875
5,599616015282.6515,1780936885687.234,-490,71,599616015274.9592,3353.95751953125
5,599616015282.6515,1780936885687.237,1215,72,599616015282.6515,3361.6497802734375
6,599616015844.2183,1780936886273.324,7846,0,599616015290.3721,3369.370361328125
6,599616015844.2183,1780936886273.35,-4040,1,599616015298.0645,3377.062744140625
6,599616015844.2183,1780936886273.353,7044,2,599616015305.7567,3384.7550048828125
6,599616015844.2183,1780936886273.356,2578,3,599616015313.449,3392.447265625
6,599616015844.2183,1780936886273.3591,-1789,4,599616015321.1414,3400.1396484375
6,599616015844.2183,1780936886273.3618,8896,5,599616015328.8336,3407.8319091796875
6,599616015844.2183,1780936886273.366,-3015,6,599616015336.526,3415.5242919921875
6,599616015844.2183,1780936886273.3691,4140,7,599616015344.2183,3423.216552734375
6,599616015844.2183,1780936886273.371,5566,8,599616015351.9105,3430.9088134765625
6,599616015844.2183,1780936886273.374,-3691,9,599616015359.6029,3438.6011962890625
6,599616015844.2183,1780936886273.377,8582,10,599616015367.2952,3446.29345703125
6,599616015844.2183,1780936886273.3801,-501,11,599616015374.9875,3453.98583984375
6,599616015844.2183,1780936886273.3828,957,12,599616015382.6798,3461.6781005859375
6,599616015844.2183,1780936886273.385,7801,13,599616015390.3721,3469.370361328125
6,599616015844.2183,1780936886273.388,-4151,14,599616015398.0645,3477.062744140625
6,599616015844.2183,1780936886273.391,6840,15,599616015405.7567,3484.7550048828125
6,599616015844.2183,1780936886273.394,2602,16,599616015413.449,3492.447265625
6,599616015844.2183,1780936886273.396,-1953,17,599616015421.1414,3500.1396484375
6,599616015844.2183,1780936886273.3992,8903,18,599616015428.8336,3507.8319091796875
6,599616015844.2183,1780936886273.405,-2948,19,599616015436.526,3515.5242919921875
6,599616015844.2183,1780936886273.407,3945,20,599616015444.2183,3523.216552734375
6,599616015844.2183,1780936886273.4102,5532,21,599616015451.9105,3530.9088134765625
6,599616015844.2183,1780936886273.4128,-3852,22,599616015459.6029,3538.6011962890625
6,599616015844.2183,1780936886273.415,8485,23,599616015467.2952,3546.29345703125
6,599616015844.2183,1780936886273.418,-476,24,599616015474.9875,3553.98583984375
6,599616015844.2183,1780936886273.4211,720,25,599616015482.6798,3561.6781005859375
6,599616015844.2183,1780936886273.4238,7785,26,599616015490.3721,3569.370361328125
6,599616015844.2183,1780936886273.427,-4212,27,599616015498.0645,3577.062744140625
6,599616015844.2183,1780936886273.429,6637,28,599616015505.7567,3584.7550048828125
6,599616015844.2183,1780936886273.4321,2585,29,599616015513.449,3592.447265625
6,599616015844.2183,1780936886273.435,-2207,30,599616015521.1414,3600.1396484375
6,599616015844.2183,1780936886273.438,8749,31,599616015528.8336,3607.8319091796875
6,599616015844.2183,1780936886273.44,-3018,32,599616015536.526,3615.5242919921875
6,599616015844.2183,1780936886273.4429,3738,33,599616015544.2183,3623.216552734375
6,599616015844.2183,1780936886273.446,5569,34,599616015551.9105,3630.9088134765625
6,599616015844.2183,1780936886273.449,-4063,35,599616015559.6029,3638.6011962890625
6,599616015844.2183,1780936886273.4521,8187,36,599616015567.2952,3646.29345703125
6,599616015844.2183,1780936886273.4539,-631,37,599616015574.9875,3653.98583984375
6,599616015844.2183,1780936886273.457,306,38,599616015582.6798,3661.6781005859375
6,599616015844.2183,1780936886273.46,7602,39,599616015590.3721,3669.370361328125
6,599616015844.2183,1780936886273.4622,-4405,40,599616015598.0645,3677.062744140625
6,599616015844.2183,1780936886273.4648,6352,41,599616015605.7567,3684.7550048828125
6,599616015844.2183,1780936886273.468,2581,42,599616015613.449,3692.447265625
6,599616015844.2183,1780936886273.4712,-2420,43,599616015621.1414,3700.1396484375
6,599616015844.2183,1780936886273.4731,8584,44,599616015628.8336,3707.8319091796875
6,599616015844.2183,1780936886273.4758,-3118,45,599616015636.526,3715.5242919921875
6,599616015844.2183,1780936886273.479,3492,46,599616015644.2183,3723.216552734375
6,599616015844.2183,1780936886273.4958,5552,47,599616015651.9105,3730.9088134765625
6,599616015844.2183,1780936886273.507,-4196,48,599616015659.6029,3738.6011962890625
6,599616015844.2183,1780936886273.511,8101,49,599616015667.2952,3746.29345703125
6,599616015844.2183,1780936886273.514,-525,50,599616015674.9875,3753.98583984375
6,599616015844.2183,1780936886273.5168,255,51,599616015682.6798,3761.6781005859375
6,599616015844.2183,1780936886273.521,7706,52,599616015690.3721,3769.370361328125
6,599616015844.2183,1780936886273.5232,-4423,53,599616015698.0645,3777.062744140625
6,599616015844.2183,1780936886273.526,6238,54,599616015705.7567,3784.7550048828125
6,599616015844.2183,1780936886273.535,2685,55,599616015713.449,3792.447265625
6,599616015844.2183,1780936886273.603,-2560,56,599616015721.1414,3800.1396484375
6,599616015844.2183,1780936886273.606,8580,57,599616015728.8336,3807.8319091796875
6,599616015844.2183,1780936886273.609,-3066,58,599616015736.526,3815.5242919921875
6,599616015844.2183,1780936886273.611,3245,59,599616015744.2183,3823.216552734375
6,599616015844.2183,1780936886273.677,5573,60,599616015751.9105,3830.9088134765625
6,599616015844.2183,1780936886273.681,-4233,61,599616015759.6029,3838.6011962890625
6,599616015844.2183,1780936886273.717,8011,62,599616015767.2952,3846.29345703125
6,599616015844.2183,1780936886273.731,-457,63,599616015774.9875,3853.98583984375
6,599616015844.2183,1780936886273.7688,125,64,599616015782.6798,3861.6781005859375
6,599616015844.2183,1780936886273.7761,7729,65,599616015790.3721,3869.370361328125
6,599616015844.2183,1780936886273.7788,-4470,66,599616015798.0645,3877.062744140625
6,599616015844.2183,1780936886273.782,6068,67,599616015805.7567,3884.7550048828125
6,599616015844.2183,1780936886273.7852,2718,68,599616015813.449,3892.447265625
6,599616015844.2183,1780936886273.787,-2720,69,599616015821.1414,3900.1396484375
6,599616015844.2183,1780936886273.7898,8566,70,599616015828.8336,3907.8319091796875
6,599616015844.2183,1780936886273.792,-2997,71,599616015836.526,3915.5242919921875
6,599616015844.2183,1780936886273.795,3113,72,599616015844.2183,3923.216552734375
7,599616016405.785,1780936886812.881,5599,0,599616015851.9388,3930.9371337890625
7,599616016405.785,1780936886812.885,-4484,1,599616015859.6312,3938.6295166015625
7,599616016405.785,1780936886812.887,7797,2,599616015867.3235,3946.32177734375
7,599616016405.785,1780936886812.905,-385,3,599616015875.0157,3954.0140380859375
7,599616016405.785,1780936886812.9111,-123,4,599616015882.7081,3961.7064208984375
7,599616016405.785,1780936886812.915,7634,5,599616015890.4004,3969.398681640625
7,599616016405.785,1780936886812.918,-4488,6,599616015898.0928,3977.091064453125
7,599616016405.785,1780936886812.922,5936,7,599616015905.785,3984.7833251953125
7,599616016405.785,1780936886812.925,2723,8,599616015913.4773,3992.4755859375
7,599616016405.785,1780936886812.928,-3041,9,599616015921.1697,4000.16796875
7,599616016405.785,1780936886812.9321,8357,10,599616015928.8619,4007.8602294921875
7,599616016405.785,1780936886812.935,-2957,11,599616015936.5543,4015.5526123046875
7,599616016405.785,1780936886812.938,2960,12,599616015944.2466,4023.244873046875
7,599616016405.785,1780936886812.94,5599,13,599616015951.9388,4030.9371337890625
7,599616016405.785,1780936886812.9421,-4495,14,599616015959.6312,4038.6295166015625
7,599616016405.785,1780936886812.9438,7818,15,599616015967.3235,4046.32177734375
7,599616016405.785,1780936886812.946,-376,16,599616015975.0157,4054.0140380859375
7,599616016405.785,1780936886812.949,-381,17,599616015982.7081,4061.7064208984375
7,599616016405.785,1780936886812.9512,7634,18,599616015990.4004,4069.398681640625
7,599616016405.785,1780936886812.953,-4607,19,599616015998.0928,4077.091064453125
7,599616016405.785,1780936886812.9548,5636,20,599616016005.785,4084.7833251953125
7,599616016405.785,1780936886812.957,2683,21,599616016013.4773,4092.4755859375
7,599616016405.785,1780936886812.96,-3222,22,599616016021.1697,4100.16796875
7,599616016405.785,1780936886812.9622,8341,23,599616016028.8619,4107.8602294921875
7,599616016405.785,1780936886813.0479,-2978,24,599616016036.5543,4115.5526123046875
7,599616016405.785,1780936886813.052,2681,25,599616016044.2466,4123.244873046875
7,599616016405.785,1780936886813.0542,5604,26,599616016051.9388,4130.9371337890625
7,599616016405.785,1780936886813.056,-4651,27,599616016059.6312,4138.6295166015625
7,599616016405.785,1780936886813.0579,7650,28,599616016067.3235,4146.32177734375
7,599616016405.785,1780936886813.06,-325,29,599616016075.0157,4154.0140380859375
7,599616016405.785,1780936886813.062,-569,30,599616016082.7081,4161.7064208984375
7,599616016405.785,1780936886813.065,7650,31,599616016090.4004,4169.398681640625
7,599616016405.785,1780936886813.067,-4649,32,599616016098.0928,4177.091064453125
7,599616016405.785,1780936886813.07,5420,33,599616016105.785,4184.7833251953125
7,599616016405.785,1780936886813.072,2820,34,599616016113.4773,4192.4755859375
7,599616016405.785,1780936886813.0742,-3215,35,599616016121.1697,4200.16796875
7,599616016405.785,1780936886813.076,8317,36,599616016128.8619,4207.8602294921875
7,599616016405.785,1780936886813.078,-3043,37,599616016136.5543,4215.5526123046875
7,599616016405.785,1780936886813.081,2476,38,599616016144.2466,4223.244873046875
7,599616016405.785,1780936886813.083,5764,39,599616016151.9388,4230.9371337890625
7,599616016405.785,1780936886813.097,-4711,40,599616016159.6312,4238.6295166015625
7,599616016405.785,1780936886813.104,7516,41,599616016167.3235,4246.32177734375
7,599616016405.785,1780936886813.112,-195,42,599616016175.0157,4254.0140380859375
7,599616016405.785,1780936886813.116,-764,43,599616016182.7081,4261.7064208984375
7,599616016405.785,1780936886813.118,7571,44,599616016190.4004,4269.398681640625
7,599616016405.785,1780936886813.121,-4632,45,599616016198.0928,4277.091064453125
7,599616016405.785,1780936886813.124,5318,46,599616016205.785,4284.7833251953125
7,599616016405.785,1780936886813.127,2827,47,599616016213.4773,4292.4755859375
7,599616016405.785,1780936886813.129,-3427,48,599616016221.1697,4300.16796875
7,599616016405.785,1780936886813.132,8275,49,599616016228.8619,4307.8602294921875
7,599616016405.785,1780936886813.134,-3006,50,599616016236.5543,4315.5526123046875
7,599616016405.785,1780936886813.137,2239,51,599616016244.2466,4323.244873046875
7,599616016405.785,1780936886813.139,5755,52,599616016251.9388,4330.9371337890625
7,599616016405.785,1780936886813.141,-4832,53,599616016259.6312,4338.6295166015625
7,599616016405.785,1780936886813.143,7358,54,599616016267.3235,4346.32177734375
7,599616016405.785,1780936886813.145,-234,55,599616016275.0157,4354.0140380859375
7,599616016405.785,1780936886813.147,-1064,56,599616016282.7081,4361.7064208984375
7,599616016405.785,1780936886813.149,7551,57,599616016290.4004,4369.398681640625
7,599616016405.785,1780936886813.151,-4637,58,599616016298.0928,4377.091064453125
7,599616016405.785,1780936886813.153,5132,59,599616016305.785,4384.7833251953125
7,599616016405.785,1780936886813.156,2881,60,599616016313.4773,4392.4755859375
7,599616016405.785,1780936886813.158,-3610,61,599616016321.1697,4400.16796875
7,599616016405.785,1780936886813.16,8180,62,599616016328.8619,4407.8602294921875
7,599616016405.785,1780936886813.162,-2960,63,599616016336.5543,4415.5526123046875
7,599616016405.785,1780936886813.164,2019,64,599616016344.2466,4423.244873046875
7,599616016405.785,1780936886813.166,5750,65,599616016351.9388,4430.9371337890625
7,599616016405.785,1780936886813.17,-4920,66,599616016359.6312,4438.6295166015625
7,599616016405.785,1780936886813.172,7246,67,599616016367.3235,4446.32177734375
7,599616016405.785,1780936886813.174,-134,68,599616016375.0157,4454.0140380859375
7,599616016405.785,1780936886813.176,-1161,69,599616016382.7081,4461.7064208984375
7,599616016405.785,1780936886813.178,7604,70,599616016390.4004,4469.398681640625
7,599616016405.785,1780936886813.245,-4716,71,599616016398.0928,4477.091064453125
7,599616016405.785,1780936886813.2588,4918,72,599616016405.785,4484.7833251953125
8,599616016967.3518,1780936887398.766,2990,0,599616016413.5056,4492.50390625
8,599616016967.3518,1780936887398.778,-3756,1,599616016421.198,4500.1962890625
8,599616016967.3518,1780936887398.78,8090,2,599616016428.8903,4507.8885498046875
8,599616016967.3518,1780936887398.783,-2936,3,599616016436.5825,4515.580810546875
8,599616016967.3518,1780936887398.7861,1819,4,599616016444.2749,4523.273193359375
8,599616016967.3518,1780936887398.788,5794,5,599616016451.9672,4530.9654541015625
8,599616016967.3518,1780936887398.791,-5144,6,599616016459.6595,4538.6578369140625
8,599616016967.3518,1780936887398.793,6926,7,599616016467.3518,4546.35009765625
8,599616016967.3518,1780936887398.795,-41,8,599616016475.0441,4554.0423583984375
8,599616016967.3518,1780936887398.802,-1270,9,599616016482.7365,4561.7347412109375
8,599616016967.3518,1780936887398.804,7590,10,599616016490.4287,4569.427001953125
8,599616016967.3518,1780936887398.8062,-4683,11,599616016498.1211,4577.119384765625
8,599616016967.3518,1780936887398.808,4804,12,599616016505.8134,4584.8116455078125
8,599616016967.3518,1780936887398.8098,3097,13,599616016513.5056,4592.50390625
8,599616016967.3518,1780936887398.812,-3852,14,599616016521.198,4600.1962890625
8,599616016967.3518,1780936887398.814,8052,15,599616016528.8903,4607.8885498046875
8,599616016967.3518,1780936887398.8162,-2855,16,599616016536.5825,4615.580810546875
8,599616016967.3518,1780936887398.8188,1684,17,599616016544.2749,4623.273193359375
8,599616016967.3518,1780936887398.821,5908,18,599616016551.9672,4630.9654541015625
8,599616016967.3518,1780936887398.823,-5032,19,599616016559.6595,4638.6578369140625
8,599616016967.3518,1780936887398.825,7005,20,599616016567.3518,4646.35009765625
8,599616016967.3518,1780936887398.8271,37,21,599616016575.0441,4654.0423583984375
8,599616016967.3518,1780936887398.829,-1475,22,599616016582.7365,4661.7347412109375
8,599616016967.3518,1780936887398.8308,7650,23,599616016590.4287,4669.427001953125
8,599616016967.3518,1780936887398.833,-4711,24,599616016598.1211,4677.119384765625
8,599616016967.3518,1780936887398.835,4598,25,599616016605.8134,4684.8116455078125
8,599616016967.3518,1780936887398.8372,3222,26,599616016613.5056,4692.50390625
8,599616016967.3518,1780936887398.8398,-3970,27,599616016621.198,4700.1962890625
8,599616016967.3518,1780936887398.842,7997,28,599616016628.8903,4707.8885498046875
8,599616016967.3518,1780936887398.844,-2778,29,599616016636.5825,4715.580810546875
8,599616016967.3518,1780936887398.852,1480,30,599616016644.2749,4723.273193359375
8,599616016967.3518,1780936887398.854,5945,31,599616016651.9672,4730.9654541015625
8,599616016967.3518,1780936887398.856,-5123,32,599616016659.6595,4738.6578369140625
8,599616016967.3518,1780936887398.8591,6893,33,599616016667.3518,4746.35009765625
8,599616016967.3518,1780936887398.8608,144,34,599616016675.0441,4754.0423583984375
8,599616016967.3518,1780936887398.863,-1700,35,599616016682.7365,4761.7347412109375
8,599616016967.3518,1780936887398.865,7683,36,599616016690.4287,4769.427001953125
8,599616016967.3518,1780936887398.867,-4635,37,599616016698.1211,4777.119384765625
8,599616016967.3518,1780936887398.8691,4442,38,599616016705.8134,4784.8116455078125
8,599616016967.3518,1780936887398.8708,3322,39,599616016713.5056,4792.50390625
8,599616016967.3518,1780936887398.873,-4149,40,599616016721.198,4800.1962890625
8,599616016967.3518,1780936887398.875,7943,41,599616016728.8903,4807.8885498046875
8,599616016967.3518,1780936887398.877,-2720,42,599616016736.5825,4815.580810546875
8,599616016967.3518,1780936887398.88,1157,43,599616016744.2749,4823.273193359375
8,599616016967.3518,1780936887398.8818,6008,44,599616016751.9672,4830.9654541015625
8,599616016967.3518,1780936887398.884,-5157,45,599616016759.6595,4838.6578369140625
8,599616016967.3518,1780936887398.886,6689,46,599616016767.3518,4846.35009765625
8,599616016967.3518,1780936887398.8882,113,47,599616016775.0441,4854.0423583984375
8,599616016967.3518,1780936887398.8901,-2074,48,599616016782.7365,4861.7347412109375
8,599616016967.3518,1780936887398.8918,7623,49,599616016790.4287,4869.427001953125
8,599616016967.3518,1780936887398.894,-4614,50,599616016798.1211,4877.119384765625
8,599616016967.3518,1780936887398.896,4151,51,599616016805.8134,4884.8116455078125
8,599616016967.3518,1780936887398.898,3371,52,599616016813.5056,4892.50390625
8,599616016967.3518,1780936887398.901,-4286,53,599616016821.198,4900.1962890625
8,599616016967.3518,1780936887398.9028,7722,54,599616016828.8903,4907.8885498046875
8,599616016967.3518,1780936887398.905,-2685,55,599616016836.5825,4915.580810546875
8,599616016967.3518,1780936887398.907,1040,56,599616016844.2749,4923.273193359375
8,599616016967.3518,1780936887398.9092,5989,57,599616016851.9672,4930.9654541015625
8,599616016967.3518,1780936887398.911,-5281,58,599616016859.6595,4938.6578369140625
8,599616016967.3518,1780936887398.9128,6579,59,599616016867.3518,4946.35009765625
8,599616016967.3518,1780936887398.915,281,60,599616016875.0441,4954.0423583984375
8,599616016967.3518,1780936887398.917,-2118,61,599616016882.7365,4961.7347412109375
8,599616016967.3518,1780936887398.9192,7627,62,599616016890.4287,4969.427001953125
8,599616016967.3518,1780936887398.9219,-4665,63,599616016898.1211,4977.119384765625
8,599616016967.3518,1780936887398.924,4005,64,599616016905.8134,4984.8116455078125
8,599616016967.3518,1780936887398.926,3466,65,599616016913.5056,4992.50390625
8,599616016967.3518,1780936887398.928,-4402,66,599616016921.198,5000.1962890625
8,599616016967.3518,1780936887398.9302,7741,67,599616016928.8903,5007.8885498046875
8,599616016967.3518,1780936887398.932,-2592,68,599616016936.5825,5015.580810546875
8,599616016967.3518,1780936887398.9338,820,69,599616016944.2749,5023.273193359375
8,599616016967.3518,1780936887398.936,6052,70,599616016951.9672,5030.9654541015625
8,599616016967.3518,1780936887398.938,-5404,71,599616016959.6595,5038.6578369140625
8,599616016967.3518,1780936887398.9402,6340,72,599616016967.3518,5046.35009765625
9,599616017528.8983,1780936888025.678,434,0,599616016975.0521,5054.0504150390625
9,599616017528.8983,1780936888025.692,-2239,1,599616016982.7445,5061.7427978515625
9,599616017528.8983,1780936888025.696,7569,2,599616016990.4368,5069.43505859375
9,599616017528.8983,1780936888025.699,-4646,3,599616016998.129,5077.1273193359375
9,599616017528.8983,1780936888025.701,3808,4,599616017005.8214,5084.8197021484375
9,599616017528.8983,1780936888025.7039,3554,5,599616017013.5137,5092.511962890625
9,599616017528.8983,1780936888025.707,-4412,6,599616017021.206,5100.204345703125
9,599616017528.8983,1780936888025.709,7727,7,599616017028.8983,5107.8966064453125
9,599616017528.8983,1780936888025.715,-2497,8,599616017036.5906,5115.5888671875
9,599616017528.8983,1780936888025.718,738,9,599616017044.283,5123.28125
9,599616017528.8983,1780936888025.7212,6217,10,599616017051.9752,5130.9735107421875
9,599616017528.8983,1780936888025.723,-5336,11,599616017059.6676,5138.6658935546875
9,599616017528.8983,1780936888025.726,6305,12,599616017067.3599,5146.358154296875
9,599616017528.8983,1780936888025.729,520,13,599616017075.0521,5154.0504150390625
9,599616017528.8983,1780936888025.7312,-2376,14,599616017082.7445,5161.7427978515625
9,599616017528.8983,1780936888025.734,7644,15,599616017090.4368,5169.43505859375
9,599616017528.8983,1780936888025.7412,-4602,16,599616017098.129,5177.1273193359375
9,599616017528.8983,1780936888025.743,3675,17,599616017105.8214,5184.8197021484375
9,599616017528.8983,1780936888025.746,3626,18,599616017113.5137,5192.511962890625
9,599616017528.8983,1780936888025.749,-4651,19,599616017121.206,5200.204345703125
9,599616017528.8983,1780936888025.7512,7611,20,599616017128.8983,5207.8966064453125
9,599616017528.8983,1780936888025.754,-2448,21,599616017136.5906,5215.5888671875
9,599616017528.8983,1780936888025.761,434,22,599616017144.283,5223.28125
9,599616017528.8983,1780936888025.7659,6194,23,599616017151.9752,5230.9735107421875
9,599616017528.8983,1780936888025.769,-5418,24,599616017159.6676,5238.6658935546875
9,599616017528.8983,1780936888025.771,6096,25,599616017167.3599,5246.358154296875
9,599616017528.8983,1780936888025.774,539,26,599616017175.0521,5254.0504150390625
9,599616017528.8983,1780936888025.777,-2662,27,599616017182.7445,5261.7427978515625
9,599616017528.8983,1780936888025.779,7525,28,599616017190.4368,5269.43505859375
9,599616017528.8983,1780936888025.7822,-4598,29,599616017198.129,5277.1273193359375
9,599616017528.8983,1780936888025.784,3487,30,599616017205.8214,5284.8197021484375
9,599616017528.8983,1780936888025.787,3684,31,599616017213.5137,5292.511962890625
9,599616017528.8983,1780936888025.79,-4744,32,599616017221.206,5300.204345703125
9,599616017528.8983,1780936888025.792,7588,33,599616017228.8983,5307.8966064453125
9,599616017528.8983,1780936888025.795,-2341,34,599616017236.5906,5315.5888671875
9,599616017528.8983,1780936888025.7969,241,35,599616017244.283,5323.28125
9,599616017528.8983,1780936888025.8,6229,36,599616017251.9752,5330.9735107421875
9,599616017528.8983,1780936888025.803,-5457,37,599616017259.6676,5338.6658935546875
9,599616017528.8983,1780936888025.805,5985,38,599616017267.3599,5346.358154296875
9,599616017528.8983,1780936888025.808,631,39,599616017275.0521,5354.0504150390625
9,599616017528.8983,1780936888025.81,-2848,40,599616017282.7445,5361.7427978515625
9,599616017528.8983,1780936888025.813,7553,41,599616017290.4368,5369.43505859375
9,599616017528.8983,1780936888025.815,-4546,42,599616017298.129,5377.1273193359375
9,599616017528.8983,1780936888025.818,3280,43,599616017305.8214,5384.8197021484375
9,599616017528.8983,1780936888025.82,3749,44,599616017313.5137,5392.511962890625
9,599616017528.8983,1780936888025.823,-4902,45,599616017321.206,5400.204345703125
9,599616017528.8983,1780936888025.825,7446,46,599616017328.8983,5407.8966064453125
9,599616017528.8983,1780936888025.828,-2341,47,599616017336.5906,5415.5888671875
9,599616017528.8983,1780936888025.831,-25,48,599616017344.283,5423.28125
9,599616017528.8983,1780936888025.833,6277,49,599616017351.9752,5430.9735107421875
9,599616017528.8983,1780936888025.836,-5536,50,599616017359.6676,5438.6658935546875
9,599616017528.8983,1780936888025.838,5738,51,599616017367.3599,5446.358154296875
9,599616017528.8983,1780936888025.841,766,52,599616017375.0521,5454.0504150390625
9,599616017528.8983,1780936888025.843,-2929,53,599616017382.7445,5461.7427978515625
9,599616017528.8983,1780936888025.846,7516,54,599616017390.4368,5469.43505859375
9,599616017528.8983,1780936888025.849,-4537,55,599616017398.129,5477.1273193359375
9,599616017528.8983,1780936888025.851,3131,56,599616017405.8214,5484.8197021484375
9,599616017528.8983,1780936888025.854,3905,57,599616017413.5137,5492.511962890625
9,599616017528.8983,1780936888025.856,-4932,58,599616017421.206,5500.204345703125
9,599616017528.8983,1780936888025.8591,7416,59,599616017428.8983,5507.8966064453125
9,599616017528.8983,1780936888025.861,-2190,60,599616017436.5906,5515.5888671875
9,599616017528.8983,1780936888025.8638,-125,61,599616017444.283,5523.28125
9,599616017528.8983,1780936888025.867,6382,62,599616017451.9752,5530.9735107421875
9,599616017528.8983,1780936888025.869,-5487,63,599616017459.6676,5538.6658935546875
9,599616017528.8983,1780936888025.872,5741,64,599616017467.3599,5546.358154296875
9,599616017528.8983,1780936888025.8738,922,65,599616017475.0521,5554.0504150390625
9,599616017528.8983,1780936888025.877,-3138,66,599616017482.7445,5561.7427978515625
9,599616017528.8983,1780936888025.8801,7548,67,599616017490.4368,5569.43505859375
9,599616017528.8983,1780936888025.882,-4463,68,599616017498.129,5577.1273193359375
9,599616017528.8983,1780936888025.885,2881,69,599616017505.8214,5584.8197021484375
9,599616017528.8983,1780936888025.887,3989,70,599616017513.5137,5592.511962890625
9,599616017528.8983,1780936888025.8901,-5034,71,599616017521.206,5600.204345703125
9,599616017528.8983,1780936888025.892,7290,72,599616017528.8983,5607.8966064453125
10,599616018090.4855,1780936888475.7332,-2142,0,599616017536.6393,5615.6375732421875
10,599616018090.4855,1780936888475.7432,-413,1,599616017544.3317,5623.3299560546875
10,599616018090.4855,1780936888475.7458,6354,2,599616017552.0239,5631.022216796875
10,599616018090.4855,1780936888475.749,-5511,3,599616017559.7162,5638.7144775390625
10,599616018090.4855,1780936888475.751,5580,4,599616017567.4086,5646.4068603515625
10,599616018090.4855,1780936888475.759,1010,5,599616017575.1008,5654.09912109375
10,599616018090.4855,1780936888475.761,-3241,6,599616017582.7932,5661.79150390625
10,599616018090.4855,1780936888475.7632,7569,7,599616017590.4855,5669.4837646484375
10,599616018090.4855,1780936888475.765,-4463,8,599616017598.1777,5677.176025390625
10,599616018090.4855,1780936888475.7668,2683,9,599616017605.8701,5684.868408203125
10,599616018090.4855,1780936888475.77,4107,10,599616017613.5624,5692.5606689453125
10,599616018090.4855,1780936888475.772,-5132,11,599616017621.2548,5700.2530517578125
10,599616018090.4855,1780936888475.7742,7202,12,599616017628.947,5707.9453125
10,599616018090.4855,1780936888475.776,-2012,13,599616017636.6393,5715.6375732421875
10,599616018090.4855,1780936888475.778,-525,14,599616017644.3317,5723.3299560546875
10,599616018090.4855,1780936888475.781,6435,15,599616017652.0239,5731.022216796875
10,599616018090.4855,1780936888475.7832,-5597,16,599616017659.7162,5738.7144775390625
10,599616018090.4855,1780936888475.785,5378,17,599616017667.4086,5746.4068603515625
10,599616018090.4855,1780936888475.7869,1080,18,599616017675.1008,5754.09912109375
10,599616018090.4855,1780936888475.79,-3510,19,599616017682.7932,5761.79150390625
10,599616018090.4855,1780936888475.792,7495,20,599616017690.4855,5769.4837646484375
10,599616018090.4855,1780936888475.7942,-4363,21,599616017698.1777,5777.176025390625
10,599616018090.4855,1780936888475.796,2493,22,599616017705.8701,5784.868408203125
10,599616018090.4855,1780936888475.7979,4121,23,599616017713.5624,5792.5606689453125
10,599616018090.4855,1780936888475.801,-5260,24,599616017721.2548,5800.2530517578125
10,599616018090.4855,1780936888475.803,7086,25,599616017728.947,5807.9453125
10,599616018090.4855,1780936888475.805,-1970,26,599616017736.6393,5815.6375732421875
10,599616018090.4855,1780936888475.8079,-789,27,599616017744.3317,5823.3299560546875
10,599616018090.4855,1780936888475.81,6417,28,599616017752.0239,5831.022216796875
10,599616018090.4855,1780936888475.812,-5578,29,599616017759.7162,5838.7144775390625
10,599616018090.4855,1780936888475.8142,5234,30,599616017767.4086,5846.4068603515625
10,599616018090.4855,1780936888475.822,1180,31,599616017775.1008,5854.09912109375
10,599616018090.4855,1780936888475.8242,-3554,32,599616017782.7932,5861.79150390625
10,599616018090.4855,1780936888475.826,7497,33,599616017790.4855,5869.4837646484375
10,599616018090.4855,1780936888475.828,-4386,34,599616017798.1777,5877.176025390625
10,599616018090.4855,1780936888475.83,2309,35,599616017805.8701,5884.868408203125
10,599616018090.4855,1780936888475.833,4228,36,599616017813.5624,5892.5606689453125
10,599616018090.4855,1780936888475.8352,-5332,37,599616017821.2548,5900.2530517578125
10,599616018090.4855,1780936888475.837,7025,38,599616017828.947,5907.9453125
10,599616018090.4855,1780936888475.8389,-1837,39,599616017836.6393,5915.6375732421875
10,599616018090.4855,1780936888475.841,-885,40,599616017844.3317,5923.3299560546875
10,599616018090.4855,1780936888475.844,6503,41,599616017852.0239,5931.022216796875
10,599616018090.4855,1780936888475.846,-5622,42,599616017859.7162,5938.7144775390625
10,599616018090.4855,1780936888475.848,5095,43,599616017867.4086,5946.4068603515625
10,599616018090.4855,1780936888475.85,1317,44,599616017875.1008,5954.09912109375
10,599616018090.4855,1780936888475.852,-3694,45,599616017882.7932,5961.79150390625
10,599616018090.4855,1780936888475.854,7437,46,599616017890.4855,5969.4837646484375
10,599616018090.4855,1780936888475.857,-4442,47,599616017898.1777,5977.176025390625
10,599616018090.4855,1780936888475.859,2044,48,599616017905.8701,5984.868408203125
10,599616018090.4855,1780936888475.861,4326,49,599616017913.5624,5992.5606689453125
10,599616018090.4855,1780936888475.863,-5401,50,599616017921.2548,6000.2530517578125
10,599616018090.4855,1780936888475.865,6879,51,599616017928.947,6007.9453125
10,599616018090.4855,1780936888475.867,-1812,52,599616017936.6393,6015.6375732421875
10,599616018090.4855,1780936888475.8699,-1082,53,599616017944.3317,6023.3299560546875
10,599616018090.4855,1780936888475.872,6540,54,599616017952.0239,6031.022216796875
10,599616018090.4855,1780936888475.874,-5641,55,599616017959.7162,6038.7144775390625
10,599616018090.4855,1780936888475.876,4927,56,599616017967.4086,6046.4068603515625
10,599616018090.4855,1780936888475.878,1375,57,599616017975.1008,6054.09912109375
10,599616018090.4855,1780936888475.881,-3870,58,599616017982.7932,6061.79150390625
10,599616018090.4855,1780936888475.883,7439,59,599616017990.4855,6069.4837646484375
10,599616018090.4855,1780936888475.885,-4275,60,599616017998.1777,6077.176025390625
10,599616018090.4855,1780936888475.887,1960,61,599616018005.8701,6084.868408203125
10,599616018090.4855,1780936888475.889,4381,62,599616018013.5624,6092.5606689453125
10,599616018090.4855,1780936888475.891,-5508,63,599616018021.2548,6100.2530517578125
10,599616018090.4855,1780936888475.894,6819,64,599616018028.947,6107.9453125
10,599616018090.4855,1780936888475.896,-1700,65,599616018036.6393,6115.6375732421875
10,599616018090.4855,1780936888475.898,-1268,66,599616018044.3317,6123.3299560546875
10,599616018090.4855,1780936888475.9,6505,67,599616018052.0239,6131.022216796875
10,599616018090.4855,1780936888475.902,-5796,68,599616018059.7162,6138.7144775390625
10,599616018090.4855,1780936888475.904,4704,69,599616018067.4086,6146.4068603515625
10,599616018090.4855,1780936888475.906,1496,70,599616018075.1008,6154.09912109375
10,599616018090.4855,1780936888475.909,-4079,71,599616018082.7932,6161.79150390625
10,599616018090.4855,1780936888475.911,7302,72,599616018090.4855,6169.4837646484375
11,599616018652.0217,1780936889060.8398,-4205,0,599616018098.1755,6177.173828125
11,599616018652.0217,1780936889060.851,1814,1,599616018105.8679,6184.8662109375
11,599616018652.0217,1780936889060.854,4435,2,599616018113.5602,6192.5584716796875
11,599616018652.0217,1780936889060.8572,-5592,3,599616018121.2524,6200.250732421875
11,599616018652.0217,1780936889060.864,6723,4,599616018128.9448,6207.943115234375
11,599616018652.0217,1780936889060.868,-1584,5,599616018136.6371,6215.6353759765625
11,599616018652.0217,1780936889060.8699,-1394,6,599616018144.3295,6223.3277587890625
11,599616018652.0217,1780936889060.874,6582,7,599616018152.0217,6231.02001953125
11,599616018652.0217,1780936889060.8772,-5659,8,599616018159.714,6238.7122802734375
11,599616018652.0217,1780936889060.88,4690,9,599616018167.4064,6246.4046630859375
11,599616018652.0217,1780936889060.883,1635,10,599616018175.0986,6254.096923828125
11,599616018652.0217,1780936889060.885,-4082,11,599616018182.791,6261.789306640625
11,599616018652.0217,1780936889060.888,7418,12,599616018190.4833,6269.4815673828125
11,599616018652.0217,1780936889060.8909,-4149,13,599616018198.1755,6277.173828125
11,599616018652.0217,1780936889060.893,1682,14,599616018205.8679,6284.8662109375
11,599616018652.0217,1780936889060.896,4646,15,599616018213.5602,6292.5584716796875
11,599616018652.0217,1780936889060.898,-5613,16,599616018221.2524,6300.250732421875
11,599616018652.0217,1780936889060.901,6656,17,599616018228.9448,6307.943115234375
11,599616018652.0217,1780936889060.903,-1414,18,599616018236.6371,6315.6353759765625
11,599616018652.0217,1780936889060.906,-1514,19,599616018244.3295,6323.3277587890625
11,599616018652.0217,1780936889060.909,6668,20,599616018252.0217,6331.02001953125
11,599616018652.0217,1780936889060.911,-5648,21,599616018259.714,6338.7122802734375
11,599616018652.0217,1780936889060.914,4474,22,599616018267.4064,6346.4046630859375
11,599616018652.0217,1780936889060.916,1744,23,599616018275.0986,6354.096923828125
11,599616018652.0217,1780936889060.919,-4163,24,599616018282.791,6361.789306640625
11,599616018652.0217,1780936889060.9219,7388,25,599616018290.4833,6369.4815673828125
11,599616018652.0217,1780936889060.924,-4100,26,599616018298.1755,6377.173828125
11,599616018652.0217,1780936889060.927,1477,27,599616018305.8679,6384.8662109375
11,599616018652.0217,1780936889060.929,4695,28,599616018313.5602,6392.5584716796875
11,599616018652.0217,1780936889060.932,-5687,29,599616018321.2524,6400.250732421875
11,599616018652.0217,1780936889060.934,6568,30,599616018328.9448,6407.943115234375
11,599616018652.0217,1780936889060.937,-1345,31,599616018336.6371,6415.6353759765625
11,599616018652.0217,1780936889060.94,-1740,32,599616018344.3295,6423.3277587890625
11,599616018652.0217,1780936889060.942,6686,33,599616018352.0217,6431.02001953125
11,599616018652.0217,1780936889060.945,-5636,34,599616018359.714,6438.7122802734375
11,599616018652.0217,1780936889060.947,4379,35,599616018367.4064,6446.4046630859375
11,599616018652.0217,1780936889060.95,1940,36,599616018375.0986,6454.096923828125
11,599616018652.0217,1780936889060.953,-4307,37,599616018382.791,6461.789306640625
11,599616018652.0217,1780936889060.955,7288,38,599616018390.4833,6469.4815673828125
11,599616018652.0217,1780936889060.958,-4079,39,599616018398.1755,6477.173828125
11,599616018652.0217,1780936889060.961,1238,40,599616018405.8679,6484.8662109375
11,599616018652.0217,1780936889060.963,4742,41,599616018413.5602,6492.5584716796875
11,599616018652.0217,1780936889060.966,-5766,42,599616018421.2524,6500.250732421875
11,599616018652.0217,1780936889060.968,6454,43,599616018428.9448,6507.943115234375
11,599616018652.0217,1780936889060.971,-1259,44,599616018436.6371,6515.6353759765625
11,599616018652.0217,1780936889060.973,-1988,45,599616018444.3295,6523.3277587890625
11,599616018652.0217,1780936889060.976,6644,46,599616018452.0217,6531.02001953125
11,599616018652.0217,1780936889060.979,-5629,47,599616018459.714,6538.7122802734375
11,599616018652.0217,1780936889060.981,4154,48,599616018467.4064,6546.4046630859375
11,599616018652.0217,1780936889060.984,1909,49,599616018475.0986,6554.096923828125
11,599616018652.0217,1780936889060.986,-4467,50,599616018482.791,6561.789306640625
11,599616018652.0217,1780936889060.989,7293,51,599616018490.4833,6569.4815673828125
11,599616018652.0217,1780936889060.991,-3954,52,599616018498.1755,6577.173828125
11,599616018652.0217,1780936889060.994,1112,53,599616018505.8679,6584.8662109375
11,599616018652.0217,1780936889060.997,4811,54,599616018513.5602,6592.5584716796875
11,599616018652.0217,1780936889060.999,-5794,55,599616018521.2524,6600.250732421875
11,599616018652.0217,1780936889061.002,6442,56,599616018528.9448,6607.943115234375
11,599616018652.0217,1780936889061.004,-1087,57,599616018536.6371,6615.6353759765625
11,599616018652.0217,1780936889061.0098,-2065,58,599616018544.3295,6623.3277587890625
11,599616018652.0217,1780936889061.012,6758,59,599616018552.0217,6631.02001953125
11,599616018652.0217,1780936889061.015,-5562,60,599616018559.714,6638.7122802734375
11,599616018652.0217,1780936889061.018,4084,61,599616018567.4064,6646.4046630859375
11,599616018652.0217,1780936889061.02,2074,62,599616018575.0986,6654.096923828125
11,599616018652.0217,1780936889061.023,-4565,63,599616018582.791,6661.789306640625
11,599616018652.0217,1780936889061.025,7297,64,599616018590.4833,6669.4815673828125
11,599616018652.0217,1780936889061.028,-3812,65,599616018598.1755,6677.173828125
11,599616018652.0217,1780936889061.03,1003,66,599616018605.8679,6684.8662109375
11,599616018652.0217,1780936889061.033,4918,67,599616018613.5602,6692.5584716796875
11,599616018652.0217,1780936889061.035,-5894,68,599616018621.2524,6700.250732421875
11,599616018652.0217,1780936889061.038,6249,69,599616018628.9448,6707.943115234375
11,599616018652.0217,1780936889061.04,-989,70,599616018636.6371,6715.6353759765625
11,599616018652.0217,1780936889061.043,-2156,71,599616018644.3295,6723.3277587890625
11,599616018652.0217,1780936889061.046,6809,72,599616018652.0217,6731.02001953125
12,599616019213.614,1780936889646.463,-5573,0,599616018659.7678,6738.76611328125
12,599616019213.614,1780936889646.4739,3933,1,599616018667.4602,6746.45849609375
12,599616019213.614,1780936889646.478,2202,2,599616018675.1525,6754.1507568359375
12,599616019213.614,1780936889646.481,-4693,3,599616018682.8447,6761.843017578125
12,599616019213.614,1780936889646.483,7258,4,599616018690.5371,6769.535400390625
12,599616019213.614,1780936889646.486,-3740,5,599616018698.2294,6777.2276611328125
12,599616019213.614,1780936889646.489,787,6,599616018705.9218,6784.9200439453125
12,599616019213.614,1780936889646.491,4990,7,599616018713.614,6792.6123046875
12,599616019213.614,1780936889646.494,-5894,8,599616018721.3063,6800.3045654296875
12,599616019213.614,1780936889646.498,6161,9,599616018728.9987,6807.9969482421875
12,599616019213.614,1780936889646.501,-952,10,599616018736.6909,6815.689208984375
12,599616019213.614,1780936889646.503,-2383,11,599616018744.3833,6823.381591796875
12,599616019213.614,1780936889646.506,6849,12,599616018752.0756,6831.0738525390625
12,599616019213.614,1780936889646.508,-5552,13,599616018759.7678,6838.76611328125
12,599616019213.614,1780936889646.511,3726,14,599616018767.4602,6846.45849609375
12,599616019213.614,1780936889646.513,2283,15,599616018775.1525,6854.1507568359375
12,599616019213.614,1780936889646.516,-4825,16,599616018782.8447,6861.843017578125
12,599616019213.614,1780936889646.519,7167,17,599616018790.5371,6869.535400390625
12,599616019213.614,1780936889646.521,-3761,18,599616018798.2294,6877.2276611328125
12,599616019213.614,1780936889646.524,529,19,599616018805.9218,6884.9200439453125
12,599616019213.614,1780936889646.5261,5076,20,599616018813.614,6892.6123046875
12,599616019213.614,1780936889646.529,-5915,21,599616018821.3063,6900.3045654296875
12,599616019213.614,1780936889646.531,6036,22,599616018828.9987,6907.9969482421875
12,599616019213.614,1780936889646.534,-841,23,599616018836.6909,6915.689208984375
12,599616019213.614,1780936889646.5361,-2511,24,599616018844.3833,6923.381591796875
12,599616019213.614,1780936889646.539,6879,25,599616018852.0756,6931.0738525390625
12,599616019213.614,1780936889646.541,-5527,26,599616018859.7678,6938.76611328125
12,599616019213.614,1780936889646.544,3582,27,599616018867.4602,6946.45849609375
12,599616019213.614,1780936889646.546,2420,28,599616018875.1525,6954.1507568359375
12,599616019213.614,1780936889646.549,-4869,29,599616018882.8447,6961.843017578125
12,599616019213.614,1780936889646.5508,7160,30,599616018890.5371,6969.535400390625
12,599616019213.614,1780936889646.554,-3617,31,599616018898.2294,6977.2276611328125
12,599616019213.614,1780936889646.556,469,32,599616018905.9218,6984.9200439453125
12,599616019213.614,1780936889646.559,5181,33,599616018913.614,6992.6123046875
12,599616019213.614,1780936889646.5608,-5964,34,599616018921.3063,7000.3045654296875
12,599616019213.614,1780936889646.564,5999,35,599616018928.9987,7007.9969482421875
12,599616019213.614,1780936889646.566,-659,36,599616018936.6909,7015.689208984375
12,599616019213.614,1780936889646.569,-2641,37,599616018944.3833,7023.381591796875
12,599616019213.614,1780936889646.5708,6940,38,599616018952.0756,7031.0738525390625
12,599616019213.614,1780936889646.574,-5439,39,599616018959.7678,7038.76611328125
12,599616019213.614,1780936889646.576,3482,40,599616018967.4602,7046.45849609375
12,599616019213.614,1780936889646.579,2560,41,599616018975.1525,7054.1507568359375
12,599616019213.614,1780936889646.581,-5011,42,599616018982.8447,7061.843017578125
12,599616019213.614,1780936889646.584,7098,43,599616018990.5371,7069.535400390625
12,599616019213.614,1780936889646.587,-3531,44,599616018998.2294,7077.2276611328125
12,599616019213.614,1780936889646.589,236,45,599616019005.9218,7084.9200439453125
12,599616019213.614,1780936889646.5918,5246,46,599616019013.614,7092.6123046875
12,599616019213.614,1780936889646.594,-5992,47,599616019021.3063,7100.3045654296875
12,599616019213.614,1780936889646.597,5852,48,599616019028.9987,7107.9969482421875
12,599616019213.614,1780936889646.599,-550,49,599616019036.6909,7115.689208984375
12,599616019213.614,1780936889646.6018,-2815,50,599616019044.3833,7123.381591796875
12,599616019213.614,1780936889646.604,6879,51,599616019052.0756,7131.0738525390625
12,599616019213.614,1780936889646.607,-5480,52,599616019059.7678,7138.76611328125
12,599616019213.614,1780936889646.6091,3308,53,599616019067.4602,7146.45849609375
12,599616019213.614,1780936889646.6118,2664,54,599616019075.1525,7154.1507568359375
12,599616019213.614,1780936889646.614,-5123,55,599616019082.8447,7161.843017578125
12,599616019213.614,1780936889646.617,7086,56,599616019090.5371,7169.535400390625
12,599616019213.614,1780936889646.62,-3408,57,599616019098.2294,7177.2276611328125
12,599616019213.614,1780936889646.627,81,58,599616019105.9218,7184.9200439453125
12,599616019213.614,1780936889646.6301,5318,59,599616019113.614,7192.6123046875
12,599616019213.614,1780936889646.6318,-6066,60,599616019121.3063,7200.3045654296875
12,599616019213.614,1780936889646.635,5729,61,599616019128.9987,7207.9969482421875
12,599616019213.614,1780936889646.637,-425,62,599616019136.6909,7215.689208984375
12,599616019213.614,1780936889646.6401,-2985,63,599616019144.3833,7223.381591796875
12,599616019213.614,1780936889646.642,6909,64,599616019152.0756,7231.0738525390625
12,599616019213.614,1780936889646.645,-5434,65,599616019159.7678,7238.76611328125
12,599616019213.614,1780936889646.647,3145,66,599616019167.4602,7246.45849609375
12,599616019213.614,1780936889646.6501,2811,67,599616019175.1525,7254.1507568359375
12,599616019213.614,1780936889646.652,-5220,68,599616019182.8447,7261.843017578125
12,599616019213.614,1780936889646.655,7019,69,599616019190.5371,7269.535400390625
12,599616019213.614,1780936889646.657,-3299,70,599616019198.2294,7277.2276611328125
12,599616019213.614,1780936889646.6602,-111,71,599616019205.9218,7284.9200439453125
12,599616019213.614,1780936889646.662,5378,72,599616019213.614,7292.6123046875
13,599616019775.1757,1780936890187.457,-6040,0,599616019221.3295,7300.3277587890625
13,599616019775.1757,1780936890187.471,5669,1,599616019229.0219,7308.0201416015625
13,599616019775.1757,1780936890187.474,-260,2,599616019236.7141,7315.71240234375
13,599616019775.1757,1780936890187.477,-3087,3,599616019244.4064,7323.4046630859375
13,599616019775.1757,1780936890187.48,6967,4,599616019252.0988,7331.0970458984375
13,599616019775.1757,1780936890187.4832,-5306,5,599616019259.791,7338.789306640625
13,599616019775.1757,1780936890187.4868,3045,6,599616019267.4834,7346.481689453125
13,599616019775.1757,1780936890187.489,2920,7,599616019275.1757,7354.1739501953125
13,599616019775.1757,1780936890187.492,-5257,8,599616019282.8679,7361.8662109375
13,599616019775.1757,1780936890187.4949,7058,9,599616019290.5603,7369.55859375
13,599616019775.1757,1780936890187.498,-3155,10,599616019298.2526,7377.2508544921875
13,599616019775.1757,1780936890187.5,-220,11,599616019305.945,7384.9432373046875
13,599616019775.1757,1780936890187.5032,5529,12,599616019313.6372,7392.635498046875
13,599616019775.1757,1780936890187.5059,-6045,13,599616019321.3295,7400.3277587890625
13,599616019775.1757,1780936890187.508,5513,14,599616019329.0219,7408.0201416015625
13,599616019775.1757,1780936890187.511,-169,15,599616019336.7141,7415.71240234375
13,599616019775.1757,1780936890187.5142,-3224,16,599616019344.4064,7423.4046630859375
13,599616019775.1757,1780936890187.5159,6977,17,599616019352.0988,7431.0970458984375
13,599616019775.1757,1780936890187.519,-5290,18,599616019359.791,7438.789306640625
13,599616019775.1757,1780936890187.521,2864,19,599616019367.4834,7446.481689453125
13,599616019775.1757,1780936890187.5242,3001,20,599616019375.1757,7454.1739501953125
13,599616019775.1757,1780936890187.5269,-5413,21,599616019382.8679,7461.8662109375
13,599616019775.1757,1780936890187.529,6953,22,599616019390.5603,7469.55859375
13,599616019775.1757,1780936890187.532,-3078,23,599616019398.2526,7477.2508544921875
13,599616019775.1757,1780936890187.5369,-388,24,599616019405.945,7484.9432373046875
13,599616019775.1757,1780936890187.54,5624,25,599616019413.6372,7492.635498046875
13,599616019775.1757,1780936890187.542,-6078,26,599616019421.3295,7500.3277587890625
13,599616019775.1757,1780936890187.5452,5369,27,599616019429.0219,7508.0201416015625
13,599616019775.1757,1780936890187.5479,-67,28,599616019436.7141,7515.71240234375
13,599616019775.1757,1780936890187.55,-3389,29,599616019444.4064,7523.4046630859375
13,599616019775.1757,1780936890187.553,7002,30,599616019452.0988,7531.0970458984375
13,599616019775.1757,1780936890187.556,-5269,31,599616019459.791,7538.789306640625
13,599616019775.1757,1780936890187.5579,2655,32,599616019467.4834,7546.481689453125
13,599616019775.1757,1780936890187.561,3136,33,599616019475.1757,7554.1739501953125
13,599616019775.1757,1780936890187.564,-5453,34,599616019482.8679,7561.8662109375
13,599616019775.1757,1780936890187.5662,6935,35,599616019490.5603,7569.55859375
13,599616019775.1757,1780936890187.5688,-2978,36,599616019498.2526,7577.2508544921875
13,599616019775.1757,1780936890187.571,-592,37,599616019505.945,7584.9432373046875
13,599616019775.1757,1780936890187.574,5673,38,599616019513.6372,7592.635498046875
13,599616019775.1757,1780936890187.577,-6129,39,599616019521.3295,7600.3277587890625
13,599616019775.1757,1780936890187.5789,5253,40,599616019529.0219,7608.0201416015625
13,599616019775.1757,1780936890187.582,113,41,599616019536.7141,7615.71240234375
13,599616019775.1757,1780936890187.584,-3515,42,599616019544.4064,7623.4046630859375
13,599616019775.1757,1780936890187.587,7021,43,599616019552.0988,7631.0970458984375
13,599616019775.1757,1780936890187.5898,-5190,44,599616019559.791,7638.789306640625
13,599616019775.1757,1780936890187.592,2497,45,599616019567.4834,7646.481689453125
13,599616019775.1757,1780936890187.595,3289,46,599616019575.1757,7654.1739501953125
13,599616019775.1757,1780936890187.597,-5497,47,599616019582.8679,7661.8662109375
13,599616019775.1757,1780936890187.5999,6877,48,599616019590.5603,7669.55859375
13,599616019775.1757,1780936890187.603,-2871,49,599616019598.2526,7677.2508544921875
13,599616019775.1757,1780936890187.605,-741,50,599616019605.945,7684.9432373046875
13,599616019775.1757,1780936890187.608,5813,51,599616019613.6372,7692.635498046875
13,599616019775.1757,1780936890187.6099,-6082,52,599616019621.3295,7700.3277587890625
13,599616019775.1757,1780936890187.613,5181,53,599616019629.0219,7708.0201416015625
13,599616019775.1757,1780936890187.615,313,54,599616019636.7141,7715.71240234375
13,599616019775.1757,1780936890187.618,-3631,55,599616019644.4064,7723.4046630859375
13,599616019775.1757,1780936890187.621,7067,56,599616019652.0988,7731.0970458984375
13,599616019775.1757,1780936890187.623,-5065,57,599616019659.791,7738.789306640625
13,599616019775.1757,1780936890187.626,2369,58,599616019667.4834,7746.481689453125
13,599616019775.1757,1780936890187.629,3433,59,599616019675.1757,7754.1739501953125
13,599616019775.1757,1780936890187.632,-5592,60,599616019682.8679,7761.8662109375
13,599616019775.1757,1780936890187.634,6812,61,599616019690.5603,7769.55859375
13,599616019775.1757,1780936890187.6372,-2692,62,599616019698.2526,7777.2508544921875
13,599616019775.1757,1780936890187.646,-868,63,599616019705.945,7784.9432373046875
13,599616019775.1757,1780936890187.65,5880,64,599616019713.6372,7792.635498046875
13,599616019775.1757,1780936890187.652,-6133,65,599616019721.3295,7800.3277587890625
13,599616019775.1757,1780936890187.655,5025,66,599616019729.0219,7808.0201416015625
13,599616019775.1757,1780936890187.658,443,67,599616019736.7141,7815.71240234375
13,599616019775.1757,1780936890187.66,-3840,68,599616019744.4064,7823.4046630859375
13,599616019775.1757,1780936890187.663,7005,69,599616019752.0988,7831.0970458984375
13,599616019775.1757,1780936890187.666,-5002,70,599616019759.791,7838.789306640625
13,599616019775.1757,1780936890187.668,2186,71,599616019767.4834,7846.481689453125
13,599616019775.1757,1780936890187.671,3510,72,599616019775.1757,7854.1739501953125
14,599616020336.7527,1780936890771.156,-5710,0,599616019782.9065,7861.90478515625
14,599616020336.7527,1780936890771.1711,6712,1,599616019790.5989,7869.59716796875
14,599616020336.7527,1780936890771.174,-2595,2,599616019798.2911,7877.2894287109375
14,599616020336.7527,1780936890771.177,-1052,3,599616019805.9834,7884.981689453125
14,599616020336.7527,1780936890771.179,5954,4,599616019813.6758,7892.674072265625
14,599616020336.7527,1780936890771.1812,-6124,5,599616019821.368,7900.3663330078125
14,599616020336.7527,1780936890771.183,4920,6,599616019829.0604,7908.0587158203125
14,599616020336.7527,1780936890771.1848,611,7,599616019836.7527,7915.7509765625
14,599616020336.7527,1780936890771.187,-3977,8,599616019844.445,7923.4432373046875
14,599616020336.7527,1780936890771.19,7025,9,599616019852.1373,7931.1356201171875
14,599616020336.7527,1780936890771.1921,-4939,10,599616019859.8296,7938.827880859375
14,599616020336.7527,1780936890771.194,1977,11,599616019867.522,7946.520263671875
14,599616020336.7527,1780936890771.2778,3661,12,599616019875.2142,7954.2125244140625
14,599616020336.7527,1780936890771.2869,-5759,13,599616019882.9065,7961.90478515625
14,599616020336.7527,1780936890771.2952,6635,14,599616019890.5989,7969.59716796875
14,599616020336.7527,1780936890771.301,-2430,15,599616019898.2911,7977.2894287109375
14,599616020336.7527,1780936890771.3079,-1243,16,599616019905.9834,7984.981689453125
14,599616020336.7527,1780936890771.314,5938,17,599616019913.6758,7992.674072265625
14,599616020336.7527,1780936890771.32,-6115,18,599616019921.368,8000.3663330078125
14,599616020336.7527,1780936890771.3262,4753,19,599616019929.0604,8008.0587158203125
14,599616020336.7527,1780936890771.332,650,20,599616019936.7527,8015.7509765625
14,599616020336.7527,1780936890771.338,-4070,21,599616019944.445,8023.4432373046875
14,599616020336.7527,1780936890771.344,7046,22,599616019952.1373,8031.1356201171875
14,599616020336.7527,1780936890771.351,-4888,23,599616019959.8296,8038.827880859375
14,599616020336.7527,1780936890771.3572,1765,24,599616019967.522,8046.520263671875
14,599616020336.7527,1780936890771.363,3654,25,599616019975.2142,8054.2125244140625
14,599616020336.7527,1780936890771.369,-5762,26,599616019982.9065,8061.90478515625
14,599616020336.7527,1780936890771.375,6607,27,599616019990.5989,8069.59716796875
14,599616020336.7527,1780936890771.3809,-2418,28,599616019998.2911,8077.2894287109375
14,599616020336.7527,1780936890771.3872,-1340,29,599616020005.9834,8084.981689453125
14,599616020336.7527,1780936890771.393,6078,30,599616020013.6758,8092.674072265625
14,599616020336.7527,1780936890771.4,-6110,31,599616020021.368,8100.3663330078125
14,599616020336.7527,1780936890771.406,4642,32,599616020029.0604,8108.0587158203125
14,599616020336.7527,1780936890771.427,764,33,599616020036.7527,8115.7509765625
14,599616020336.7527,1780936890771.431,-4179,34,599616020044.445,8123.4432373046875
14,599616020336.7527,1780936890771.433,7049,35,599616020052.1373,8131.1356201171875
14,599616020336.7527,1780936890771.435,-4867,36,599616020059.8296,8138.827880859375
14,599616020336.7527,1780936890771.437,1665,37,599616020067.522,8146.520263671875
14,599616020336.7527,1780936890771.439,3852,38,599616020075.2142,8154.2125244140625
14,599616020336.7527,1780936890771.447,-5873,39,599616020082.9065,8161.90478515625
14,599616020336.7527,1780936890771.449,6519,40,599616020090.5989,8169.59716796875
14,599616020336.7527,1780936890771.451,-2309,41,599616020098.2911,8177.2894287109375
14,599616020336.7527,1780936890771.453,-1598,42,599616020105.9834,8184.981689453125
14,599616020336.7527,1780936890771.455,6117,43,599616020113.6758,8192.674072265625
14,599616020336.7527,1780936890771.457,-6217,44,599616020121.368,8200.366333007812
14,599616020336.7527,1780936890771.459,4314,45,599616020129.0604,8208.058715820312
14,599616020336.7527,1780936890771.461,959,46,599616020136.7527,8215.7509765625
14,599616020336.7527,1780936890771.463,-4216,47,599616020144.445,8223.443237304688
14,599616020336.7527,1780936890771.465,6981,48,599616020152.1373,8231.135620117188
14,599616020336.7527,1780936890771.467,-4762,49,599616020159.8296,8238.827880859375
14,599616020336.7527,1780936890771.47,1575,50,599616020167.522,8246.520263671875
14,599616020336.7527,1780936890771.472,3954,51,599616020175.2142,8254.212524414062
14,599616020336.7527,1780936890771.4739,-5975,52,599616020182.9065,8261.90478515625
14,599616020336.7527,1780936890771.476,6419,53,599616020190.5989,8269.59716796875
14,599616020336.7527,1780936890771.478,-2132,54,599616020198.2911,8277.289428710938
14,599616020336.7527,1780936890771.48,-1672,55,599616020205.9834,8284.981689453125
14,599616020336.7527,1780936890771.482,6182,56,599616020213.6758,8292.674072265625
14,599616020336.7527,1780936890771.484,-6061,57,599616020221.368,8300.366333007812
14,599616020336.7527,1780936890771.486,4402,58,599616020229.0604,8308.058715820312
14,599616020336.7527,1780936890771.488,1043,59,599616020236.7527,8315.7509765625
14,599616020336.7527,1780936890771.49,-4433,60,599616020244.445,8323.443237304688
14,599616020336.7527,1780936890771.492,7049,61,599616020252.1373,8331.135620117188
14,599616020336.7527,1780936890771.495,-4630,62,599616020259.8296,8338.827880859375
14,599616020336.7527,1780936890771.497,1417,63,599616020267.522,8346.520263671875
14,599616020336.7527,1780936890771.499,4096,64,599616020275.2142,8354.212524414062
14,599616020336.7527,1780936890771.501,-6047,65,599616020282.9065,8361.90478515625
14,599616020336.7527,1780936890771.503,6268,66,599616020290.5989,8369.59716796875
14,599616020336.7527,1780936890771.5051,-1970,67,599616020298.2911,8377.289428710938
14,599616020336.7527,1780936890771.507,-1737,68,599616020305.9834,8384.981689453125
14,599616020336.7527,1780936890771.509,6226,69,599616020313.6758,8392.674072265625
14,599616020336.7527,1780936890771.511,-6054,70,599616020321.368,8400.366333007812
14,599616020336.7527,1780936890771.513,4323,71,599616020329.0604,8408.058715820312
14,599616020336.7527,1780936890771.517,1222,72,599616020336.7527,8415.7509765625
15,599616020898.3195,1780936891312.306,-4500,0,599616020344.4733,8423.471557617188
15,599616020898.3195,1780936891312.316,7065,1,599616020352.1656,8431.163940429688
15,599616020898.3195,1780936891312.319,-4586,2,599616020359.8579,8438.856201171875
15,599616020898.3195,1780936891312.322,1238,3,599616020367.5502,8446.548461914062
15,599616020898.3195,1780936891312.324,4244,4,599616020375.2426,8454.240844726562
15,599616020898.3195,1780936891312.327,-6033,5,599616020382.9348,8461.93310546875
15,599616020898.3195,1780936891312.335,6280,6,599616020390.6272,8469.62548828125
15,599616020898.3195,1780936891312.3381,-1856,7,599616020398.3195,8477.317749023438
15,599616020898.3195,1780936891312.34,-1986,8,599616020406.0117,8485.010009765625
15,599616020898.3195,1780936891312.342,6268,9,599616020413.7041,8492.702392578125
15,599616020898.3195,1780936891312.346,-6066,10,599616020421.3964,8500.394653320312
15,599616020898.3195,1780936891312.348,4098,11,599616020429.0887,8508.087036132812
15,599616020898.3195,1780936891312.351,1363,12,599616020436.781,8515.779296875
15,599616020898.3195,1780936891312.3528,-4586,13,599616020444.4733,8523.471557617188
15,599616020898.3195,1780936891312.355,7007,14,599616020452.1656,8531.163940429688
15,599616020898.3195,1780936891312.358,-4558,15,599616020459.8579,8538.856201171875
15,599616020898.3195,1780936891312.36,1015,16,599616020467.5502,8546.548461914062
15,599616020898.3195,1780936891312.362,4319,17,599616020475.2426,8554.240844726562
15,599616020898.3195,1780936891312.365,-6061,18,599616020482.9348,8561.93310546875
15,599616020898.3195,1780936891312.367,6208,19,599616020490.6272,8569.62548828125
15,599616020898.3195,1780936891312.3691,-1735,20,599616020498.3195,8577.317749023438
15,599616020898.3195,1780936891312.372,-2128,21,599616020506.0117,8585.010009765625
15,599616020898.3195,1780936891312.374,6324,22,599616020513.7041,8592.702392578125
15,599616020898.3195,1780936891312.376,-6029,23,599616020521.3964,8600.394653320312
15,599616020898.3195,1780936891312.379,4005,24,599616020529.0887,8608.087036132812
15,599616020898.3195,1780936891312.381,1489,25,599616020536.781,8615.779296875
15,599616020898.3195,1780936891312.3838,-4728,26,599616020544.4733,8623.471557617188
15,599616020898.3195,1780936891312.386,7044,27,599616020552.1656,8631.163940429688
15,599616020898.3195,1780936891312.389,-4363,28,599616020559.8579,8638.856201171875
15,599616020898.3195,1780936891312.391,915,29,599616020567.5502,8646.548461914062
15,599616020898.3195,1780936891312.393,4419,30,599616020575.2426,8654.240844726562
15,599616020898.3195,1780936891312.396,-6124,31,599616020582.9348,8661.93310546875
15,599616020898.3195,1780936891312.398,6198,32,599616020590.6272,8669.62548828125
15,599616020898.3195,1780936891312.4001,-1496,33,599616020598.3195,8677.317749023438
15,599616020898.3195,1780936891312.403,-2267,34,599616020606.0117,8685.010009765625
15,599616020898.3195,1780936891312.405,6417,35,599616020613.7041,8692.702392578125
15,599616020898.3195,1780936891312.413,-5885,36,599616020621.3964,8700.394653320312
15,599616020898.3195,1780936891312.4148,3889,37,599616020629.0887,8708.087036132812
15,599616020898.3195,1780936891312.417,1593,38,599616020636.781,8715.779296875
15,599616020898.3195,1780936891312.42,-4851,39,599616020644.4733,8723.471557617188
15,599616020898.3195,1780936891312.422,6995,40,599616020652.1656,8731.163940429688
15,599616020898.3195,1780936891312.4238,-4279,41,599616020659.8579,8738.856201171875
15,599616020898.3195,1780936891312.427,755,42,599616020667.5502,8746.548461914062
15,599616020898.3195,1780936891312.429,4493,43,599616020675.2426,8754.240844726562
15,599616020898.3195,1780936891312.4312,-6222,44,599616020682.9348,8761.93310546875
15,599616020898.3195,1780936891312.4338,6040,45,599616020690.6272,8769.62548828125
15,599616020898.3195,1780936891312.436,-1440,46,599616020698.3195,8777.317749023438
15,599616020898.3195,1780936891312.438,-2448,47,599616020706.0117,8785.010009765625
15,599616020898.3195,1780936891312.4412,6452,48,599616020713.7041,8792.702392578125
15,599616020898.3195,1780936891312.443,-5927,49,599616020721.3964,8800.394653320312
15,599616020898.3195,1780936891312.446,3703,50,599616020729.0887,8808.087036132812
15,599616020898.3195,1780936891312.448,1737,51,599616020736.781,8815.779296875
15,599616020898.3195,1780936891312.45,-4955,52,599616020744.4733,8823.471557617188
15,599616020898.3195,1780936891312.4531,7019,53,599616020752.1656,8831.163940429688
15,599616020898.3195,1780936891312.4548,-4128,54,599616020759.8579,8838.856201171875
15,599616020898.3195,1780936891312.457,571,55,599616020767.5502,8846.548461914062
15,599616020898.3195,1780936891312.459,4584,56,599616020775.2426,8854.240844726562
15,599616020898.3195,1780936891312.4622,-6229,57,599616020782.9348,8861.93310546875
15,599616020898.3195,1780936891312.464,5961,58,599616020790.6272,8869.62548828125
15,599616020898.3195,1780936891312.4658,-1326,59,599616020798.3195,8877.317749023438
15,599616020898.3195,1780936891312.469,-2604,60,599616020806.0117,8885.010009765625
15,599616020898.3195,1780936891312.471,6533,61,599616020813.7041,8892.702392578125
15,599616020898.3195,1780936891312.4731,-5913,62,599616020821.3964,8900.394653320312
15,599616020898.3195,1780936891312.4758,3499,63,599616020829.0887,8908.087036132812
15,599616020898.3195,1780936891312.478,1907,64,599616020836.781,8915.779296875
15,599616020898.3195,1780936891312.481,-5020,65,599616020844.4733,8923.471557617188
15,599616020898.3195,1780936891312.4832,6942,66,599616020852.1656,8931.163940429688
15,599616020898.3195,1780936891312.4858,-4075,67,599616020859.8579,8938.856201171875
15,599616020898.3195,1780936891312.488,441,68,599616020867.5502,8946.548461914062
15,599616020898.3195,1780936891312.49,4758,69,599616020875.2426,8954.240844726562
15,599616020898.3195,1780936891312.492,-6212,70,599616020882.9348,8961.93310546875
15,599616020898.3195,1780936891312.4949,5894,71,599616020890.6272,8969.62548828125
15,599616020898.3195,1780936891312.4968,-1182,72,599616020898.3195,8977.317749023438
16,599616021459.8864,1780936891850.572,-2725,0,599616020906.0402,8985.038452148438
16,599616021459.8864,1780936891850.5818,6682,1,599616020913.7325,8992.730834960938
16,599616021459.8864,1780936891850.584,-5771,2,599616020921.4248,9000.423095703125
16,599616021459.8864,1780936891850.587,3371,3,599616020929.1171,9008.115356445312
16,599616021459.8864,1780936891850.589,2067,4,599616020936.8094,9015.807739257812
16,599616021459.8864,1780936891850.591,-5069,5,599616020944.5017,9023.5
16,599616021459.8864,1780936891850.593,6935,6,599616020952.1941,9031.1923828125
16,599616021459.8864,1780936891850.596,-4021,7,599616020959.8864,9038.884643554688
16,599616021459.8864,1780936891850.5981,206,8,599616020967.5786,9046.576904296875
16,599616021459.8864,1780936891850.601,4865,9,599616020975.271,9054.269287109375
16,599616021459.8864,1780936891850.603,-6245,10,599616020982.9633,9061.961547851562
16,599616021459.8864,1780936891850.605,5752,11,599616020990.6556,9069.653930664062
16,599616021459.8864,1780936891850.607,-1078,12,599616020998.3479,9077.34619140625
16,599616021459.8864,1780936891850.6091,-2953,13,599616021006.0402,9085.038452148438
16,599616021459.8864,1780936891850.611,6586,14,599616021013.7325,9092.730834960938
16,599616021459.8864,1780936891850.613,-5799,15,599616021021.4248,9100.423095703125
16,599616021459.8864,1780936891850.615,3248,16,599616021029.1171,9108.115356445312
16,599616021459.8864,1780936891850.617,2177,17,599616021036.8094,9115.807739257812
16,599616021459.8864,1780936891850.6191,-5255,18,599616021044.5017,9123.5
16,599616021459.8864,1780936891850.621,6907,19,599616021052.1941,9131.1923828125
16,599616021459.8864,1780936891850.6301,-3842,20,599616021059.8864,9138.884643554688
16,599616021459.8864,1780936891850.6318,111,21,599616021067.5786,9146.576904296875
16,599616021459.8864,1780936891850.634,5060,22,599616021075.271,9154.269287109375
16,599616021459.8864,1780936891850.637,-6208,23,599616021082.9633,9161.961547851562
16,599616021459.8864,1780936891850.6392,5643,24,599616021090.6556,9169.653930664062
16,599616021459.8864,1780936891850.641,-871,25,599616021098.3479,9177.34619140625
16,599616021459.8864,1780936891850.6428,-2964,26,599616021106.0402,9185.038452148438
16,599616021459.8864,1780936891850.645,6649,27,599616021113.7325,9192.730834960938
16,599616021459.8864,1780936891850.647,-5799,28,599616021121.4248,9200.423095703125
16,599616021459.8864,1780936891850.6492,3127,29,599616021129.1171,9208.115356445312
16,599616021459.8864,1780936891850.6528,2374,30,599616021136.8094,9215.807739257812
16,599616021459.8864,1780936891850.655,-5348,31,599616021144.5017,9223.5
16,599616021459.8864,1780936891850.657,6895,32,599616021152.1941,9231.1923828125
16,599616021459.8864,1780936891850.659,-3682,33,599616021159.8864,9238.884643554688
16,599616021459.8864,1780936891850.6611,-88,34,599616021167.5786,9246.576904296875
16,599616021459.8864,1780936891850.6628,5071,35,599616021175.271,9254.269287109375
16,599616021459.8864,1780936891850.665,-6303,36,599616021182.9633,9261.961547851562
16,599616021459.8864,1780936891850.667,5504,37,599616021190.6556,9269.653930664062
16,599616021459.8864,1780936891850.669,-706,38,599616021198.3479,9277.34619140625
16,599616021459.8864,1780936891850.6711,-3069,39,599616021206.0402,9285.038452148438
16,599616021459.8864,1780936891850.6738,6714,40,599616021213.7325,9292.730834960938
16,599616021459.8864,1780936891850.676,-5715,41,599616021221.4248,9300.423095703125
16,599616021459.8864,1780936891850.678,2999,42,599616021229.1171,9308.115356445312
16,599616021459.8864,1780936891850.6802,2462,43,599616021236.8094,9315.807739257812
16,599616021459.8864,1780936891850.6821,-5578,44,599616021244.5017,9323.5
16,599616021459.8864,1780936891850.6838,6800,45,599616021252.1941,9331.1923828125
16,599616021459.8864,1780936891850.686,-3578,46,599616021259.8864,9338.884643554688
16,599616021459.8864,1780936891850.688,-318,47,599616021267.5786,9346.576904296875
16,599616021459.8864,1780936891850.69,5164,48,599616021275.271,9354.269287109375
16,599616021459.8864,1780936891850.6921,-6270,49,599616021282.9633,9361.961547851562
16,599616021459.8864,1780936891850.6938,5425,50,599616021290.6556,9369.653930664062
16,599616021459.8864,1780936891850.696,-615,51,599616021298.3479,9377.34619140625
16,599616021459.8864,1780936891850.698,-3336,52,599616021306.0402,9385.038452148438
16,599616021459.8864,1780936891850.7,6700,53,599616021313.7325,9392.730834960938
16,599616021459.8864,1780936891850.7021,-5676,54,599616021321.4248,9400.423095703125
16,599616021459.8864,1780936891850.7039,2764,55,599616021329.1171,9408.115356445312
16,599616021459.8864,1780936891850.706,2599,56,599616021336.8094,9415.807739257812
16,599616021459.8864,1780936891850.708,-5555,57,599616021344.5017,9423.5
16,599616021459.8864,1780936891850.71,6795,58,599616021352.1941,9431.1923828125
16,599616021459.8864,1780936891850.7122,-3487,59,599616021359.8864,9438.884643554688
16,599616021459.8864,1780936891850.7139,-508,60,599616021367.5786,9446.576904296875
16,599616021459.8864,1780936891850.716,5234,61,599616021375.271,9454.269287109375
16,599616021459.8864,1780936891850.718,-6261,62,599616021382.9633,9461.961547851562
16,599616021459.8864,1780936891850.721,5374,63,599616021390.6556,9469.653930664062
16,599616021459.8864,1780936891850.7231,-390,64,599616021398.3479,9477.34619140625
16,599616021459.8864,1780936891850.7249,-3406,65,599616021406.0402,9485.038452148438
16,599616021459.8864,1780936891850.727,6761,66,599616021413.7325,9492.730834960938
16,599616021459.8864,1780936891850.729,-5527,67,599616021421.4248,9500.423095703125
16,599616021459.8864,1780936891850.731,2667,68,599616021429.1171,9508.115356445312
16,599616021459.8864,1780936891850.7332,2711,69,599616021436.8094,9515.807739257812
16,599616021459.8864,1780936891850.7349,-5590,70,599616021444.5017,9523.5
16,599616021459.8864,1780936891850.737,6830,71,599616021452.1941,9531.1923828125
16,599616021459.8864,1780936891850.739,-3292,72,599616021459.8864,9538.884643554688
17,599616022021.4531,1780936892435.689,-555,0,599616021467.6069,9546.605224609375
17,599616022021.4531,1780936892435.701,5390,1,599616021475.2993,9554.297607421875
17,599616022021.4531,1780936892435.7048,-6268,2,599616021482.9916,9561.989868164062
17,599616022021.4531,1780936892435.708,5264,3,599616021490.6838,9569.68212890625
17,599616022021.4531,1780936892435.731,-315,4,599616021498.3762,9577.37451171875
17,599616022021.4531,1780936892435.735,-3645,5,599616021506.0685,9585.066772460938
17,599616022021.4531,1780936892435.739,6784,6,599616021513.7609,9592.759155273438
17,599616022021.4531,1780936892435.742,-5464,7,599616021521.4531,9600.451416015625
17,599616022021.4531,1780936892435.745,2481,8,599616021529.1454,9608.143676757812
17,599616022021.4531,1780936892435.748,2860,9,599616021536.8378,9615.836059570312
17,599616022021.4531,1780936892435.751,-5729,10,599616021544.53,9623.5283203125
17,599616022021.4531,1780936892435.7542,6665,11,599616021552.2224,9631.220703125
17,599616022021.4531,1780936892435.7568,-3217,12,599616021559.9147,9638.912963867188
17,599616022021.4531,1780936892435.76,-766,13,599616021567.6069,9646.605224609375
17,599616022021.4531,1780936892435.7642,5392,14,599616021575.2993,9654.297607421875
17,599616022021.4531,1780936892435.7668,-6363,15,599616021582.9916,9661.989868164062
17,599616022021.4531,1780936892435.77,5060,16,599616021590.6838,9669.68212890625
17,599616022021.4531,1780936892435.773,-178,17,599616021598.3762,9677.37451171875
17,599616022021.4531,1780936892435.776,-3705,18,599616021606.0685,9685.066772460938
17,599616022021.4531,1780936892435.78,6795,19,599616021613.7609,9692.759155273438
17,599616022021.4531,1780936892435.783,-5457,20,599616021621.4531,9700.451416015625
17,599616022021.4531,1780936892435.786,2335,21,599616021629.1454,9708.143676757812
17,599616022021.4531,1780936892435.789,3036,22,599616021636.8378,9715.836059570312
17,599616022021.4531,1780936892435.792,-5703,23,599616021644.53,9723.5283203125
17,599616022021.4531,1780936892435.7952,6663,24,599616021652.2224,9731.220703125
17,599616022021.4531,1780936892435.7988,-3166,25,599616021659.9147,9738.912963867188
17,599616022021.4531,1780936892435.802,-936,26,599616021667.6069,9746.605224609375
17,599616022021.4531,1780936892435.8052,5548,27,599616021675.2993,9754.297607421875
17,599616022021.4531,1780936892435.8079,-6319,28,599616021682.9916,9761.989868164062
17,599616022021.4531,1780936892435.812,4962,29,599616021690.6838,9769.68212890625
17,599616022021.4531,1780936892435.814,4,30,599616021698.3762,9777.37451171875
17,599616022021.4531,1780936892435.817,-3789,31,599616021706.0685,9785.066772460938
17,599616022021.4531,1780936892435.82,6849,32,599616021713.7609,9792.759155273438
17,599616022021.4531,1780936892435.822,-5362,33,599616021721.4531,9800.451416015625
17,599616022021.4531,1780936892435.8252,2114,34,599616021729.1454,9808.143676757812
17,599616022021.4531,1780936892435.827,3124,35,599616021736.8378,9815.836059570312
17,599616022021.4531,1780936892435.83,-5683,36,599616021744.53,9823.5283203125
17,599616022021.4531,1780936892435.832,6649,37,599616021752.2224,9831.220703125
17,599616022021.4531,1780936892435.835,-3022,38,599616021759.9147,9838.912963867188
17,599616022021.4531,1780936892435.837,-978,39,599616021767.6069,9846.605224609375
17,599616022021.4531,1780936892435.8398,5701,40,599616021775.2993,9854.297607421875
17,599616022021.4531,1780936892435.842,-6298,41,599616021782.9916,9861.989868164062
17,599616022021.4531,1780936892435.845,4911,42,599616021790.6838,9869.68212890625
17,599616022021.4531,1780936892435.848,188,43,599616021798.3762,9877.37451171875
17,599616022021.4531,1780936892435.8499,-3917,44,599616021806.0685,9885.066772460938
17,599616022021.4531,1780936892435.853,6856,45,599616021813.7609,9892.759155273438
17,599616022021.4531,1780936892435.855,-5257,46,599616021821.4531,9900.451416015625
17,599616022021.4531,1780936892435.858,2063,47,599616021829.1454,9908.143676757812
17,599616022021.4531,1780936892435.8599,3273,48,599616021836.8378,9915.836059570312
17,599616022021.4531,1780936892435.863,-5861,49,599616021844.53,9923.5283203125
17,599616022021.4531,1780936892435.865,6540,50,599616021852.2224,9931.220703125
17,599616022021.4531,1780936892435.868,-2941,51,599616021859.9147,9938.912963867188
17,599616022021.4531,1780936892435.8699,-1277,52,599616021867.6069,9946.605224609375
17,599616022021.4531,1780936892435.873,5706,53,599616021875.2993,9954.297607421875
17,599616022021.4531,1780936892435.875,-6296,54,599616021882.9916,9961.989868164062
17,599616022021.4531,1780936892435.878,4714,55,599616021890.6838,9969.68212890625
17,599616022021.4531,1780936892435.8809,257,56,599616021898.3762,9977.37451171875
17,599616022021.4531,1780936892435.883,-4065,57,599616021906.0685,9985.066772460938
17,599616022021.4531,1780936892435.886,6847,58,599616021913.7609,9992.759155273438
17,599616022021.4531,1780936892435.888,-5183,59,599616021921.4531,10000.451416015625
17,599616022021.4531,1780936892435.8909,1884,60,599616021929.1454,10008.143676757812
17,599616022021.4531,1780936892435.893,3336,61,599616021936.8378,10015.836059570312
17,599616022021.4531,1780936892435.896,-5936,62,599616021944.53,10023.5283203125
17,599616022021.4531,1780936892435.898,6486,63,599616021952.2224,10031.220703125
17,599616022021.4531,1780936892435.901,-2774,64,599616021959.9147,10038.912963867188
17,599616022021.4531,1780936892435.903,-1331,65,599616021967.6069,10046.605224609375
17,599616022021.4531,1780936892435.906,5755,66,599616021975.2993,10054.297607421875
17,599616022021.4531,1780936892435.908,-6347,67,599616021982.9916,10061.989868164062
17,599616022021.4531,1780936892435.911,4670,68,599616021990.6838,10069.68212890625
17,599616022021.4531,1780936892435.913,473,69,599616021998.3762,10077.37451171875
17,599616022021.4531,1780936892435.916,-4170,70,599616022006.0685,10085.066772460938
17,599616022021.4531,1780936892435.919,6867,71,599616022013.7609,10092.759155273438
17,599616022021.4531,1780936892435.921,-5081,72,599616022021.4531,10100.451416015625
18,599616022583.0199,1780936893021.6,1751,0,599616022029.1737,10108.171997070312
18,599616022583.0199,1780936893021.6128,3501,1,599616022036.8661,10115.864379882812
18,599616022583.0199,1780936893021.616,-5933,2,599616022044.5583,10123.556640625
18,599616022583.0199,1780936893021.6191,6445,3,599616022052.2506,10131.248901367188
18,599616022583.0199,1780936893021.6218,-2611,4,599616022059.943,10138.941284179688
18,599616022583.0199,1780936893021.624,-1438,5,599616022067.6353,10146.633544921875
18,599616022583.0199,1780936893021.6328,5838,6,599616022075.3276,10154.325927734375
18,599616022583.0199,1780936893021.637,-6380,7,599616022083.0199,10162.018188476562
18,599616022583.0199,1780936893021.6392,4437,8,599616022090.7122,10169.71044921875
18,599616022583.0199,1780936893021.642,578,9,599616022098.4045,10177.40283203125
18,599616022583.0199,1780936893021.645,-4233,10,599616022106.0968,10185.095092773438
18,599616022583.0199,1780936893021.648,6877,11,599616022113.7892,10192.787475585938
18,599616022583.0199,1780936893021.6501,-5027,12,599616022121.4814,10200.479736328125
18,599616022583.0199,1780936893021.6528,1619,13,599616022129.1737,10208.171997070312
18,599616022583.0199,1780936893021.655,3636,14,599616022136.8661,10215.864379882812
18,599616022583.0199,1780936893021.658,-6010,15,599616022144.5583,10223.556640625
18,599616022583.0199,1780936893021.6602,6405,16,599616022152.2506,10231.248901367188
18,599616022583.0199,1780936893021.6628,-2465,17,599616022159.943,10238.941284179688
18,599616022583.0199,1780936893021.665,-1642,18,599616022167.6353,10246.633544921875
18,599616022583.0199,1780936893021.667,5887,19,599616022175.3276,10254.325927734375
18,599616022583.0199,1780936893021.676,-6287,20,599616022183.0199,10262.018188476562
18,599616022583.0199,1780936893021.679,4393,21,599616022190.7122,10269.71044921875
18,599616022583.0199,1780936893021.6821,666,22,599616022198.4045,10277.40283203125
18,599616022583.0199,1780936893021.6838,-4442,23,599616022206.0968,10285.095092773438
18,599616022583.0199,1780936893021.687,6851,24,599616022213.7892,10292.787475585938
18,599616022583.0199,1780936893021.69,-5013,25,599616022221.4814,10300.479736328125
18,599616022583.0199,1780936893021.6929,1370,26,599616022229.1737,10308.171997070312
18,599616022583.0199,1780936893021.6948,3740,27,599616022236.8661,10315.864379882812
18,599616022583.0199,1780936893021.698,-6061,28,599616022244.5583,10323.556640625
18,599616022583.0199,1780936893021.7,6280,29,599616022252.2506,10331.248901367188
18,599616022583.0199,1780936893021.7031,-2420,30,599616022259.943,10338.941284179688
18,599616022583.0199,1780936893021.706,-1854,31,599616022267.6353,10346.633544921875
18,599616022583.0199,1780936893021.708,5957,32,599616022275.3276,10354.325927734375
18,599616022583.0199,1780936893021.7112,-6203,33,599616022283.0199,10362.018188476562
18,599616022583.0199,1780936893021.7131,4282,34,599616022290.7122,10369.71044921875
18,599616022583.0199,1780936893021.716,759,35,599616022298.4045,10377.40283203125
18,599616022583.0199,1780936893021.718,-4516,36,599616022306.0968,10385.095092773438
18,599616022583.0199,1780936893021.72,6935,37,599616022313.7892,10392.787475585938
18,599616022583.0199,1780936893021.7231,-4911,38,599616022321.4814,10400.479736328125
18,599616022583.0199,1780936893021.7249,1224,39,599616022329.1737,10408.171997070312
18,599616022583.0199,1780936893021.727,3894,40,599616022336.8661,10415.864379882812
18,599616022583.0199,1780936893021.73,-6147,41,599616022344.5583,10423.556640625
18,599616022583.0199,1780936893021.7322,6152,42,599616022352.2506,10431.248901367188
18,599616022583.0199,1780936893021.7349,-2214,43,599616022359.943,10438.941284179688
18,599616022583.0199,1780936893021.737,-1893,44,599616022367.6353,10446.633544921875
18,599616022583.0199,1780936893021.739,6026,45,599616022375.3276,10454.325927734375
18,599616022583.0199,1780936893021.7422,-6210,46,599616022383.0199,10462.018188476562
18,599616022583.0199,1780936893021.744,4189,47,599616022390.7122,10469.71044921875
18,599616022583.0199,1780936893021.7458,938,48,599616022398.4045,10477.40283203125
18,599616022583.0199,1780936893021.749,-4695,49,599616022406.0968,10485.095092773438
18,599616022583.0199,1780936893021.751,6893,50,599616022413.7892,10492.787475585938
18,599616022583.0199,1780936893021.754,-4760,51,599616022421.4814,10500.479736328125
18,599616022583.0199,1780936893021.7559,1096,52,599616022429.1737,10508.171997070312
18,599616022583.0199,1780936893021.759,3986,53,599616022436.8661,10515.864379882812
18,599616022583.0199,1780936893021.761,-6236,54,599616022444.5583,10523.556640625
18,599616022583.0199,1780936893021.7642,6061,55,599616022452.2506,10531.248901367188
18,599616022583.0199,1780936893021.7659,-2079,56,599616022459.943,10538.941284179688
18,599616022583.0199,1780936893021.768,-2063,57,599616022467.6353,10546.633544921875
18,599616022583.0199,1780936893021.771,6071,58,599616022475.3276,10554.325927734375
18,599616022583.0199,1780936893021.7732,-6224,59,599616022483.0199,10562.018188476562
18,599616022583.0199,1780936893021.776,4047,60,599616022490.7122,10569.71044921875
18,599616022583.0199,1780936893021.778,1170,61,599616022498.4045,10577.40283203125
18,599616022583.0199,1780936893021.78,-4756,62,599616022506.0968,10585.095092773438
18,599616022583.0199,1780936893021.7832,6821,63,599616022513.7892,10592.787475585938
18,599616022583.0199,1780936893021.785,-4683,64,599616022521.4814,10600.479736328125
18,599616022583.0199,1780936893021.7878,980,65,599616022529.1737,10608.171997070312
18,599616022583.0199,1780936893021.79,4124,66,599616022536.8661,10615.864379882812
18,599616022583.0199,1780936893021.792,-6177,67,599616022544.5583,10623.556640625
18,599616022583.0199,1780936893021.8352,6110,68,599616022552.2506,10631.248901367188
18,599616022583.0199,1780936893021.838,-1933,69,599616022559.943,10638.941284179688
18,599616022583.0199,1780936893021.84,-2209,70,599616022567.6353,10646.633544921875
18,599616022583.0199,1780936893021.843,6168,71,599616022575.3276,10654.325927734375
18,599616022583.0199,1780936893021.8452,-6205,72,599616022583.0199,10662.018188476562
19,599616023144.607,1780936893563.009,3880,0,599616022590.7609,10669.759155273438
19,599616023144.607,1780936893563.02,1322,1,599616022598.4532,10677.451538085938
19,599616023144.607,1780936893563.0232,-4797,2,599616022606.1455,10685.143798828125
19,599616023144.607,1780936893563.025,6872,3,599616022613.8378,10692.836059570312
19,599616023144.607,1780936893563.028,-4604,4,599616022621.5302,10700.528442382812
19,599616023144.607,1780936893563.031,766,5,599616022629.2224,10708.220703125
19,599616023144.607,1780936893563.0342,4230,6,599616022636.9148,10715.9130859375
19,599616023144.607,1780936893563.036,-6217,7,599616022644.607,10723.605346679688
19,599616023144.607,1780936893563.039,6006,8,599616022652.2993,10731.297607421875
19,599616023144.607,1780936893563.0442,-1775,9,599616022659.9917,10738.989990234375
19,599616023144.607,1780936893563.046,-2300,10,599616022667.684,10746.682250976562
19,599616023144.607,1780936893563.049,6282,11,599616022675.3763,10754.374633789062
19,599616023144.607,1780936893563.051,-6105,12,599616022683.0686,10762.06689453125
19,599616023144.607,1780936893563.0542,3775,13,599616022690.7609,10769.759155273438
19,599616023144.607,1780936893563.057,1424,14,599616022698.4532,10777.451538085938
19,599616023144.607,1780936893563.059,-4937,15,599616022706.1455,10785.143798828125
19,599616023144.607,1780936893563.062,6884,16,599616022713.8378,10792.836059570312
19,599616023144.607,1780936893563.0642,-4446,17,599616022721.5302,10800.528442382812
19,599616023144.607,1780936893563.071,664,18,599616022729.2224,10808.220703125
19,599616023144.607,1780936893563.0742,4349,19,599616022736.9148,10815.9130859375
19,599616023144.607,1780936893563.076,-6287,20,599616022744.607,10823.605346679688
19,599616023144.607,1780936893563.079,5927,21,599616022752.2993,10831.297607421875
19,599616023144.607,1780936893563.082,-1698,22,599616022759.9917,10838.989990234375
19,599616023144.607,1780936893563.084,-2583,23,599616022767.684,10846.682250976562
19,599616023144.607,1780936893563.087,6303,24,599616022775.3763,10854.374633789062
19,599616023144.607,1780936893563.0889,-6075,25,599616022783.0686,10862.06689453125
19,599616023144.607,1780936893563.092,3559,26,599616022790.7609,10869.759155273438
19,599616023144.607,1780936893563.094,1521,27,599616022798.4532,10877.451538085938
19,599616023144.607,1780936893563.097,-5065,28,599616022806.1455,10885.143798828125
19,599616023144.607,1780936893563.1,6821,29,599616022813.8378,10892.836059570312
19,599616023144.607,1780936893563.102,-4335,30,599616022821.5302,10900.528442382812
19,599616023144.607,1780936893563.1052,534,31,599616022829.2224,10908.220703125
19,599616023144.607,1780936893563.107,4440,32,599616022836.9148,10915.9130859375
19,599616023144.607,1780936893563.11,-6298,33,599616022844.607,10923.605346679688
19,599616023144.607,1780936893563.112,5936,34,599616022852.2993,10931.297607421875
19,599616023144.607,1780936893563.115,-1461,35,599616022859.9917,10938.989990234375
19,599616023144.607,1780936893563.118,-2664,36,599616022867.684,10946.682250976562
19,599616023144.607,1780936893563.1199,6394,37,599616022875.3763,10954.374633789062
19,599616023144.607,1780936893563.123,-5978,38,599616022883.0686,10962.06689453125
19,599616023144.607,1780936893563.125,3494,39,599616022890.7609,10969.759155273438
19,599616023144.607,1780936893563.128,1733,40,599616022898.4532,10977.451538085938
19,599616023144.607,1780936893563.13,-5065,41,599616022906.1455,10985.143798828125
19,599616023144.607,1780936893563.133,6863,42,599616022913.8378,10992.836059570312
19,599616023144.607,1780936893563.136,-4261,43,599616022921.5302,11000.528442382812
19,599616023144.607,1780936893563.138,350,44,599616022929.2224,11008.220703125
19,599616023144.607,1780936893563.141,4556,45,599616022936.9148,11015.9130859375
19,599616023144.607,1780936893563.143,-6380,46,599616022944.607,11023.605346679688
19,599616023144.607,1780936893563.146,5810,47,599616022952.2993,11031.297607421875
19,599616023144.607,1780936893563.148,-1284,48,599616022959.9917,11038.989990234375
19,599616023144.607,1780936893563.151,-2829,49,599616022967.684,11046.682250976562
19,599616023144.607,1780936893563.154,6363,50,599616022975.3763,11054.374633789062
19,599616023144.607,1780936893563.156,-6036,51,599616022983.0686,11062.06689453125
19,599616023144.607,1780936893563.159,3234,52,599616022990.7609,11069.759155273438
19,599616023144.607,1780936893563.161,1823,53,599616022998.4532,11077.451538085938
19,599616023144.607,1780936893563.164,-5178,54,599616023006.1455,11085.143798828125
19,599616023144.607,1780936893563.174,6798,55,599616023013.8378,11092.836059570312
19,599616023144.607,1780936893563.176,-4175,56,599616023021.5302,11100.528442382812
19,599616023144.607,1780936893563.179,181,57,599616023029.2224,11108.220703125
19,599616023144.607,1780936893563.1821,4656,58,599616023036.9148,11115.9130859375
19,599616023144.607,1780936893563.184,-6380,59,599616023044.607,11123.605346679688
19,599616023144.607,1780936893563.1868,5673,60,599616023052.2993,11131.297607421875
19,599616023144.607,1780936893563.189,-1273,61,599616023059.9917,11138.989990234375
19,599616023144.607,1780936893563.192,-2980,62,599616023067.684,11146.682250976562
19,599616023144.607,1780936893563.196,6498,63,599616023075.3763,11154.374633789062
19,599616023144.607,1780936893563.198,-5913,64,599616023083.0686,11162.06689453125
19,599616023144.607,1780936893563.201,3197,65,599616023090.7609,11169.759155273438
19,599616023144.607,1780936893563.204,2039,66,599616023098.4532,11177.451538085938
19,599616023144.607,1780936893563.207,-5255,67,599616023106.1455,11185.143798828125
19,599616023144.607,1780936893563.21,6865,68,599616023113.8378,11192.836059570312
19,599616023144.607,1780936893563.212,-3859,69,599616023121.5302,11200.528442382812
19,599616023144.607,1780936893563.215,130,70,599616023129.2224,11208.220703125
19,599616023144.607,1780936893563.218,4762,71,599616023136.9148,11215.9130859375
19,599616023144.607,1780936893563.22,-6324,72,599616023144.607,11223.605346679688
20,599616023706.1841,1780936894145.655,5666,0,599616023152.3379,11231.336181640625
20,599616023706.1841,1780936894145.6658,-1015,1,599616023160.0303,11239.028564453125
20,599616023706.1841,1780936894145.669,-2955,2,599616023167.7225,11246.720825195312
20,599616023706.1841,1780936894145.672,6586,3,599616023175.4148,11254.4130859375
20,599616023706.1841,1780936894145.675,-5803,4,599616023183.1072,11262.10546875
20,599616023706.1841,1780936894145.678,3203,5,599616023190.7994,11269.797729492188
20,599616023706.1841,1780936894145.681,2260,6,599616023198.4918,11277.490112304688
20,599616023706.1841,1780936894145.683,-5257,7,599616023206.1841,11285.182373046875
20,599616023706.1841,1780936894145.6858,6914,8,599616023213.8763,11292.874633789062
20,599616023706.1841,1780936894145.689,-3770,9,599616023221.5687,11300.567016601562
20,599616023706.1841,1780936894145.691,23,10,599616023229.261,11308.25927734375
20,599616023706.1841,1780936894145.695,4995,11,599616023236.9534,11315.95166015625
20,599616023706.1841,1780936894145.697,-6261,12,599616023244.6456,11323.643920898438
20,599616023706.1841,1780936894145.7,5617,13,599616023252.3379,11331.336181640625
20,599616023706.1841,1780936894145.7031,-820,14,599616023260.0303,11339.028564453125
20,599616023706.1841,1780936894145.705,-3020,15,599616023267.7225,11346.720825195312
20,599616023706.1841,1780936894145.708,6700,16,599616023275.4148,11354.4130859375
20,599616023706.1841,1780936894145.711,-5715,17,599616023283.1072,11362.10546875
20,599616023706.1841,1780936894145.7131,3069,18,599616023290.7994,11369.797729492188
20,599616023706.1841,1780936894145.716,2395,19,599616023298.4918,11377.490112304688
20,599616023706.1841,1780936894145.718,-5360,20,599616023306.1841,11385.182373046875
20,599616023706.1841,1780936894145.721,6872,21,599616023313.8763,11392.874633789062
20,599616023706.1841,1780936894145.724,-3638,22,599616023321.5687,11400.567016601562
20,599616023706.1841,1780936894145.726,-104,23,599616023329.261,11408.25927734375
20,599616023706.1841,1780936894145.729,5125,24,599616023336.9534,11415.95166015625
20,599616023706.1841,1780936894145.732,-6298,25,599616023344.6456,11423.643920898438
20,599616023706.1841,1780936894145.7341,5448,26,599616023352.3379,11431.336181640625
20,599616023706.1841,1780936894145.7368,-659,27,599616023360.0303,11439.028564453125
20,599616023706.1841,1780936894145.739,-3113,28,599616023367.7225,11446.720825195312
20,599616023706.1841,1780936894145.742,6691,29,599616023375.4148,11454.4130859375
20,599616023706.1841,1780936894145.745,-5710,30,599616023383.1072,11462.10546875
20,599616023706.1841,1780936894145.7468,2920,31,599616023390.7994,11469.797729492188
20,599616023706.1841,1780936894145.75,2581,32,599616023398.4918,11477.490112304688
20,599616023706.1841,1780936894145.752,-5381,33,599616023406.1841,11485.182373046875
20,599616023706.1841,1780936894145.7551,6861,34,599616023413.8763,11492.874633789062
20,599616023706.1841,1780936894145.7642,-3538,35,599616023421.5687,11500.567016601562
20,599616023706.1841,1780936894145.767,-318,36,599616023429.261,11508.25927734375
20,599616023706.1841,1780936894145.7688,5190,37,599616023436.9534,11515.95166015625
20,599616023706.1841,1780936894145.772,-6217,38,599616023444.6456,11523.643920898438
20,599616023706.1841,1780936894145.7751,5462,39,599616023452.3379,11531.336181640625
20,599616023706.1841,1780936894145.777,-520,40,599616023460.0303,11539.028564453125
20,599616023706.1841,1780936894145.78,-3276,41,599616023467.7225,11546.720825195312
20,599616023706.1841,1780936894145.784,6765,42,599616023475.4148,11554.4130859375
20,599616023706.1841,1780936894145.787,-5587,43,599616023483.1072,11562.10546875
20,599616023706.1841,1780936894145.79,2804,44,599616023490.7994,11569.797729492188
20,599616023706.1841,1780936894145.792,2702,45,599616023498.4918,11577.490112304688
20,599616023706.1841,1780936894145.7952,-5471,46,599616023506.1841,11585.182373046875
20,599616023706.1841,1780936894145.7979,6844,47,599616023513.8763,11592.874633789062
20,599616023706.1841,1780936894145.8,-3445,48,599616023521.5687,11600.567016601562
20,599616023706.1841,1780936894145.803,-543,49,599616023529.261,11608.25927734375
20,599616023706.1841,1780936894145.805,5288,50,599616023536.9534,11615.95166015625
20,599616023706.1841,1780936894145.8079,-6189,51,599616023544.6456,11623.643920898438
20,599616023706.1841,1780936894145.811,5336,52,599616023552.3379,11631.336181640625
20,599616023706.1841,1780936894145.814,-397,53,599616023560.0303,11639.028564453125
20,599616023706.1841,1780936894145.8162,-3389,54,599616023567.7225,11646.720825195312
20,599616023706.1841,1780936894145.8188,6805,55,599616023575.4148,11654.4130859375
20,599616023706.1841,1780936894145.821,-5536,56,599616023583.1072,11662.10546875
20,599616023706.1841,1780936894145.824,2613,57,599616023590.7994,11669.797729492188
20,599616023706.1841,1780936894145.8262,2806,58,599616023598.4918,11677.490112304688
20,599616023706.1841,1780936894145.8289,-5532,59,599616023606.1841,11685.182373046875
20,599616023706.1841,1780936894145.832,6812,60,599616023613.8763,11692.874633789062
20,599616023706.1841,1780936894145.834,-3252,61,599616023621.5687,11700.567016601562
20,599616023706.1841,1780936894145.8372,-555,62,599616023629.261,11708.25927734375
20,599616023706.1841,1780936894145.8389,5418,63,599616023636.9534,11715.95166015625
20,599616023706.1841,1780936894145.842,-6247,64,599616023644.6456,11723.643920898438
20,599616023706.1841,1780936894145.844,5239,65,599616023652.3379,11731.336181640625
20,599616023706.1841,1780936894145.8472,-234,66,599616023660.0303,11739.028564453125
20,599616023706.1841,1780936894145.8499,-3547,67,599616023667.7225,11746.720825195312
20,599616023706.1841,1780936894145.852,6851,68,599616023675.4148,11754.4130859375
20,599616023706.1841,1780936894145.855,-5387,69,599616023683.1072,11762.10546875
20,599616023706.1841,1780936894145.8572,2534,70,599616023690.7994,11769.797729492188
20,599616023706.1841,1780936894145.8599,2925,71,599616023698.4918,11777.490112304688
20,599616023706.1841,1780936894145.862,-5734,72,599616023706.1841,11785.182373046875
21,599616024267.761,1780936894686.045,6677,0,599616023713.9148,11792.9130859375
21,599616024267.761,1780936894686.07,-3092,1,599616023721.6072,11800.60546875
21,599616024267.761,1780936894686.074,-671,2,599616023729.2994,11808.297729492188
21,599616024267.761,1780936894686.0771,5573,3,599616023736.9917,11815.989990234375
21,599616024267.761,1780936894686.08,-6166,4,599616023744.6841,11823.682373046875
21,599616024267.761,1780936894686.083,5118,5,599616023752.3763,11831.374633789062
21,599616024267.761,1780936894686.091,-90,6,599616023760.0687,11839.067016601562
21,599616024267.761,1780936894686.094,-3638,7,599616023767.761,11846.75927734375
21,599616024267.761,1780936894686.097,6879,8,599616023775.4532,11854.451538085938
21,599616024267.761,1780936894686.099,-5325,9,599616023783.1456,11862.143920898438
21,599616024267.761,1780936894686.1018,2411,10,599616023790.8379,11869.836181640625
21,599616024267.761,1780936894686.105,3203,11,599616023798.5303,11877.528564453125
21,599616024267.761,1780936894686.107,-5592,12,599616023806.2225,11885.220825195312
21,599616024267.761,1780936894686.11,6679,13,599616023813.9148,11892.9130859375
21,599616024267.761,1780936894686.1118,-3062,14,599616023821.6072,11900.60546875
21,599616024267.761,1780936894686.115,-845,15,599616023829.2994,11908.297729492188
21,599616024267.761,1780936894686.118,5634,16,599616023836.9917,11915.989990234375
21,599616024267.761,1780936894686.12,-6289,17,599616023844.6841,11923.682373046875
21,599616024267.761,1780936894686.1228,4990,18,599616023852.3763,11931.374633789062
21,599616024267.761,1780936894686.125,120,19,599616023860.0687,11939.067016601562
21,599616024267.761,1780936894686.128,-3780,20,599616023867.761,11946.75927734375
21,599616024267.761,1780936894686.131,6867,21,599616023875.4532,11954.451538085938
21,599616024267.761,1780936894686.1328,-5350,22,599616023883.1456,11962.143920898438
21,599616024267.761,1780936894686.136,2081,23,599616023890.8379,11969.836181640625
21,599616024267.761,1780936894686.138,3313,24,599616023898.5303,11977.528564453125
21,599616024267.761,1780936894686.141,-5597,25,599616023906.2225,11985.220825195312
21,599616024267.761,1780936894686.1428,6591,26,599616023913.9148,11992.9130859375
21,599616024267.761,1780936894686.146,-2964,27,599616023921.6072,12000.60546875
21,599616024267.761,1780936894686.149,-975,28,599616023929.2994,12008.297729492188
21,599616024267.761,1780936894686.1511,5745,29,599616023936.9917,12015.989990234375
21,599616024267.761,1780936894686.1538,-6259,30,599616023944.6841,12023.682373046875
21,599616024267.761,1780936894686.156,4904,31,599616023952.3763,12031.374633789062
21,599616024267.761,1780936894686.159,274,32,599616023960.0687,12039.067016601562
21,599616024267.761,1780936894686.1611,-3928,33,599616023967.761,12046.75927734375
21,599616024267.761,1780936894686.1638,6886,34,599616023975.4532,12054.451538085938
21,599616024267.761,1780936894686.167,-5192,35,599616023983.1456,12062.143920898438
21,599616024267.761,1780936894686.1711,2035,36,599616023990.8379,12069.836181640625
21,599616024267.761,1780936894686.1738,3387,37,599616023998.5303,12077.528564453125
21,599616024267.761,1780936894686.176,-5787,38,599616024006.2225,12085.220825195312
21,599616024267.761,1780936894686.179,6598,39,599616024013.9148,12092.9130859375
21,599616024267.761,1780936894686.1812,-2762,40,599616024021.6072,12100.60546875
21,599616024267.761,1780936894686.1838,-1201,41,599616024029.2994,12108.297729492188
21,599616024267.761,1780936894686.187,5792,42,599616024036.9917,12115.989990234375
21,599616024267.761,1780936894686.189,-6245,43,599616024044.6841,12123.682373046875
21,599616024267.761,1780936894686.1921,4786,44,599616024052.3763,12131.374633789062
21,599616024267.761,1780936894686.1938,453,45,599616024060.0687,12139.067016601562
21,599616024267.761,1780936894686.197,-4091,46,599616024067.761,12146.75927734375
21,599616024267.761,1780936894686.199,6840,47,599616024075.4532,12154.451538085938
21,599616024267.761,1780936894686.2021,-5041,48,599616024083.1456,12162.143920898438
21,599616024267.761,1780936894686.2039,1937,49,599616024090.8379,12169.836181640625
21,599616024267.761,1780936894686.2112,3468,50,599616024098.5303,12177.528564453125
21,599616024267.761,1780936894686.2139,-5871,51,599616024106.2225,12185.220825195312
21,599616024267.761,1780936894686.22,6552,52,599616024113.9148,12192.9130859375
21,599616024267.761,1780936894686.2222,-2646,53,599616024121.6072,12200.60546875
21,599616024267.761,1780936894686.2249,-1398,54,599616024129.2994,12208.297729492188
21,599616024267.761,1780936894686.228,5838,55,599616024136.9917,12215.989990234375
21,599616024267.761,1780936894686.23,-6231,56,599616024144.6841,12223.682373046875
21,599616024267.761,1780936894686.2332,4665,57,599616024152.3763,12231.374633789062
21,599616024267.761,1780936894686.2349,566,58,599616024160.0687,12239.067016601562
21,599616024267.761,1780936894686.238,-4184,59,599616024167.761,12246.75927734375
21,599616024267.761,1780936894686.24,6930,60,599616024175.4532,12254.451538085938
21,599616024267.761,1780936894686.2432,-4965,61,599616024183.1456,12262.143920898438
21,599616024267.761,1780936894686.2458,1749,62,599616024190.8379,12269.836181640625
21,599616024267.761,1780936894686.249,3610,63,599616024198.5303,12277.528564453125
21,599616024267.761,1780936894686.2522,-5954,64,599616024206.2225,12285.220825195312
21,599616024267.761,1780936894686.254,6505,65,599616024213.9148,12292.9130859375
21,599616024267.761,1780936894686.2568,-2381,66,599616024221.6072,12300.60546875
21,599616024267.761,1780936894686.259,-1466,67,599616024229.2994,12308.297729492188
21,599616024267.761,1780936894686.262,5885,68,599616024236.9917,12315.989990234375
21,599616024267.761,1780936894686.2642,-6238,69,599616024244.6841,12323.682373046875
21,599616024267.761,1780936894686.2668,4537,70,599616024252.3763,12331.374633789062
21,599616024267.761,1780936894686.269,690,71,599616024260.0687,12339.067016601562
21,599616024267.761,1780936894686.272,-4305,72,599616024267.761,12346.75927734375
22,599616024829.3533,1780936895226.68,6944,0,599616024275.5071,12354.50537109375
22,599616024829.3533,1780936895226.69,-4911,1,599616024283.1995,12362.19775390625
22,599616024829.3533,1780936895226.694,1584,2,599616024290.8917,12369.890014648438
22,599616024829.3533,1780936895226.696,3782,3,599616024298.584,12377.582275390625
22,599616024829.3533,1780936895226.7,-5987,4,599616024306.2764,12385.274658203125
22,599616024829.3533,1780936895226.703,6366,5,599616024313.9686,12392.966918945312
22,599616024829.3533,1780936895226.706,-2362,6,599616024321.661,12400.659301757812
22,599616024829.3533,1780936895226.708,-1633,7,599616024329.3533,12408.3515625
22,599616024829.3533,1780936895226.711,6061,8,599616024337.0455,12416.043823242188
22,599616024829.3533,1780936895226.7139,-6133,9,599616024344.7379,12423.736206054688
22,599616024829.3533,1780936895226.716,4400,10,599616024352.4302,12431.428466796875
22,599616024829.3533,1780936895226.719,803,11,599616024360.1226,12439.120849609375
22,599616024829.3533,1780936895226.721,-4405,12,599616024367.8148,12446.813110351562
22,599616024829.3533,1780936895226.7239,6967,13,599616024375.5071,12454.50537109375
22,599616024829.3533,1780936895226.726,-4848,14,599616024383.1995,12462.19775390625
22,599616024829.3533,1780936895226.729,1391,15,599616024390.8917,12469.890014648438
22,599616024829.3533,1780936895226.731,3910,16,599616024398.584,12477.582275390625
22,599616024829.3533,1780936895226.734,-6017,17,599616024406.2764,12485.274658203125
22,599616024829.3533,1780936895226.737,6305,18,599616024413.9686,12492.966918945312
22,599616024829.3533,1780936895226.739,-2249,19,599616024421.661,12500.659301757812
22,599616024829.3533,1780936895226.742,-1830,20,599616024429.3533,12508.3515625
22,599616024829.3533,1780936895226.744,6078,21,599616024437.0455,12516.043823242188
22,599616024829.3533,1780936895226.747,-6177,22,599616024444.7379,12523.736206054688
22,599616024829.3533,1780936895226.749,4263,23,599616024452.4302,12531.428466796875
22,599616024829.3533,1780936895226.752,971,24,599616024460.1226,12539.120849609375
22,599616024829.3533,1780936895226.754,-4544,25,599616024467.8148,12546.813110351562
22,599616024829.3533,1780936895226.757,6979,26,599616024475.5071,12554.50537109375
22,599616024829.3533,1780936895226.76,-4730,27,599616024483.1995,12562.19775390625
22,599616024829.3533,1780936895226.762,1210,28,599616024490.8917,12569.890014648438
22,599616024829.3533,1780936895226.765,4019,29,599616024498.584,12577.582275390625
22,599616024829.3533,1780936895226.767,-6082,30,599616024506.2764,12585.274658203125
22,599616024829.3533,1780936895226.77,6240,31,599616024513.9686,12592.966918945312
22,599616024829.3533,1780936895226.772,-2084,32,599616024521.661,12600.659301757812
22,599616024829.3533,1780936895226.775,-2042,33,599616024529.3533,12608.3515625
22,599616024829.3533,1780936895226.778,6115,34,599616024537.0455,12616.043823242188
22,599616024829.3533,1780936895226.78,-6087,35,599616024544.7379,12623.736206054688
22,599616024829.3533,1780936895226.783,4140,36,599616024552.4302,12631.428466796875
22,599616024829.3533,1780936895226.785,1112,37,599616024560.1226,12639.120849609375
22,599616024829.3533,1780936895226.788,-4616,38,599616024567.8148,12646.813110351562
22,599616024829.3533,1780936895226.79,6956,39,599616024575.5071,12654.50537109375
22,599616024829.3533,1780936895226.793,-4711,40,599616024583.1995,12662.19775390625
22,599616024829.3533,1780936895226.795,1040,41,599616024590.8917,12669.890014648438
22,599616024829.3533,1780936895226.798,4177,42,599616024598.584,12677.582275390625
22,599616024829.3533,1780936895226.801,-6157,43,599616024606.2764,12685.274658203125
22,599616024829.3533,1780936895226.803,6143,44,599616024613.9686,12692.966918945312
22,599616024829.3533,1780936895226.806,-1865,45,599616024621.661,12700.659301757812
22,599616024829.3533,1780936895226.808,-2102,46,599616024629.3533,12708.3515625
22,599616024829.3533,1780936895226.811,6170,47,599616024637.0455,12716.043823242188
22,599616024829.3533,1780936895226.813,-6133,48,599616024644.7379,12723.736206054688
22,599616024829.3533,1780936895226.816,3984,49,599616024652.4302,12731.428466796875
22,599616024829.3533,1780936895226.818,1277,50,599616024660.1226,12739.120849609375
22,599616024829.3533,1780936895226.821,-4749,51,599616024667.8148,12746.813110351562
22,599616024829.3533,1780936895226.823,6912,52,599616024675.5071,12754.50537109375
22,599616024829.3533,1780936895226.826,-4656,53,599616024683.1995,12762.19775390625
22,599616024829.3533,1780936895226.8281,817,54,599616024690.8917,12769.890014648438
22,599616024829.3533,1780936895226.831,4282,55,599616024698.584,12777.582275390625
22,599616024829.3533,1780936895226.834,-6147,56,599616024706.2764,12785.274658203125
22,599616024829.3533,1780936895226.836,6057,57,599616024713.9686,12792.966918945312
22,599616024829.3533,1780936895226.839,-1819,58,599616024721.661,12800.659301757812
22,599616024829.3533,1780936895226.841,-2279,59,599616024729.3533,12808.3515625
22,599616024829.3533,1780936895226.844,6289,60,599616024737.0455,12816.043823242188
22,599616024829.3533,1780936895226.847,-6084,61,599616024744.7379,12823.736206054688
22,599616024829.3533,1780936895226.85,3838,62,599616024752.4302,12831.428466796875
22,599616024829.3533,1780936895226.8528,1424,63,599616024760.1226,12839.120849609375
22,599616024829.3533,1780936895226.856,-4890,64,599616024767.8148,12846.813110351562
22,599616024829.3533,1780936895226.858,6893,65,599616024775.5071,12854.50537109375
22,599616024829.3533,1780936895226.861,-4453,66,599616024783.1995,12862.19775390625
22,599616024829.3533,1780936895226.864,752,67,599616024790.8917,12869.890014648438
22,599616024829.3533,1780936895226.866,4363,68,599616024798.584,12877.582275390625
22,599616024829.3533,1780936895226.8691,-6252,69,599616024806.2764,12885.274658203125
22,599616024829.3533,1780936895226.871,6015,70,599616024813.9686,12892.966918945312
22,599616024829.3533,1780936895226.874,-1638,71,599616024821.661,12900.659301757812
22,599616024829.3533,1780936895226.876,-2476,72,599616024829.3533,12908.3515625
23,599616025390.9454,1780936895765.951,6308,0,599616024837.0992,12916.097534179688
23,599616025390.9454,1780936895765.992,-6175,1,599616024844.7916,12923.789916992188
23,599616025390.9454,1780936895766.01,3552,2,599616024852.4839,12931.482177734375
23,599616025390.9454,1780936895766.013,1603,3,599616024860.1761,12939.174438476562
23,599616025390.9454,1780936895766.019,-4967,4,599616024867.8685,12946.866821289062
23,599616025390.9454,1780936895766.023,6854,5,599616024875.5608,12954.55908203125
23,599616025390.9454,1780936895766.0261,-4279,6,599616024883.2532,12962.25146484375
23,599616025390.9454,1780936895766.0378,606,7,599616024890.9454,12969.943725585938
23,599616025390.9454,1780936895766.041,4407,8,599616024898.6377,12977.635986328125
23,599616025390.9454,1780936895766.044,-6298,9,599616024906.3301,12985.328369140625
23,599616025390.9454,1780936895766.052,5943,10,599616024914.0223,12993.020629882812
23,599616025390.9454,1780936895766.0552,-1505,11,599616024921.7147,13000.713012695312
23,599616025390.9454,1780936895766.0679,-2620,12,599616024929.407,13008.4052734375
23,599616025390.9454,1780936895766.0698,6414,13,599616024937.0992,13016.097534179688
23,599616025390.9454,1780936895766.073,-6003,14,599616024944.7916,13023.789916992188
23,599616025390.9454,1780936895766.075,3524,15,599616024952.4839,13031.482177734375
23,599616025390.9454,1780936895766.082,1721,16,599616024960.1761,13039.174438476562
23,599616025390.9454,1780936895766.088,-5097,17,599616024967.8685,13046.866821289062
23,599616025390.9454,1780936895766.091,6881,18,599616024975.5608,13054.55908203125
23,599616025390.9454,1780936895766.093,-4219,19,599616024983.2532,13062.25146484375
23,599616025390.9454,1780936895766.0962,411,20,599616024990.9454,13069.943725585938
23,599616025390.9454,1780936895766.115,4674,21,599616024998.6377,13077.635986328125
23,599616025390.9454,1780936895766.1272,-6259,22,599616025006.3301,13085.328369140625
23,599616025390.9454,1780936895766.1309,5741,23,599616025014.0223,13093.020629882812
23,599616025390.9454,1780936895766.133,-1377,24,599616025021.7147,13100.713012695312
23,599616025390.9454,1780936895766.135,-2718,25,599616025029.407,13108.4052734375
23,599616025390.9454,1780936895766.143,6445,26,599616025037.0992,13116.097534179688
23,599616025390.9454,1780936895766.145,-5989,27,599616025044.7916,13123.789916992188
23,599616025390.9454,1780936895766.1482,3368,28,599616025052.4839,13131.482177734375
23,599616025390.9454,1780936895766.151,1872,29,599616025060.1761,13139.174438476562
23,599616025390.9454,1780936895766.153,-5164,30,599616025067.8685,13146.866821289062
23,599616025390.9454,1780936895766.156,6870,31,599616025075.5608,13154.55908203125
23,599616025390.9454,1780936895766.1582,-4124,32,599616025083.2532,13162.25146484375
23,599616025390.9454,1780936895766.161,234,33,599616025090.9454,13169.943725585938
23,599616025390.9454,1780936895766.164,4728,34,599616025098.6377,13177.635986328125
23,599616025390.9454,1780936895766.171,-6340,35,599616025106.3301,13185.328369140625
23,599616025390.9454,1780936895766.174,5694,36,599616025114.0223,13193.020629882812
23,599616025390.9454,1780936895766.176,-1224,37,599616025121.7147,13200.713012695312
23,599616025390.9454,1780936895766.1792,-2899,38,599616025129.407,13208.4052734375
23,599616025390.9454,1780936895766.182,6586,39,599616025137.0992,13216.097534179688
23,599616025390.9454,1780936895766.184,-5896,40,599616025144.7916,13223.789916992188
23,599616025390.9454,1780936895766.187,3203,41,599616025152.4839,13231.482177734375
23,599616025390.9454,1780936895766.1892,2137,42,599616025160.1761,13239.174438476562
23,599616025390.9454,1780936895766.191,-5225,43,599616025167.8685,13246.866821289062
23,599616025390.9454,1780936895766.1929,6791,44,599616025175.5608,13254.55908203125
23,599616025390.9454,1780936895766.195,-4026,45,599616025183.2532,13262.25146484375
23,599616025390.9454,1780936895766.197,11,46,599616025190.9454,13269.943725585938
23,599616025390.9454,1780936895766.1992,4851,47,599616025198.6377,13277.635986328125
23,599616025390.9454,1780936895766.201,-6319,48,599616025206.3301,13285.328369140625
23,599616025390.9454,1780936895766.203,5597,49,599616025214.0223,13293.020629882812
23,599616025390.9454,1780936895766.206,-1031,50,599616025221.7147,13300.713012695312
23,599616025390.9454,1780936895766.208,-3059,51,599616025229.407,13308.4052734375
23,599616025390.9454,1780936895766.21,6582,52,599616025237.0992,13316.097534179688
23,599616025390.9454,1780936895766.212,-5838,53,599616025244.7916,13323.789916992188
23,599616025390.9454,1780936895766.2139,3078,54,599616025252.4839,13331.482177734375
23,599616025390.9454,1780936895766.216,2251,55,599616025260.1761,13339.174438476562
23,599616025390.9454,1780936895766.218,-5390,56,599616025267.8685,13346.866821289062
23,599616025390.9454,1780936895766.2202,6791,57,599616025275.5608,13354.55908203125
23,599616025390.9454,1780936895766.222,-3810,58,599616025283.2532,13362.25146484375
23,599616025390.9454,1780936895766.2239,-113,59,599616025290.9454,13369.943725585938
23,599616025390.9454,1780936895766.227,4951,60,599616025298.6377,13377.635986328125
23,599616025390.9454,1780936895766.229,-6373,61,599616025306.3301,13385.328369140625
23,599616025390.9454,1780936895766.231,5515,62,599616025314.0223,13393.020629882812
23,599616025390.9454,1780936895766.233,-817,63,599616025321.7147,13400.713012695312
23,599616025390.9454,1780936895766.235,-3229,64,599616025329.407,13408.4052734375
23,599616025390.9454,1780936895766.237,6563,65,599616025337.0992,13416.097534179688
23,599616025390.9454,1780936895766.239,-5799,66,599616025344.7916,13423.789916992188
23,599616025390.9454,1780936895766.241,2920,67,599616025352.4839,13431.482177734375
23,599616025390.9454,1780936895766.243,2411,68,599616025360.1761,13439.174438476562
23,599616025390.9454,1780936895766.2449,-5501,69,599616025367.8685,13446.866821289062
23,599616025390.9454,1780936895766.247,6712,70,599616025375.5608,13454.55908203125
23,599616025390.9454,1780936895766.249,-3666,71,599616025383.2532,13462.25146484375
23,599616025390.9454,1780936895766.251,-278,72,599616025390.9454,13469.943725585938
24,599616025952.5377,1780936896397.0981,5025,0,599616025398.6915,13477.689819335938
24,599616025952.5377,1780936896397.114,-6391,1,599616025406.3839,13485.382202148438
24,599616025952.5377,1780936896397.1191,5392,2,599616025414.0762,13493.074462890625
24,599616025952.5377,1780936896397.124,-673,3,599616025421.7684,13500.766723632812
24,599616025952.5377,1780936896397.1282,-3336,4,599616025429.4608,13508.459106445312
24,599616025952.5377,1780936896397.1318,6621,5,599616025437.1531,13516.1513671875
24,599616025952.5377,1780936896397.135,-5734,6,599616025444.8455,13523.84375
24,599616025952.5377,1780936896397.1392,2776,7,599616025452.5377,13531.536010742188
24,599616025952.5377,1780936896397.1418,2544,8,599616025460.23,13539.228271484375
24,599616025952.5377,1780936896397.146,-5585,9,599616025467.9224,13546.920654296875
24,599616025952.5377,1780936896397.1492,6735,10,599616025475.6146,13554.612915039062
24,599616025952.5377,1780936896397.1528,-3540,11,599616025483.307,13562.305297851562
24,599616025952.5377,1780936896397.157,-492,12,599616025490.9993,13569.99755859375
24,599616025952.5377,1780936896397.1602,5146,13,599616025498.6915,13577.689819335938
24,599616025952.5377,1780936896397.164,-6384,14,599616025506.3839,13585.382202148438
24,599616025952.5377,1780936896397.167,5241,15,599616025514.0762,13593.074462890625
24,599616025952.5377,1780936896397.171,-555,16,599616025521.7684,13600.766723632812
24,599616025952.5377,1780936896397.1738,-3489,17,599616025529.4608,13608.459106445312
24,599616025952.5377,1780936896397.178,6665,18,599616025537.1531,13616.1513671875
24,599616025952.5377,1780936896397.1812,-5666,19,599616025544.8455,13623.84375
24,599616025952.5377,1780936896397.185,2555,20,599616025552.5377,13631.536010742188
24,599616025952.5377,1780936896397.188,2620,21,599616025560.23,13639.228271484375
24,599616025952.5377,1780936896397.192,-5643,22,599616025567.9224,13646.920654296875
24,599616025952.5377,1780936896397.195,6726,23,599616025575.6146,13654.612915039062
24,599616025952.5377,1780936896397.199,-3440,24,599616025583.307,13662.305297851562
24,599616025952.5377,1780936896397.202,-650,25,599616025590.9993,13669.99755859375
24,599616025952.5377,1780936896397.206,5290,26,599616025598.6915,13677.689819335938
24,599616025952.5377,1780936896397.209,-6410,27,599616025606.3839,13685.382202148438
24,599616025952.5377,1780936896397.213,5090,28,599616025614.0762,13693.074462890625
24,599616025952.5377,1780936896397.216,-413,29,599616025621.7684,13700.766723632812
24,599616025952.5377,1780936896397.22,-3677,30,599616025629.4608,13708.459106445312
24,599616025952.5377,1780936896397.223,6665,31,599616025637.1531,13716.1513671875
24,599616025952.5377,1780936896397.227,-5552,32,599616025644.8455,13723.84375
24,599616025952.5377,1780936896397.23,2407,33,599616025652.5377,13731.536010742188
24,599616025952.5377,1780936896397.234,2736,34,599616025660.23,13739.228271484375
24,599616025952.5377,1780936896397.237,-5710,35,599616025667.9224,13746.920654296875
24,599616025952.5377,1780936896397.2412,6675,36,599616025675.6146,13754.612915039062
24,599616025952.5377,1780936896397.26,-3350,37,599616025683.307,13762.305297851562
24,599616025952.5377,1780936896397.263,-827,38,599616025690.9993,13769.99755859375
24,599616025952.5377,1780936896397.267,5408,39,599616025698.6915,13777.689819335938
24,599616025952.5377,1780936896397.27,-6366,40,599616025706.3839,13785.382202148438
24,599616025952.5377,1780936896397.274,5006,41,599616025714.0762,13793.074462890625
24,599616025952.5377,1780936896397.277,-253,42,599616025721.7684,13800.766723632812
24,599616025952.5377,1780936896397.281,-3782,43,599616025729.4608,13808.459106445312
24,599616025952.5377,1780936896397.286,6700,44,599616025737.1531,13816.1513671875
24,599616025952.5377,1780936896397.289,-5480,45,599616025744.8455,13823.84375
24,599616025952.5377,1780936896397.293,2297,46,599616025752.5377,13831.536010742188
24,599616025952.5377,1780936896397.296,2918,47,599616025760.23,13839.228271484375
24,599616025952.5377,1780936896397.3,-5780,48,599616025767.9224,13846.920654296875
24,599616025952.5377,1780936896397.3032,6598,49,599616025775.6146,13854.612915039062
24,599616025952.5377,1780936896397.307,-3336,50,599616025783.307,13862.305297851562
24,599616025952.5377,1780936896397.31,-1110,51,599616025790.9993,13869.99755859375
24,599616025952.5377,1780936896397.314,5508,52,599616025798.6915,13877.689819335938
24,599616025952.5377,1780936896397.317,-6338,53,599616025806.3839,13885.382202148438
24,599616025952.5377,1780936896397.321,4900,54,599616025814.0762,13893.074462890625
24,599616025952.5377,1780936896397.324,-51,55,599616025821.7684,13900.766723632812
24,599616025952.5377,1780936896397.328,-3870,56,599616025829.4608,13908.459106445312
24,599616025952.5377,1780936896397.331,6744,57,599616025837.1531,13916.1513671875
24,599616025952.5377,1780936896397.335,-5413,58,599616025844.8455,13923.84375
24,599616025952.5377,1780936896397.338,2125,59,599616025852.5377,13931.536010742188
24,599616025952.5377,1780936896397.342,3097,60,599616025860.23,13939.228271484375
24,599616025952.5377,1780936896397.345,-5815,61,599616025867.9224,13946.920654296875
24,599616025952.5377,1780936896397.348,6570,62,599616025875.6146,13954.612915039062
24,599616025952.5377,1780936896397.352,-3036,63,599616025883.307,13962.305297851562
24,599616025952.5377,1780936896397.356,-1061,64,599616025890.9993,13969.99755859375
24,599616025952.5377,1780936896397.397,5615,65,599616025898.6915,13977.689819335938
24,599616025952.5377,1780936896397.4111,-6366,66,599616025906.3839,13985.382202148438
24,599616025952.5377,1780936896397.416,4853,67,599616025914.0762,13993.074462890625
24,599616025952.5377,1780936896397.42,164,68,599616025921.7684,14000.766723632812
24,599616025952.5377,1780936896397.424,-3979,69,599616025929.4608,14008.459106445312
24,599616025952.5377,1780936896397.428,6847,70,599616025937.1531,14016.1513671875
24,599616025952.5377,1780936896397.438,-5236,71,599616025944.8455,14023.84375
24,599616025952.5377,1780936896397.4421,1965,72,599616025952.5377,14031.536010742188
25,599616026514.1096,1780936896983.1829,3217,0,599616025960.2634,14039.26171875
25,599616026514.1096,1780936896983.227,-5843,1,599616025967.9558,14046.9541015625
25,599616026514.1096,1780936896983.242,6531,2,599616025975.6481,14054.646362304688
25,599616026514.1096,1780936896983.257,-2894,3,599616025983.3403,14062.338623046875
25,599616026514.1096,1780936896983.275,-1196,4,599616025991.0327,14070.031005859375
25,599616026514.1096,1780936896983.289,5708,5,599616025998.725,14077.723266601562
25,599616026514.1096,1780936896983.302,-6363,6,599616026006.4174,14085.415649414062
25,599616026514.1096,1780936896983.318,4737,7,599616026014.1096,14093.10791015625
25,599616026514.1096,1780936896983.331,315,8,599616026021.8019,14100.800170898438
25,599616026514.1096,1780936896983.345,-4126,9,599616026029.4943,14108.492553710938
25,599616026514.1096,1780936896983.3591,6837,10,599616026037.1865,14116.184814453125
25,599616026514.1096,1780936896983.372,-5188,11,599616026044.8789,14123.877197265625
25,599616026514.1096,1780936896983.386,1800,12,599616026052.5712,14131.569458007812
25,599616026514.1096,1780936896983.4001,3366,13,599616026060.2634,14139.26171875
25,599616026514.1096,1780936896983.413,-5906,14,599616026067.9558,14146.9541015625
25,599616026514.1096,1780936896983.426,6484,15,599616026075.6481,14154.646362304688
25,599616026514.1096,1780936896983.439,-2755,16,599616026083.3403,14162.338623046875
25,599616026514.1096,1780936896983.4521,-1382,17,599616026091.0327,14170.031005859375
25,599616026514.1096,1780936896983.464,5778,18,599616026098.725,14177.723266601562
25,599616026514.1096,1780936896983.478,-6347,19,599616026106.4174,14185.415649414062
25,599616026514.1096,1780936896983.491,4591,20,599616026114.1096,14193.10791015625
25,599616026514.1096,1780936896983.5032,434,21,599616026121.8019,14200.800170898438
25,599616026514.1096,1780936896983.5159,-4265,22,599616026129.4943,14208.492553710938
25,599616026514.1096,1780936896983.529,6844,23,599616026137.1865,14216.184814453125
25,599616026514.1096,1780936896983.542,-5099,24,599616026144.8789,14223.877197265625
25,599616026514.1096,1780936896983.5552,1658,25,599616026152.5712,14231.569458007812
25,599616026514.1096,1780936896983.607,3480,26,599616026160.2634,14239.26171875
25,599616026514.1096,1780936896983.6208,-6022,27,599616026167.9558,14246.9541015625
25,599616026514.1096,1780936896983.634,6419,28,599616026175.6481,14254.646362304688
25,599616026514.1096,1780936896983.6472,-2597,29,599616026183.3403,14262.338623046875
25,599616026514.1096,1780936896983.66,-1565,30,599616026191.0327,14270.031005859375
25,599616026514.1096,1780936896983.673,5859,31,599616026198.725,14277.723266601562
25,599616026514.1096,1780936896983.686,-6298,32,599616026206.4174,14285.415649414062
25,599616026514.1096,1780936896983.7,4456,33,599616026214.1096,14293.10791015625
25,599616026514.1096,1780936896983.712,532,34,599616026221.8019,14300.800170898438
25,599616026514.1096,1780936896983.724,-4414,35,599616026229.4943,14308.492553710938
25,599616026514.1096,1780936896983.737,6854,36,599616026237.1865,14316.184814453125
25,599616026514.1096,1780936896983.75,-5116,37,599616026244.8789,14323.877197265625
25,599616026514.1096,1780936896983.763,1349,38,599616026252.5712,14331.569458007812
25,599616026514.1096,1780936896983.775,3622,39,599616026260.2634,14339.26171875
25,599616026514.1096,1780936896983.789,-6052,40,599616026267.9558,14346.9541015625
25,599616026514.1096,1780936896983.8008,6236,41,599616026275.6481,14354.646362304688
25,599616026514.1096,1780936896983.814,-2523,42,599616026283.3403,14362.338623046875
25,599616026514.1096,1780936896983.8271,-1716,43,599616026291.0327,14370.031005859375
25,599616026514.1096,1780936896983.839,5864,44,599616026298.725,14377.723266601562
25,599616026514.1096,1780936896983.8518,-6333,45,599616026306.4174,14385.415649414062
25,599616026514.1096,1780936896983.865,4337,46,599616026314.1096,14393.10791015625
25,599616026514.1096,1780936896983.877,680,47,599616026321.8019,14400.800170898438
25,599616026514.1096,1780936896983.8901,-4528,48,599616026329.4943,14408.492553710938
25,599616026514.1096,1780936896983.9028,6881,49,599616026337.1865,14416.184814453125
25,599616026514.1096,1780936896983.915,-4988,50,599616026344.8789,14423.877197265625
25,599616026514.1096,1780936896983.928,1259,51,599616026352.5712,14431.569458007812
25,599616026514.1096,1780936896983.9412,3798,52,599616026360.2634,14439.26171875
25,599616026514.1096,1780936896983.9539,-6096,53,599616026367.9558,14446.9541015625
25,599616026514.1096,1780936896983.966,6201,54,599616026375.6481,14454.646362304688
25,599616026514.1096,1780936896983.979,-2395,55,599616026383.3403,14462.338623046875
25,599616026514.1096,1780936896983.9922,-1907,56,599616026391.0327,14470.031005859375
25,599616026514.1096,1780936896984.004,5987,57,599616026398.725,14477.723266601562
25,599616026514.1096,1780936896984.0168,-6319,58,599616026406.4174,14485.415649414062
25,599616026514.1096,1780936896984.03,4110,59,599616026414.1096,14493.10791015625
25,599616026514.1096,1780936896984.043,817,60,599616026421.8019,14500.800170898438
25,599616026514.1096,1780936896984.056,-4625,61,599616026429.4943,14508.492553710938
25,599616026514.1096,1780936896984.069,6856,62,599616026437.1865,14516.184814453125
25,599616026514.1096,1780936896984.082,-4876,63,599616026444.8789,14523.877197265625
25,599616026514.1096,1780936896984.096,1119,64,599616026452.5712,14531.569458007812
25,599616026514.1096,1780936896984.109,3884,65,599616026460.2634,14539.26171875
25,599616026514.1096,1780936896984.122,-6157,66,599616026467.9558,14546.9541015625
25,599616026514.1096,1780936896984.135,6166,67,599616026475.6481,14554.646362304688
25,599616026514.1096,1780936896984.148,-2209,68,599616026483.3403,14562.338623046875
25,599616026514.1096,1780936896984.161,-2007,69,599616026491.0327,14570.031005859375
25,599616026514.1096,1780936896984.174,6089,70,599616026498.725,14577.723266601562
25,599616026514.1096,1780936896984.186,-6256,71,599616026506.4174,14585.415649414062
25,599616026514.1096,1780936896984.199,4070,72,599616026514.1096,14593.10791015625
26,599616027075.7069,1780936897521.032,1066,0,599616026521.8607,14600.859008789062
26,599616027075.7069,1780936897521.042,-4679,1,599616026529.5531,14608.551391601562
26,599616027075.7069,1780936897521.046,6900,2,599616026537.2454,14616.24365234375
26,599616027075.7069,1780936897521.048,-4723,3,599616026544.9376,14623.935913085938
26,599616027075.7069,1780936897521.052,1050,4,599616026552.63,14631.628295898438
26,599616027075.7069,1780936897521.055,4042,5,599616026560.3223,14639.320556640625
26,599616027075.7069,1780936897521.058,-6294,6,599616026568.0146,14647.012939453125
26,599616027075.7069,1780936897521.06,6103,7,599616026575.7069,14654.705200195312
26,599616027075.7069,1780936897521.063,-1902,8,599616026583.3992,14662.3974609375
26,599616027075.7069,1780936897521.066,-2102,9,599616026591.0916,14670.08984375
26,599616027075.7069,1780936897521.068,6182,10,599616026598.7838,14677.782104492188
26,599616027075.7069,1780936897521.071,-6066,11,599616026606.4762,14685.474487304688
26,599616027075.7069,1780936897521.073,4105,12,599616026614.1685,14693.166748046875
26,599616027075.7069,1780936897521.076,1328,13,599616026621.8607,14700.859008789062
26,599616027075.7069,1780936897521.0781,-4735,14,599616026629.5531,14708.551391601562
26,599616027075.7069,1780936897521.081,6940,15,599616026637.2454,14716.24365234375
26,599616027075.7069,1780936897521.083,-4484,16,599616026644.9376,14723.935913085938
26,599616027075.7069,1780936897521.086,1026,17,599616026652.63,14731.628295898438
26,599616027075.7069,1780936897521.088,4263,18,599616026660.3223,14739.320556640625
26,599616027075.7069,1780936897521.091,-6189,19,599616026668.0146,14747.012939453125
26,599616027075.7069,1780936897521.0928,6082,20,599616026675.7069,14754.705200195312
26,599616027075.7069,1780936897521.096,-1849,21,599616026683.3992,14762.3974609375
26,599616027075.7069,1780936897521.098,-2290,22,599616026691.0916,14770.08984375
26,599616027075.7069,1780936897521.101,6259,23,599616026698.7838,14777.782104492188
26,599616027075.7069,1780936897521.103,-6126,24,599616026706.4762,14785.474487304688
26,599616027075.7069,1780936897521.106,3831,25,599616026714.1685,14793.166748046875
26,599616027075.7069,1780936897521.1091,1414,26,599616026721.8607,14800.859008789062
26,599616027075.7069,1780936897521.111,-4879,27,599616026729.5531,14808.551391601562
26,599616027075.7069,1780936897521.114,6819,28,599616026737.2454,14816.24365234375
26,599616027075.7069,1780936897521.116,-4560,29,599616026744.9376,14823.935913085938
26,599616027075.7069,1780936897521.1191,692,30,599616026752.63,14831.628295898438
26,599616027075.7069,1780936897521.121,4210,31,599616026760.3223,14839.320556640625
26,599616027075.7069,1780936897521.1238,-6417,32,599616026768.0146,14847.012939453125
26,599616027075.7069,1780936897521.126,5817,33,599616026775.7069,14854.705200195312
26,599616027075.7069,1780936897521.129,-1821,34,599616026783.3992,14862.3974609375
26,599616027075.7069,1780936897521.132,-2472,35,599616026791.0916,14870.08984375
26,599616027075.7069,1780936897521.1338,6317,36,599616026798.7838,14877.782104492188
26,599616027075.7069,1780936897521.137,-6080,37,599616026806.4762,14885.474487304688
26,599616027075.7069,1780936897521.139,3629,38,599616026814.1685,14893.166748046875
26,599616027075.7069,1780936897521.142,1463,39,599616026821.8607,14900.859008789062
26,599616027075.7069,1780936897521.1438,-4953,40,599616026829.5531,14908.551391601562
26,599616027075.7069,1780936897521.147,6840,41,599616026837.2454,14916.24365234375
26,599616027075.7069,1780936897521.1501,-4498,42,599616026844.9376,14923.935913085938
26,599616027075.7069,1780936897521.152,508,43,599616026852.63,14931.628295898438
26,599616027075.7069,1780936897521.155,4328,44,599616026860.3223,14939.320556640625
26,599616027075.7069,1780936897521.157,-6389,45,599616026868.0146,14947.012939453125
26,599616027075.7069,1780936897521.16,5852,46,599616026875.7069,14954.705200195312
26,599616027075.7069,1780936897521.162,-1605,47,599616026883.3992,14962.3974609375
26,599616027075.7069,1780936897521.1648,-2625,48,599616026891.0916,14970.08984375
26,599616027075.7069,1780936897521.167,6338,49,599616026898.7838,14977.782104492188
26,599616027075.7069,1780936897521.17,-6094,50,599616026906.4762,14985.474487304688
26,599616027075.7069,1780936897521.172,3410,51,599616026914.1685,14993.166748046875
26,599616027075.7069,1780936897521.183,1470,52,599616026921.8607,15000.859008789062
26,599616027075.7069,1780936897521.186,-5213,53,599616026929.5531,15008.551391601562
26,599616027075.7069,1780936897521.188,6786,54,599616026937.2454,15016.24365234375
26,599616027075.7069,1780936897521.191,-4409,55,599616026944.9376,15023.935913085938
26,599616027075.7069,1780936897521.193,260,56,599616026952.63,15031.628295898438
26,599616027075.7069,1780936897521.1958,4451,57,599616026960.3223,15039.320556640625
26,599616027075.7069,1780936897521.199,-6382,58,599616026968.0146,15047.012939453125
26,599616027075.7069,1780936897521.2021,5743,59,599616026975.7069,15054.705200195312
26,599616027075.7069,1780936897521.204,-1538,60,599616026983.3992,15062.3974609375
26,599616027075.7069,1780936897521.207,-2915,61,599616026991.0916,15070.08984375
26,599616027075.7069,1780936897521.209,6303,62,599616026998.7838,15077.782104492188
26,599616027075.7069,1780936897521.2122,-6126,63,599616027006.4762,15085.474487304688
26,599616027075.7069,1780936897521.2148,3224,64,599616027014.1685,15093.166748046875
26,599616027075.7069,1780936897521.217,1693,65,599616027021.8607,15100.859008789062
26,599616027075.7069,1780936897521.22,-5334,66,599616027029.5531,15108.551391601562
26,599616027075.7069,1780936897521.2222,6686,67,599616027037.2454,15116.24365234375
26,599616027075.7069,1780936897521.225,-4282,68,599616027044.9376,15123.935913085938
26,599616027075.7069,1780936897521.2268,125,69,599616027052.63,15131.628295898438
26,599616027075.7069,1780936897521.23,4546,70,599616027060.3223,15139.320556640625
26,599616027075.7069,1780936897521.232,-6505,71,599616027068.0146,15147.012939453125
26,599616027075.7069,1780936897521.235,5590,72,599616027075.7069,15154.705200195312
27,599616027637.2839,1780936898060.581,-1352,0,599616027083.4377,15162.43603515625
27,599616027637.2839,1780936898060.592,-3073,1,599616027091.1301,15170.12841796875
27,599616027637.2839,1780936898060.595,6340,2,599616027098.8224,15177.820678710938
27,599616027637.2839,1780936898060.598,-6071,3,599616027106.5146,15185.512939453125
27,599616027637.2839,1780936898060.601,3055,4,599616027114.207,15193.205322265625
27,599616027637.2839,1780936898060.604,1891,5,599616027121.8993,15200.897583007812
27,599616027637.2839,1780936898060.607,-5295,6,599616027129.5917,15208.589965820312
27,599616027637.2839,1780936898060.6091,6877,7,599616027137.2839,15216.2822265625
27,599616027637.2839,1780936898060.612,-3868,8,599616027144.9762,15223.974487304688
27,599616027637.2839,1780936898060.616,185,9,599616027152.6686,15231.666870117188
27,599616027637.2839,1780936898060.6191,4848,10,599616027160.3608,15239.359130859375
27,599616027637.2839,1780936898060.621,-6287,11,599616027168.0532,15247.051513671875
27,599616027637.2839,1780936898060.6238,5629,12,599616027175.7455,15254.743774414062
27,599616027637.2839,1780936898060.627,-1071,13,599616027183.4377,15262.43603515625
27,599616027637.2839,1780936898060.629,-2985,14,599616027191.1301,15270.12841796875
27,599616027637.2839,1780936898060.632,6510,15,599616027198.8224,15277.820678710938
27,599616027637.2839,1780936898060.6338,-5901,16,599616027206.5146,15285.512939453125
27,599616027637.2839,1780936898060.637,3083,17,599616027214.207,15293.205322265625
27,599616027637.2839,1780936898060.639,2079,18,599616027221.8993,15300.897583007812
27,599616027637.2839,1780936898060.642,-5387,19,599616027229.5917,15308.589965820312
27,599616027637.2839,1780936898060.6438,6779,20,599616027237.2839,15316.2822265625
27,599616027637.2839,1780936898060.647,-3947,21,599616027244.9762,15323.974487304688
27,599616027637.2839,1780936898060.6501,-72,22,599616027252.6686,15331.666870117188
27,599616027637.2839,1780936898060.652,4914,23,599616027260.3608,15339.359130859375
27,599616027637.2839,1780936898060.655,-6373,24,599616027268.0532,15347.051513671875
27,599616027637.2839,1780936898060.657,5473,25,599616027275.7455,15354.743774414062
27,599616027637.2839,1780936898060.66,-1024,26,599616027283.4377,15362.43603515625
27,599616027637.2839,1780936898060.662,-3194,27,599616027291.1301,15370.12841796875
27,599616027637.2839,1780936898060.6648,6486,28,599616027298.8224,15377.820678710938
27,599616027637.2839,1780936898060.667,-6040,29,599616027306.5146,15385.512939453125
27,599616027637.2839,1780936898060.67,2741,30,599616027314.207,15393.205322265625
27,599616027637.2839,1780936898060.673,2093,31,599616027321.8993,15400.897583007812
27,599616027637.2839,1780936898060.6748,-5676,32,599616027329.5917,15408.589965820312
27,599616027637.2839,1780936898060.678,6526,33,599616027337.2839,15416.2822265625
27,599616027637.2839,1780936898060.68,-4054,34,599616027344.9762,15423.974487304688
27,599616027637.2839,1780936898060.683,-532,35,599616027352.6686,15431.666870117188
27,599616027637.2839,1780936898060.6848,4830,36,599616027360.3608,15439.359130859375
27,599616027637.2839,1780936898060.688,-6431,37,599616027368.0532,15447.051513671875
27,599616027637.2839,1780936898060.69,5302,38,599616027375.7455,15454.743774414062
27,599616027637.2839,1780936898060.693,-1001,39,599616027383.4377,15462.43603515625
27,599616027637.2839,1780936898060.6948,-3475,40,599616027391.1301,15470.12841796875
27,599616027637.2839,1780936898060.698,6447,41,599616027398.8224,15477.820678710938
27,599616027637.2839,1780936898060.7,-5927,42,599616027406.5146,15485.512939453125
27,599616027637.2839,1780936898060.708,2725,43,599616027414.207,15493.205322265625
27,599616027637.2839,1780936898060.711,2362,44,599616027421.8993,15500.897583007812
27,599616027637.2839,1780936898060.714,-5571,45,599616027429.5917,15508.589965820312
27,599616027637.2839,1780936898060.728,6833,46,599616027437.2839,15516.2822265625
27,599616027637.2839,1780936898060.731,-3624,47,599616027444.9762,15523.974487304688
27,599616027637.2839,1780936898060.735,-490,48,599616027452.6686,15531.666870117188
27,599616027637.2839,1780936898060.738,5104,49,599616027460.3608,15539.359130859375
27,599616027637.2839,1780936898060.74,-6403,50,599616027468.0532,15547.051513671875
27,599616027637.2839,1780936898060.7432,5288,51,599616027475.7455,15554.743774414062
27,599616027637.2839,1780936898060.745,-634,52,599616027483.4377,15562.43603515625
27,599616027637.2839,1780936898060.748,-3503,53,599616027491.1301,15570.12841796875
27,599616027637.2839,1780936898060.75,6600,54,599616027498.8224,15577.820678710938
27,599616027637.2839,1780936898060.7532,-5822,55,599616027506.5146,15585.512939453125
27,599616027637.2839,1780936898060.7551,2472,56,599616027514.207,15593.205322265625
27,599616027637.2839,1780936898060.758,2490,57,599616027521.8993,15600.897583007812
27,599616027637.2839,1780936898060.761,-5741,58,599616027529.5917,15608.589965820312
27,599616027637.2839,1780936898060.763,6635,59,599616027537.2839,15616.2822265625
27,599616027637.2839,1780936898060.7659,-3375,60,599616027544.9762,15623.974487304688
27,599616027637.2839,1780936898060.7678,-285,61,599616027552.6686,15631.666870117188
27,599616027637.2839,1780936898060.771,5511,62,599616027560.3608,15639.359130859375
27,599616027637.2839,1780936898060.773,-6187,63,599616027568.0532,15647.051513671875
27,599616027637.2839,1780936898060.776,5427,64,599616027575.7455,15654.743774414062
27,599616027637.2839,1780936898060.779,-241,65,599616027583.4377,15662.43603515625
27,599616027637.2839,1780936898060.782,-3450,66,599616027591.1301,15670.12841796875
27,599616027637.2839,1780936898060.7842,6800,67,599616027598.8224,15677.820678710938
27,599616027637.2839,1780936898060.7869,-5497,68,599616027606.5146,15685.512939453125
27,599616027637.2839,1780936898060.79,2613,69,599616027614.207,15693.205322265625
27,599616027637.2839,1780936898060.793,2839,70,599616027621.8993,15700.897583007812
27,599616027637.2839,1780936898060.7952,-5585,71,599616027629.5917,15708.589965820312
27,599616027637.2839,1780936898060.7979,6805,72,599616027637.2839,15716.2822265625
28,599616028198.8761,1780936898600.822,-3266,0,599616027645.0299,15724.028198242188
28,599616028198.8761,1780936898600.838,-652,1,599616027652.7223,15731.720581054688
28,599616028198.8761,1780936898600.843,5415,2,599616027660.4146,15739.412841796875
28,599616028198.8761,1780936898600.847,-6335,3,599616027668.1068,15747.105102539062
28,599616028198.8761,1780936898600.852,5109,4,599616027675.7992,15754.797485351562
28,599616028198.8761,1780936898600.8699,-253,5,599616027683.4915,15762.48974609375
28,599616028198.8761,1780936898600.875,-3626,6,599616027691.1838,15770.18212890625
28,599616028198.8761,1780936898600.879,6747,7,599616027698.8761,15777.874389648438
28,599616028198.8761,1780936898600.883,-5601,8,599616027706.5684,15785.566650390625
28,599616028198.8761,1780936898600.887,2135,9,599616027714.2607,15793.259033203125
28,599616028198.8761,1780936898600.891,2495,10,599616027721.953,15800.951293945312
28,599616028198.8761,1780936898600.895,-6094,11,599616027729.6454,15808.643676757812
28,599616028198.8761,1780936898600.906,6338,12,599616027737.3376,15816.3359375
28,599616028198.8761,1780936898600.91,-3582,13,599616027745.0299,15824.028198242188
28,599616028198.8761,1780936898600.914,-1019,14,599616027752.7223,15831.720581054688
28,599616028198.8761,1780936898600.918,5476,15,599616027760.4146,15839.412841796875
28,599616028198.8761,1780936898600.922,-6410,16,599616027768.1068,15847.105102539062
28,599616028198.8761,1780936898600.926,4872,17,599616027775.7992,15854.797485351562
28,599616028198.8761,1780936898600.93,-306,18,599616027783.4915,15862.48974609375
28,599616028198.8761,1780936898600.934,-3968,19,599616027791.1838,15870.18212890625
28,599616028198.8761,1780936898600.938,6677,20,599616027798.8761,15877.874389648438
28,599616028198.8761,1780936898600.942,-5573,21,599616027806.5684,15885.566650390625
28,599616028198.8761,1780936898600.946,1988,22,599616027814.2607,15893.259033203125
28,599616028198.8761,1780936898600.95,2846,23,599616027821.953,15900.951293945312
28,599616028198.8761,1780936898600.955,-5843,24,599616027829.6454,15908.643676757812
28,599616028198.8761,1780936898600.959,6521,25,599616027837.3376,15916.3359375
28,599616028198.8761,1780936898600.9631,-3354,26,599616027845.0299,15924.028198242188
28,599616028198.8761,1780936898600.967,-1210,27,599616027852.7223,15931.720581054688
28,599616028198.8761,1780936898600.971,5485,28,599616027860.4146,15939.412841796875
28,599616028198.8761,1780936898600.975,-6524,29,599616027868.1068,15947.105102539062
28,599616028198.8761,1780936898600.979,4723,30,599616027875.7992,15954.797485351562
28,599616028198.8761,1780936898600.983,-60,31,599616027883.4915,15962.48974609375
28,599616028198.8761,1780936898600.987,-4126,32,599616027891.1838,15970.18212890625
28,599616028198.8761,1780936898600.9941,6577,33,599616027898.8761,15977.874389648438
28,599616028198.8761,1780936898600.998,-5590,34,599616027906.5684,15985.566650390625
28,599616028198.8761,1780936898601.002,1777,35,599616027914.2607,15993.259033203125
28,599616028198.8761,1780936898601.006,3022,36,599616027921.953,16000.951293945312
28,599616028198.8761,1780936898601.01,-5815,37,599616027929.6454,16008.643676757812
28,599616028198.8761,1780936898601.014,6726,38,599616027937.3376,16016.3359375
28,599616028198.8761,1780936898601.018,-2627,39,599616027945.0299,16024.028198242188
28,599616028198.8761,1780936898601.022,-613,40,599616027952.7223,16031.720581054688
28,599616028198.8761,1780936898601.0261,6263,41,599616027960.4146,16039.412841796875
28,599616028198.8761,1780936898601.03,-5803,42,599616027968.1068,16047.105102539062
28,599616028198.8761,1780936898601.034,5357,43,599616027975.7992,16054.797485351562
28,599616028198.8761,1780936898601.038,764,44,599616027983.4915,16062.48974609375
28,599616028198.8761,1780936898601.042,-3675,45,599616027991.1838,16070.18212890625
28,599616028198.8761,1780936898601.0461,7016,46,599616027998.8761,16077.874389648438
28,599616028198.8761,1780936898601.0498,-5088,47,599616028006.5684,16085.566650390625
28,599616028198.8761,1780936898601.054,2049,48,599616028014.2607,16093.259033203125
28,599616028198.8761,1780936898601.058,3278,49,599616028021.953,16100.951293945312
28,599616028198.8761,1780936898601.062,-5985,50,599616028029.6454,16108.643676757812
28,599616028198.8761,1780936898601.0662,6459,51,599616028037.3376,16116.3359375
28,599616028198.8761,1780936898601.0698,-2913,52,599616028045.0299,16124.028198242188
28,599616028198.8761,1780936898601.074,-1338,53,599616028052.7223,16131.720581054688
28,599616028198.8761,1780936898601.0781,5755,54,599616028060.4146,16139.412841796875
28,599616028198.8761,1780936898601.082,-6349,55,599616028068.1068,16147.105102539062
28,599616028198.8761,1780936898601.086,4700,56,599616028075.7992,16154.797485351562
28,599616028198.8761,1780936898601.0898,504,57,599616028083.4915,16162.48974609375
28,599616028198.8761,1780936898601.094,-4000,58,599616028091.1838,16170.18212890625
28,599616028198.8761,1780936898601.0981,6881,59,599616028098.8761,16177.874389648438
28,599616028198.8761,1780936898601.103,-5192,60,599616028106.5684,16185.566650390625
28,599616028198.8761,1780936898601.107,1586,61,599616028114.2607,16193.259033203125
28,599616028198.8761,1780936898601.1108,2971,62,599616028121.953,16200.951293945312
28,599616028198.8761,1780936898601.115,-6412,63,599616028129.6454,16208.643676757812
28,599616028198.8761,1780936898601.151,6082,64,599616028137.3376,16216.3359375
28,599616028198.8761,1780936898601.158,-3083,65,599616028145.0299,16224.028198242188
28,599616028198.8761,1780936898601.161,-1719,66,599616028152.7223,16231.720581054688
28,599616028198.8761,1780936898601.164,5631,67,599616028160.4146,16239.412841796875
28,599616028198.8761,1780936898601.167,-6449,68,599616028168.1068,16247.105102539062
28,599616028198.8761,1780936898601.1702,4514,69,599616028175.7992,16254.797485351562
28,599616028198.8761,1780936898601.1729,432,70,599616028183.4915,16262.48974609375
28,599616028198.8761,1780936898601.176,-4393,71,599616028191.1838,16270.18212890625
28,599616028198.8761,1780936898601.178,6707,72,599616028198.8761,16277.874389648438
29,599616028760.4684,1780936899185.574,-5339,0,599616028206.6222,16285.620483398438
29,599616028760.4684,1780936899185.594,1359,1,599616028214.3146,16293.312866210938
29,599616028760.4684,1780936899187.937,3424,2,599616028222.0068,16301.005126953125
29,599616028760.4684,1780936899187.968,-6101,3,599616028229.6991,16308.697387695312
29,599616028760.4684,1780936899187.9749,6326,4,599616028237.3915,16316.389770507812
29,599616028760.4684,1780936899187.9822,-2678,5,599616028245.0837,16324.08203125
29,599616028760.4684,1780936899187.988,-1784,6,599616028252.7761,16331.7744140625
29,599616028760.4684,1780936899187.9949,5903,7,599616028260.4684,16339.466674804688
29,599616028760.4684,1780936899188.0032,-6117,8,599616028268.1606,16347.158935546875
29,599616028760.4684,1780936899188.0132,4546,9,599616028275.853,16354.851318359375
29,599616028760.4684,1780936899188.022,631,10,599616028283.5453,16362.543579101562
29,599616028760.4684,1780936899188.032,-4486,11,599616028291.2377,16370.235961914062
29,599616028760.4684,1780936899188.041,6879,12,599616028298.9299,16377.92822265625
29,599616028760.4684,1780936899188.1199,-4879,13,599616028306.6222,16385.620483398438
29,599616028760.4684,1780936899188.136,1675,14,599616028314.3146,16393.312866210938
29,599616028760.4684,1780936899188.147,4256,15,599616028322.0068,16401.005126953125
29,599616028760.4684,1780936899188.156,-5318,16,599616028329.6991,16408.697387695312
29,599616028760.4684,1780936899188.191,7032,17,599616028337.3915,16416.389770507812
29,599616028760.4684,1780936899188.207,-1331,18,599616028345.0837,16424.08203125
29,599616028760.4684,1780936899188.217,-283,19,599616028352.7761,16431.7744140625
29,599616028760.4684,1780936899188.374,7039,20,599616028360.4684,16439.466674804688
29,599616028760.4684,1780936899188.384,-5648,21,599616028368.1606,16447.158935546875
29,599616028760.4684,1780936899188.393,4832,22,599616028375.853,16454.851318359375
29,599616028760.4684,1780936899188.4028,1066,23,599616028383.5453,16462.543579101562
29,599616028760.4684,1780936899188.47,-4414,24,599616028391.2377,16470.235961914062
29,599616028760.4684,1780936899188.504,6949,25,599616028398.9299,16477.92822265625
29,599616028760.4684,1780936899188.514,-4927,26,599616028406.6222,16485.620483398438
29,599616028760.4684,1780936899188.524,1256,27,599616028414.3146,16493.312866210938
29,599616028760.4684,1780936899188.533,3847,28,599616028422.0068,16501.005126953125
29,599616028760.4684,1780936899188.543,-6117,29,599616028429.6991,16508.697387695312
29,599616028760.4684,1780936899188.552,6201,30,599616028437.3915,16516.389770507812
29,599616028760.4684,1780936899188.562,-2330,31,599616028445.0837,16524.08203125
29,599616028760.4684,1780936899188.571,-2056,32,599616028452.7761,16531.7744140625
29,599616028760.4684,1780936899188.58,5676,33,599616028460.4684,16539.466674804688
29,599616028760.4684,1780936899188.617,-6770,34,599616028468.1606,16547.158935546875
29,599616028760.4684,1780936899188.629,3457,35,599616028475.853,16554.851318359375
29,599616028760.4684,1780936899188.639,183,36,599616028483.5453,16562.543579101562
29,599616028760.4684,1780936899189.158,-5069,37,599616028491.2377,16570.235961914062
29,599616028760.4684,1780936899189.1711,6486,38,599616028498.9299,16577.92822265625
29,599616028760.4684,1780936899189.1812,-5418,39,599616028506.6222,16585.620483398438
29,599616028760.4684,1780936899189.19,583,40,599616028514.3146,16593.312866210938
29,599616028760.4684,1780936899189.2,3468,41,599616028522.0068,16601.005126953125
29,599616028760.4684,1780936899189.209,-6758,42,599616028529.6991,16608.697387695312
29,599616028760.4684,1780936899189.218,5552,43,599616028537.3915,16616.389770507812
29,599616028760.4684,1780936899189.228,-2683,44,599616028545.0837,16624.08203125
29,599616028760.4684,1780936899189.238,-2423,45,599616028552.7761,16631.7744140625
29,599616028760.4684,1780936899189.2468,5875,46,599616028560.4684,16639.466674804688
29,599616028760.4684,1780936899189.2568,-6535,47,599616028568.1606,16647.158935546875
29,599616028760.4684,1780936899189.301,3689,48,599616028575.853,16654.851318359375
29,599616028760.4684,1780936899189.3188,808,49,599616028583.5453,16662.543579101562
29,599616028760.4684,1780936899189.33,-4992,50,599616028591.2377,16670.235961914062
29,599616028760.4684,1780936899189.34,6672,51,599616028598.9299,16677.92822265625
29,599616028760.4684,1780936899189.3499,-4997,52,599616028606.6222,16685.620483398438
29,599616028760.4684,1780936899189.3662,571,53,599616028614.3146,16693.312866210938
29,599616028760.4684,1780936899189.378,3787,54,599616028622.0068,16701.005126953125
29,599616028760.4684,1780936899189.388,-6421,55,599616028629.6991,16708.697387695312
29,599616028760.4684,1780936899189.4,5936,56,599616028637.3915,16716.389770507812
29,599616028760.4684,1780936899189.413,-2067,57,599616028645.0837,16724.08203125
29,599616028760.4684,1780936899189.4219,-2288,58,599616028652.7761,16731.7744140625
29,599616028760.4684,1780936899189.432,6219,59,599616028660.4684,16739.466674804688
29,599616028760.4684,1780936899189.441,-5815,60,599616028668.1606,16747.158935546875
29,599616028760.4684,1780936899189.451,4374,61,599616028675.853,16754.851318359375
29,599616028760.4684,1780936899189.46,1473,62,599616028683.5453,16762.543579101562
29,599616028760.4684,1780936899189.469,-4721,63,599616028691.2377,16770.235961914062
29,599616028760.4684,1780936899189.483,7009,64,599616028698.9299,16777.92822265625
29,599616028760.4684,1780936899189.496,-4525,65,599616028706.6222,16785.620483398438
29,599616028760.4684,1780936899189.507,843,66,599616028714.3146,16793.312866210938
29,599616028760.4684,1780936899189.517,4124,67,599616028722.0068,16801.005126953125
29,599616028760.4684,1780936899189.529,-6387,68,599616028729.6991,16808.697387695312
29,599616028760.4684,1780936899189.539,5889,69,599616028737.3915,16816.389770507812
29,599616028760.4684,1780936899189.548,-2053,70,599616028745.0837,16824.08203125
29,599616028760.4684,1780936899189.5608,-2602,71,599616028752.7761,16831.7744140625
29,599616028760.4684,1780936899189.5708,6019,72,599616028760.4684,16839.466674804688
30,599616029322.0607,1780936899817.056,-6375,0,599616028768.2145,16847.212768554688
30,599616029322.0607,1780936899817.2578,3494,1,599616028775.9069,16854.905151367188
30,599616029322.0607,1780936899817.2659,1068,2,599616028783.5991,16862.597412109375
30,599616029322.0607,1780936899817.269,-5202,3,599616028791.2914,16870.289672851562
30,599616029322.0607,1780936899817.272,6677,4,599616028798.9838,16877.982055664062
30,599616029322.0607,1780936899817.2751,-4609,5,599616028806.676,16885.67431640625
30,599616029322.0607,1780936899817.2769,648,6,599616028814.3684,16893.36669921875
30,599616029322.0607,1780936899817.279,4242,7,599616028822.0607,16901.058959960938
30,599616029322.0607,1780936899817.281,-6447,8,599616028829.7529,16908.751220703125
30,599616029322.0607,1780936899817.283,5687,9,599616028837.4453,16916.443603515625
30,599616029322.0607,1780936899817.2861,-2125,10,599616028845.1376,16924.135864257812
30,599616029322.0607,1780936899817.2878,-3043,11,599616028852.83,16931.828247070312
30,599616029322.0607,1780936899817.29,5662,12,599616028860.5222,16939.5205078125
30,599616029322.0607,1780936899817.292,-6675,13,599616028868.2145,16947.212768554688
30,599616029322.0607,1780936899817.303,3327,14,599616028875.9069,16954.905151367188
30,599616029322.0607,1780936899817.3052,1301,15,599616028883.5991,16962.597412109375
30,599616029322.0607,1780936899817.307,-5378,16,599616028891.2914,16970.289672851562
30,599616029322.0607,1780936899817.3088,6528,17,599616028898.9838,16977.982055664062
30,599616029322.0607,1780936899817.311,-4686,18,599616028906.676,16985.67431640625
30,599616029322.0607,1780936899817.313,176,19,599616028914.3684,16993.36669921875
30,599616029322.0607,1780936899817.3152,4045,20,599616028922.0607,17001.058959960938
30,599616029322.0607,1780936899817.317,-6747,21,599616028929.7529,17008.751220703125
30,599616029322.0607,1780936899817.3188,5573,22,599616028937.4453,17016.443603515625
30,599616029322.0607,1780936899817.321,-1661,23,599616028945.1376,17024.135864257812
30,599616029322.0607,1780936899817.324,-2797,24,599616028952.83,17031.828247070312
30,599616029322.0607,1780936899817.3262,6154,25,599616028960.5222,17039.5205078125
30,599616029322.0607,1780936899817.328,-6054,26,599616028968.2145,17047.212768554688
30,599616029322.0607,1780936899817.3298,3717,27,599616028975.9069,17054.905151367188
30,599616029322.0607,1780936899817.332,1970,28,599616028983.5991,17062.597412109375
30,599616029322.0607,1780936899817.334,-4830,29,599616028991.2914,17070.289672851562
30,599616029322.0607,1780936899817.3362,6928,30,599616028998.9838,17077.982055664062
30,599616029322.0607,1780936899817.338,-4356,31,599616029006.676,17085.67431640625
30,599616029322.0607,1780936899817.3398,292,32,599616029014.3684,17093.36669921875
30,599616029322.0607,1780936899817.342,4372,33,599616029022.0607,17101.058959960938
30,599616029322.0607,1780936899817.344,-6496,34,599616029029.7529,17108.751220703125
30,599616029322.0607,1780936899817.3462,5655,35,599616029037.4453,17116.443603515625
30,599616029322.0607,1780936899817.3489,-1668,36,599616029045.1376,17124.135864257812
30,599616029322.0607,1780936899817.351,-3022,37,599616029052.83,17131.828247070312
30,599616029322.0607,1780936899817.353,6224,38,599616029060.5222,17139.5205078125
30,599616029322.0607,1780936899817.355,-6208,39,599616029068.2145,17147.212768554688
30,599616029322.0607,1780936899817.3572,3097,40,599616029075.9069,17154.905151367188
30,599616029322.0607,1780936899817.359,1405,41,599616029083.5991,17162.597412109375
30,599616029322.0607,1780936899817.361,-5648,42,599616029091.2914,17170.289672851562
30,599616029322.0607,1780936899817.363,6407,43,599616029098.9838,17177.982055664062
30,599616029322.0607,1780936899817.365,-4558,44,599616029106.676,17185.67431640625
30,599616029322.0607,1780936899817.3672,-65,45,599616029114.3684,17193.36669921875
30,599616029322.0607,1780936899817.369,4393,46,599616029122.0607,17201.058959960938
30,599616029322.0607,1780936899817.372,-6579,47,599616029129.7529,17208.751220703125
30,599616029322.0607,1780936899817.374,5446,48,599616029137.4453,17216.443603515625
30,599616029322.0607,1780936899817.376,-1698,49,599616029145.1376,17224.135864257812
30,599616029322.0607,1780936899817.378,-3375,50,599616029152.83,17231.828247070312
30,599616029322.0607,1780936899817.38,6043,51,599616029160.5222,17239.5205078125
30,599616029322.0607,1780936899817.382,-6284,52,599616029168.2145,17247.212768554688
30,599616029322.0607,1780936899817.384,2985,53,599616029175.9069,17254.905151367188
30,599616029322.0607,1780936899817.386,1686,54,599616029183.5991,17262.597412109375
30,599616029322.0607,1780936899817.388,-5536,55,599616029191.2914,17270.289672851562
30,599616029322.0607,1780936899817.39,6586,56,599616029198.9838,17277.982055664062
30,599616029322.0607,1780936899817.392,-4354,57,599616029206.676,17285.67431640625
30,599616029322.0607,1780936899817.394,-218,58,599616029214.3684,17293.36669921875
30,599616029322.0607,1780936899817.3972,4509,59,599616029222.0607,17301.058959960938
30,599616029322.0607,1780936899817.399,-6656,60,599616029229.7529,17308.751220703125
30,599616029322.0607,1780936899817.401,5362,61,599616029237.4453,17316.443603515625
30,599616029322.0607,1780936899817.403,-1384,62,599616029245.1376,17324.135864257812
30,599616029322.0607,1780936899817.405,-3241,63,599616029252.83,17331.828247070312
30,599616029322.0607,1780936899817.407,6521,64,599616029260.5222,17339.5205078125
30,599616029322.0607,1780936899817.409,-5852,65,599616029268.2145,17347.212768554688
30,599616029322.0607,1780936899817.411,3050,66,599616029275.9069,17354.905151367188
30,599616029322.0607,1780936899817.413,2077,67,599616029283.5991,17362.597412109375
30,599616029322.0607,1780936899817.415,-5218,68,599616029291.2914,17370.289672851562
30,599616029322.0607,1780936899817.417,7144,69,599616029298.9838,17377.982055664062
30,599616029322.0607,1780936899817.419,-3473,70,599616029306.676,17385.67431640625
30,599616029322.0607,1780936899817.421,381,71,599616029314.3684,17393.36669921875
30,599616029322.0607,1780936899817.424,5188,72,599616029322.0607,17401.058959960938
31,599616029883.6324,1780936900311.633,-6198,0,599616029329.7863,17408.784545898438
31,599616029883.6324,1780936900311.646,5638,1,599616029337.4786,17416.476928710938
31,599616029883.6324,1780936900311.6501,-887,2,599616029345.1709,17424.169189453125
31,599616029883.6324,1780936900311.6528,-3071,3,599616029352.8632,17431.861450195312
31,599616029883.6324,1780936900311.656,6498,4,599616029360.5555,17439.553833007812
31,599616029883.6324,1780936900311.6592,-5989,5,599616029368.2478,17447.24609375
31,599616029883.6324,1780936900311.6619,2887,6,599616029375.9402,17454.9384765625
31,599616029883.6324,1780936900311.665,2102,7,599616029383.6324,17462.630737304688
31,599616029883.6324,1780936900311.668,-5657,8,599616029391.3247,17470.322998046875
31,599616029883.6324,1780936900311.671,6486,9,599616029399.0171,17478.015380859375
31,599616029883.6324,1780936900311.675,-4226,10,599616029406.7094,17485.707641601562
31,599616029883.6324,1780936900311.677,-634,11,599616029414.4017,17493.400024414062
31,599616029883.6324,1780936900311.6802,4667,12,599616029422.094,17501.09228515625
31,599616029883.6324,1780936900311.6829,-6463,13,599616029429.7863,17508.784545898438
31,599616029883.6324,1780936900311.685,5462,14,599616029437.4786,17516.476928710938
31,599616029883.6324,1780936900311.688,-899,15,599616029445.1709,17524.169189453125
31,599616029883.6324,1780936900311.6912,-3352,16,599616029452.8632,17531.861450195312
31,599616029883.6324,1780936900311.6938,6394,17,599616029460.5555,17539.553833007812
31,599616029883.6324,1780936900311.696,-6173,18,599616029468.2478,17547.24609375
31,599616029883.6324,1780936900311.699,2495,19,599616029475.9402,17554.9384765625
31,599616029883.6324,1780936900311.702,2051,20,599616029483.6324,17562.630737304688
31,599616029883.6324,1780936900311.7039,-5834,21,599616029491.3247,17570.322998046875
31,599616029883.6324,1780936900311.707,6484,22,599616029499.0171,17578.015380859375
31,599616029883.6324,1780936900311.71,-4072,23,599616029506.7094,17585.707641601562
31,599616029883.6324,1780936900311.712,-715,24,599616029514.4017,17593.400024414062
31,599616029883.6324,1780936900311.7148,4890,25,599616029522.094,17601.09228515625
31,599616029883.6324,1780936900311.719,-6598,26,599616029529.7863,17608.784545898438
31,599616029883.6324,1780936900311.7212,5062,27,599616029537.4786,17616.476928710938
31,599616029883.6324,1780936900311.7239,-1019,28,599616029545.1709,17624.169189453125
31,599616029883.6324,1780936900311.727,-3796,29,599616029552.8632,17631.861450195312
31,599616029883.6324,1780936900311.729,6275,30,599616029560.5555,17639.553833007812
31,599616029883.6324,1780936900311.732,-6066,31,599616029568.2478,17647.24609375
31,599616029883.6324,1780936900311.7349,2346,32,599616029575.9402,17654.9384765625
31,599616029883.6324,1780936900311.737,2160,33,599616029583.6324,17662.630737304688
31,599616029883.6324,1780936900311.74,-5952,34,599616029591.3247,17670.322998046875
31,599616029883.6324,1780936900311.743,6493,35,599616029599.0171,17678.015380859375
31,599616029883.6324,1780936900311.7449,-3866,36,599616029606.7094,17685.707641601562
31,599616029883.6324,1780936900311.748,-1124,37,599616029614.4017,17693.400024414062
31,599616029883.6324,1780936900311.75,4542,38,599616029622.094,17701.09228515625
31,599616029883.6324,1780936900311.753,-6747,39,599616029629.7863,17708.784545898438
31,599616029883.6324,1780936900311.7559,5281,40,599616029637.4786,17716.476928710938
31,599616029883.6324,1780936900311.759,-44,41,599616029645.1709,17724.169189453125
31,599616029883.6324,1780936900311.761,-2769,42,599616029652.8632,17731.861450195312
31,599616029883.6324,1780936900311.764,7321,43,599616029660.5555,17739.553833007812
31,599616029883.6324,1780936900311.7659,-5081,44,599616029668.2478,17747.24609375
31,599616029883.6324,1780936900311.769,3078,45,599616029675.9402,17754.9384765625
31,599616029883.6324,1780936900311.7722,2862,46,599616029683.6324,17762.630737304688
31,599616029883.6324,1780936900311.774,-5583,47,599616029691.3247,17770.322998046875
31,599616029883.6324,1780936900311.784,6791,48,599616029699.0171,17778.015380859375
31,599616029883.6324,1780936900311.7869,-3519,49,599616029706.7094,17785.707641601562
31,599616029883.6324,1780936900311.789,-834,50,599616029714.4017,17793.400024414062
31,599616029883.6324,1780936900311.792,5120,51,599616029722.094,17801.09228515625
31,599616029883.6324,1780936900311.795,-6505,52,599616029729.7863,17808.784545898438
31,599616029883.6324,1780936900311.798,5006,53,599616029737.4786,17816.476928710938
31,599616029883.6324,1780936900311.8,-638,54,599616029745.1709,17824.169189453125
31,599616029883.6324,1780936900311.8032,-3880,55,599616029752.8632,17831.861450195312
31,599616029883.6324,1780936900311.806,6438,56,599616029760.5555,17839.553833007812
31,599616029883.6324,1780936900311.809,-5899,57,599616029768.2478,17847.24609375
31,599616029883.6324,1780936900311.812,2088,58,599616029775.9402,17854.9384765625
31,599616029883.6324,1780936900311.814,2204,59,599616029783.6324,17862.630737304688
31,599616029883.6324,1780936900311.817,-6449,60,599616029791.3247,17870.322998046875
31,599616029883.6324,1780936900311.82,6031,61,599616029799.0171,17878.015380859375
31,599616029883.6324,1780936900311.822,-3945,62,599616029806.7094,17885.707641601562
31,599616029883.6324,1780936900311.825,-1391,63,599616029814.4017,17893.400024414062
31,599616029883.6324,1780936900311.828,4846,64,599616029822.094,17901.09228515625
31,599616029883.6324,1780936900311.83,-6879,65,599616029829.7863,17908.784545898438
31,599616029883.6324,1780936900311.833,4586,66,599616029837.4786,17916.476928710938
31,599616029883.6324,1780936900311.836,-680,67,599616029845.1709,17924.169189453125
31,599616029883.6324,1780936900311.84,-4031,68,599616029852.8632,17931.861450195312
31,599616029883.6324,1780936900311.843,6531,69,599616029860.5555,17939.553833007812
31,599616029883.6324,1780936900311.846,-5848,70,599616029868.2478,17947.24609375
31,599616029883.6324,1780936900311.849,1921,71,599616029875.9402,17954.9384765625
31,599616029883.6324,1780936900311.851,2653,72,599616029883.6324,17962.630737304688
32,599616030445.2299,1780936900896.679,-5950,0,599616029891.3837,17970.381958007812
32,599616030445.2299,1780936900896.697,6419,1,599616029899.076,17978.074340820312
32,599616030445.2299,1780936900896.7021,-3519,2,599616029906.7683,17985.7666015625
32,599616030445.2299,1780936900896.707,-1203,3,599616029914.4606,17993.458862304688
32,599616030445.2299,1780936900896.7112,5267,4,599616029922.153,18001.151245117188
32,599616030445.2299,1780936900896.716,-6672,5,599616029929.8452,18008.843505859375
32,599616030445.2299,1780936900896.72,4679,6,599616029937.5376,18016.535888671875
32,599616030445.2299,1780936900896.7239,-341,7,599616029945.2299,18024.228149414062
32,599616030445.2299,1780936900896.728,-4158,8,599616029952.9221,18031.92041015625
32,599616030445.2299,1780936900896.7322,6563,9,599616029960.6145,18039.61279296875
32,599616030445.2299,1780936900896.7358,-5636,10,599616029968.3068,18047.305053710938
32,599616030445.2299,1780936900896.741,1851,11,599616029975.9991,18054.997436523438
32,599616030445.2299,1780936900896.7449,2783,12,599616029983.6914,18062.689697265625
32,599616030445.2299,1780936900896.749,-6124,13,599616029991.3837,18070.381958007812
32,599616030445.2299,1780936900896.7532,6150,14,599616029999.076,18078.074340820312
32,599616030445.2299,1780936900896.7568,-3710,15,599616030006.7683,18085.7666015625
32,599616030445.2299,1780936900896.761,-1791,16,599616030014.4606,18093.458862304688
32,599616030445.2299,1780936900896.765,4976,17,599616030022.153,18101.151245117188
32,599616030445.2299,1780936900896.769,-6756,18,599616030029.8452,18108.843505859375
32,599616030445.2299,1780936900896.7732,4751,19,599616030037.5376,18116.535888671875
32,599616030445.2299,1780936900896.7769,267,20,599616030045.2299,18124.228149414062
32,599616030445.2299,1780936900896.782,-3689,21,599616030052.9221,18131.92041015625
32,599616030445.2299,1780936900896.786,6923,22,599616030060.6145,18139.61279296875
32,599616030445.2299,1780936900896.79,-5262,23,599616030068.3068,18147.305053710938
32,599616030445.2299,1780936900896.7942,2093,24,599616030075.9991,18154.997436523438
32,599616030445.2299,1780936900896.7979,3057,25,599616030083.6914,18162.689697265625
32,599616030445.2299,1780936900896.802,-6059,26,599616030091.3837,18170.381958007812
32,599616030445.2299,1780936900896.806,6410,27,599616030099.076,18178.074340820312
32,599616030445.2299,1780936900896.81,-3220,28,599616030106.7683,18185.7666015625
32,599616030445.2299,1780936900896.8142,-1491,29,599616030114.4606,18193.458862304688
32,599616030445.2299,1780936900896.8179,5408,30,599616030122.153,18201.151245117188
32,599616030445.2299,1780936900896.822,-6663,31,599616030129.8452,18208.843505859375
32,599616030445.2299,1780936900896.826,4421,32,599616030137.5376,18216.535888671875
32,599616030445.2299,1780936900896.831,-153,33,599616030145.2299,18224.228149414062
32,599616030445.2299,1780936900896.8352,-4437,34,599616030152.9221,18231.92041015625
32,599616030445.2299,1780936900896.8389,6445,35,599616030160.6145,18239.61279296875
32,599616030445.2299,1780936900896.843,-5713,36,599616030168.3068,18247.305053710938
32,599616030445.2299,1780936900896.847,1368,37,599616030175.9991,18254.997436523438
32,599616030445.2299,1780936900896.851,2683,38,599616030183.6914,18262.689697265625
32,599616030445.2299,1780936900896.8552,-6582,39,599616030191.3837,18270.381958007812
32,599616030445.2299,1780936900896.859,5922,40,599616030199.076,18278.074340820312
32,599616030445.2299,1780936900896.863,-3364,41,599616030206.7683,18285.7666015625
32,599616030445.2299,1780936900896.867,-1807,42,599616030214.4606,18293.458862304688
32,599616030445.2299,1780936900896.871,5288,43,599616030222.153,18301.151245117188
32,599616030445.2299,1780936900896.875,-6805,44,599616030229.8452,18308.843505859375
32,599616030445.2299,1780936900896.879,4263,45,599616030237.5376,18316.535888671875
32,599616030445.2299,1780936900896.883,-53,46,599616030245.2299,18324.228149414062
32,599616030445.2299,1780936900896.887,-4604,47,599616030252.9221,18331.92041015625
32,599616030445.2299,1780936900896.891,6538,48,599616030260.6145,18339.61279296875
32,599616030445.2299,1780936900896.896,-5504,49,599616030268.3068,18347.305053710938
32,599616030445.2299,1780936900896.9,1398,50,599616030275.9991,18354.997436523438
32,599616030445.2299,1780936900896.905,3176,51,599616030283.6914,18362.689697265625
32,599616030445.2299,1780936900896.917,-6249,52,599616030291.3837,18370.381958007812
32,599616030445.2299,1780936900896.921,6173,53,599616030299.076,18378.074340820312
32,599616030445.2299,1780936900896.925,-3073,54,599616030306.7683,18385.7666015625
32,599616030445.2299,1780936900896.929,-1921,55,599616030314.4606,18393.458862304688
32,599616030445.2299,1780936900896.933,5550,56,599616030322.153,18401.151245117188
32,599616030445.2299,1780936900896.937,-6661,57,599616030329.8452,18408.843505859375
32,599616030445.2299,1780936900896.941,4058,58,599616030337.5376,18416.535888671875
32,599616030445.2299,1780936900896.945,-62,59,599616030345.2299,18424.228149414062
32,599616030445.2299,1780936900896.95,-5009,60,599616030352.9221,18431.92041015625
32,599616030445.2299,1780936900896.954,6312,61,599616030360.6145,18439.61279296875
32,599616030445.2299,1780936900896.958,-5669,62,599616030368.3068,18447.305053710938
32,599616030445.2299,1780936900896.962,699,63,599616030375.9991,18454.997436523438
32,599616030445.2299,1780936900896.966,2857,64,599616030383.6914,18462.689697265625
32,599616030445.2299,1780936900896.97,-6296,65,599616030391.3837,18470.381958007812
32,599616030445.2299,1780936900896.974,6389,66,599616030399.076,18478.074340820312
32,599616030445.2299,1780936900896.9778,-2451,67,599616030406.7683,18485.7666015625
32,599616030445.2299,1780936900896.982,-1582,68,599616030414.4606,18493.458862304688
32,599616030445.2299,1780936900896.987,5780,69,599616030422.153,18501.151245117188
32,599616030445.2299,1780936900896.991,-6447,70,599616030429.8452,18508.843505859375
32,599616030445.2299,1780936900896.995,4295,71,599616030437.5376,18516.535888671875
32,599616030445.2299,1780936900896.9988,362,72,599616030445.2299,18524.228149414062
33,599616031006.8271,1780936901436.758,-4744,0,599616030452.981,18531.979248046875
33,599616031006.8271,1780936901436.778,6614,1,599616030460.6733,18539.671630859375
33,599616031006.8271,1780936901436.782,-5334,2,599616030468.3656,18547.363891601562
33,599616031006.8271,1780936901436.785,1054,3,599616030476.0579,18555.05615234375
33,599616031006.8271,1780936901436.788,3303,4,599616030483.7502,18562.74853515625
33,599616031006.8271,1780936901436.791,-6512,5,599616030491.4425,18570.440795898438
33,599616031006.8271,1780936901436.794,5896,6,599616030499.1349,18578.133178710938
33,599616031006.8271,1780936901436.7969,-2843,7,599616030506.8271,18585.825439453125
33,599616031006.8271,1780936901436.799,-2207,8,599616030514.5194,18593.517700195312
33,599616031006.8271,1780936901436.802,5413,9,599616030522.2118,18601.210083007812
33,599616031006.8271,1780936901436.805,-6944,10,599616030529.904,18608.90234375
33,599616031006.8271,1780936901436.807,3835,11,599616030537.5964,18616.5947265625
33,599616031006.8271,1780936901436.81,599,12,599616030545.2887,18624.286987304688
33,599616031006.8271,1780936901436.8132,-4660,13,599616030552.981,18631.979248046875
33,599616031006.8271,1780936901436.815,6682,14,599616030560.6733,18639.671630859375
33,599616031006.8271,1780936901436.8179,-5153,15,599616030568.3656,18647.363891601562
33,599616031006.8271,1780936901436.826,1061,16,599616030576.0579,18655.05615234375
33,599616031006.8271,1780936901436.829,3561,17,599616030583.7502,18662.74853515625
33,599616031006.8271,1780936901436.832,-6466,18,599616030591.4425,18670.440795898438
33,599616031006.8271,1780936901436.834,5885,19,599616030599.1349,18678.133178710938
33,599616031006.8271,1780936901436.837,-2688,20,599616030606.8271,18685.825439453125
33,599616031006.8271,1780936901436.839,-2267,21,599616030614.5194,18693.517700195312
33,599616031006.8271,1780936901436.842,5741,22,599616030622.2118,18701.210083007812
33,599616031006.8271,1780936901436.844,-6547,23,599616030629.904,18708.90234375
33,599616031006.8271,1780936901436.847,3919,24,599616030637.5964,18716.5947265625
33,599616031006.8271,1780936901436.85,650,25,599616030645.2887,18724.286987304688
33,599616031006.8271,1780936901436.852,-4911,26,599616030652.981,18731.979248046875
33,599616031006.8271,1780936901436.855,6654,27,599616030660.6733,18739.671630859375
33,599616031006.8271,1780936901436.858,-5081,28,599616030668.3656,18747.363891601562
33,599616031006.8271,1780936901436.86,892,29,599616030676.0579,18755.05615234375
33,599616031006.8271,1780936901436.863,3736,30,599616030683.7502,18762.74853515625
33,599616031006.8271,1780936901436.865,-6477,31,599616030691.4425,18770.440795898438
33,599616031006.8271,1780936901436.868,5861,32,599616030699.1349,18778.133178710938
33,599616031006.8271,1780936901436.87,-2527,33,599616030706.8271,18785.825439453125
33,599616031006.8271,1780936901436.873,-2553,34,599616030714.5194,18793.517700195312
33,599616031006.8271,1780936901436.876,5673,35,599616030722.2118,18801.210083007812
33,599616031006.8271,1780936901436.878,-6649,36,599616030729.904,18808.90234375
33,599616031006.8271,1780936901436.881,3608,37,599616030737.5964,18816.5947265625
33,599616031006.8271,1780936901436.883,701,38,599616030745.2887,18824.286987304688
33,599616031006.8271,1780936901436.886,-5090,39,599616030752.981,18831.979248046875
33,599616031006.8271,1780936901436.893,6500,40,599616030760.6733,18839.671630859375
33,599616031006.8271,1780936901436.8948,-5099,41,599616030768.3656,18847.363891601562
33,599616031006.8271,1780936901436.898,845,42,599616030776.0579,18855.05615234375
33,599616031006.8271,1780936901436.9,4289,43,599616030783.7502,18862.74853515625
33,599616031006.8271,1780936901436.903,-5857,44,599616030791.4425,18870.440795898438
33,599616031006.8271,1780936901436.9048,6373,45,599616030799.1349,18878.133178710938
33,599616031006.8271,1780936901436.908,-1909,46,599616030806.8271,18885.825439453125
33,599616031006.8271,1780936901436.91,-2163,47,599616030814.5194,18893.517700195312
33,599616031006.8271,1780936901436.913,6219,48,599616030822.2118,18901.210083007812
33,599616031006.8271,1780936901436.917,-6117,49,599616030829.904,18908.90234375
33,599616031006.8271,1780936901436.92,3933,50,599616030837.5964,18916.5947265625
33,599616031006.8271,1780936901436.922,1078,51,599616030845.2887,18924.286987304688
33,599616031006.8271,1780936901436.925,-4925,52,599616030852.981,18931.979248046875
33,599616031006.8271,1780936901436.928,6770,53,599616030860.6733,18939.671630859375
33,599616031006.8271,1780936901436.93,-4851,54,599616030868.3656,18947.363891601562
33,599616031006.8271,1780936901436.933,673,55,599616030876.0579,18955.05615234375
33,599616031006.8271,1780936901436.935,3975,56,599616030883.7502,18962.74853515625
33,599616031006.8271,1780936901436.938,-6503,57,599616030891.4425,18970.440795898438
33,599616031006.8271,1780936901436.941,5817,58,599616030899.1349,18978.133178710938
33,599616031006.8271,1780936901436.943,-2237,59,599616030906.8271,18985.825439453125
33,599616031006.8271,1780936901436.9458,-2818,60,599616030914.5194,18993.517700195312
33,599616031006.8271,1780936901436.948,5710,61,599616030922.2118,19001.210083007812
33,599616031006.8271,1780936901436.951,-6596,62,599616030929.904,19008.90234375
33,599616031006.8271,1780936901436.9531,3526,63,599616030937.5964,19016.5947265625
33,599616031006.8271,1780936901436.9558,1126,64,599616030945.2887,19024.286987304688
33,599616031006.8271,1780936901436.959,-5095,65,599616030952.981,19031.979248046875
33,599616031006.8271,1780936901436.961,6719,66,599616030960.6733,19039.671630859375
33,599616031006.8271,1780936901436.964,-4672,67,599616030968.3656,19047.363891601562
33,599616031006.8271,1780936901436.9658,676,68,599616030976.0579,19055.05615234375
33,599616031006.8271,1780936901436.969,4223,69,599616030983.7502,19062.74853515625
33,599616031006.8271,1780936901436.972,-6394,70,599616030991.4425,19070.440795898438
33,599616031006.8271,1780936901436.974,5964,71,599616030999.1349,19078.133178710938
33,599616031006.8271,1780936901436.9768,-1772,72,599616031006.8271,19085.825439453125
34,599616031568.4244,1780936901977.056,-2553,0,599616031014.5782,19093.576538085938
34,599616031568.4244,1780936901977.064,6201,1,599616031022.2706,19101.268920898438
34,599616031568.4244,1780936901977.0688,-6219,2,599616031029.9629,19108.961181640625
34,599616031568.4244,1780936901977.071,3619,3,599616031037.6552,19116.653442382812
34,599616031568.4244,1780936901977.074,1412,4,599616031045.3475,19124.345825195312
34,599616031568.4244,1780936901977.077,-5111,5,599616031053.0398,19132.0380859375
34,599616031568.4244,1780936901977.08,6814,6,599616031060.7322,19139.73046875
34,599616031568.4244,1780936901977.083,-4577,7,599616031068.4244,19147.422729492188
34,599616031568.4244,1780936901977.0852,388,8,599616031076.1167,19155.114990234375
34,599616031568.4244,1780936901977.088,4237,9,599616031083.8091,19162.807373046875
34,599616031568.4244,1780936901977.091,-6665,10,599616031091.5013,19170.499633789062
34,599616031568.4244,1780936901977.093,5518,11,599616031099.1937,19178.192016601562
34,599616031568.4244,1780936901977.0962,-1998,12,599616031106.886,19185.88427734375
34,599616031568.4244,1780936901977.098,-3099,13,599616031114.5782,19193.576538085938
34,599616031568.4244,1780936901977.101,5950,14,599616031122.2706,19201.268920898438
34,599616031568.4244,1780936901977.109,-6442,15,599616031129.9629,19208.961181640625
34,599616031568.4244,1780936901977.111,3282,16,599616031137.6552,19216.653442382812
34,599616031568.4244,1780936901977.114,1786,17,599616031145.3475,19224.345825195312
34,599616031568.4244,1780936901977.1162,-4660,18,599616031153.0398,19232.0380859375
34,599616031568.4244,1780936901977.119,7195,19,599616031160.7322,19239.73046875
34,599616031568.4244,1780936901977.122,-4035,20,599616031168.4244,19247.422729492188
34,599616031568.4244,1780936901977.124,762,21,599616031176.1167,19255.114990234375
34,599616031568.4244,1780936901977.127,4670,22,599616031183.8091,19262.807373046875
34,599616031568.4244,1780936901977.129,-6305,23,599616031191.5013,19270.499633789062
34,599616031568.4244,1780936901977.132,5875,24,599616031199.1937,19278.192016601562
34,599616031568.4244,1780936901977.135,-1538,25,599616031206.886,19285.88427734375
34,599616031568.4244,1780936901977.1372,-2846,26,599616031214.5782,19293.576538085938
34,599616031568.4244,1780936901977.14,6294,27,599616031222.2706,19301.268920898438
34,599616031568.4244,1780936901977.143,-6242,28,599616031229.9629,19308.961181640625
34,599616031568.4244,1780936901977.145,3217,29,599616031237.6552,19316.653442382812
34,599616031568.4244,1780936901977.148,1607,30,599616031245.3475,19324.345825195312
34,599616031568.4244,1780936901977.15,-5250,31,599616031253.0398,19332.0380859375
34,599616031568.4244,1780936901977.153,6930,32,599616031260.7322,19339.73046875
34,599616031568.4244,1780936901977.155,-4077,33,599616031268.4244,19347.422729492188
34,599616031568.4244,1780936901977.158,432,34,599616031276.1167,19355.114990234375
34,599616031568.4244,1780936901977.16,4753,35,599616031283.8091,19362.807373046875
34,599616031568.4244,1780936901977.163,-6173,36,599616031291.5013,19370.499633789062
34,599616031568.4244,1780936901977.165,5999,37,599616031299.1937,19378.192016601562
34,599616031568.4244,1780936901977.168,-1143,38,599616031306.886,19385.88427734375
34,599616031568.4244,1780936901977.171,-2653,39,599616031314.5782,19393.576538085938
34,599616031568.4244,1780936901977.173,6696,40,599616031322.2706,19401.268920898438
34,599616031568.4244,1780936901977.176,-5815,41,599616031329.9629,19408.961181640625
34,599616031568.4244,1780936901977.179,3496,42,599616031337.6552,19416.653442382812
34,599616031568.4244,1780936901977.181,2095,43,599616031345.3475,19424.345825195312
34,599616031568.4244,1780936901977.184,-5141,44,599616031353.0398,19432.0380859375
34,599616031568.4244,1780936901977.186,6965,45,599616031360.7322,19439.73046875
34,599616031568.4244,1780936901977.189,-4000,46,599616031368.4244,19447.422729492188
34,599616031568.4244,1780936901977.192,232,47,599616031376.1167,19455.114990234375
34,599616031568.4244,1780936901977.195,4814,48,599616031383.8091,19462.807373046875
34,599616031568.4244,1780936901977.197,-6308,49,599616031391.5013,19470.499633789062
34,599616031568.4244,1780936901977.2,5757,50,599616031399.1937,19478.192016601562
34,599616031568.4244,1780936901977.202,-1173,51,599616031406.886,19485.88427734375
34,599616031568.4244,1780936901977.205,-2985,52,599616031414.5782,19493.576538085938
34,599616031568.4244,1780936901977.207,6540,53,599616031422.2706,19501.268920898438
34,599616031568.4244,1780936901977.21,-6033,54,599616031429.9629,19508.961181640625
34,599616031568.4244,1780936901977.213,3087,55,599616031437.6552,19516.653442382812
34,599616031568.4244,1780936901977.215,2081,56,599616031445.3475,19524.345825195312
34,599616031568.4244,1780936901977.218,-5364,57,599616031453.0398,19532.0380859375
34,599616031568.4244,1780936901977.22,6798,58,599616031460.7322,19539.73046875
34,599616031568.4244,1780936901977.223,-3989,59,599616031468.4244,19547.422729492188
34,599616031568.4244,1780936901977.225,9,60,599616031476.1167,19555.114990234375
34,599616031568.4244,1780936901977.228,4848,61,599616031483.8091,19562.807373046875
34,599616031568.4244,1780936901977.231,-6466,62,599616031491.5013,19570.499633789062
34,599616031568.4244,1780936901977.233,5527,63,599616031499.1937,19578.192016601562
34,599616031568.4244,1780936901977.236,-1126,64,599616031506.886,19585.88427734375
34,599616031568.4244,1780936901977.238,-3282,65,599616031514.5782,19593.576538085938
34,599616031568.4244,1780936901977.241,6466,66,599616031522.2706,19601.268920898438
34,599616031568.4244,1780936901977.244,-5994,67,599616031529.9629,19608.961181640625
34,599616031568.4244,1780936901977.247,2878,68,599616031537.6552,19616.653442382812
34,599616031568.4244,1780936901977.25,2121,69,599616031545.3475,19624.345825195312
34,599616031568.4244,1780936901977.252,-5464,70,599616031553.0398,19632.0380859375
34,599616031568.4244,1780936901977.2551,6791,71,599616031560.7322,19639.73046875
34,599616031568.4244,1780936901977.257,-3882,72,599616031568.4244,19647.422729492188
35,599616032130.0219,1780936902653.7769,-151,0,599616031576.1757,19655.173950195312
35,599616032130.0219,1780936902653.835,5004,1,599616031583.868,19662.866333007812
35,599616032130.0219,1780936902653.865,-6370,2,599616031591.5603,19670.55859375
35,599616032130.0219,1780936902653.88,5511,3,599616031599.2526,19678.250854492188
35,599616032130.0219,1780936902653.895,-887,4,599616031606.945,19685.943237304688
35,599616032130.0219,1780936902653.909,-3241,5,599616031614.6372,19693.635498046875
35,599616032130.0219,1780936902654.003,6633,6,599616031622.3296,19701.327880859375
35,599616032130.0219,1780936902654.017,-5861,7,599616031630.0219,19709.020141601562
35,599616032130.0219,1780936902654.031,2867,8,599616031637.7141,19716.71240234375
35,599616032130.0219,1780936902654.043,2374,9,599616031645.4065,19724.40478515625
35,599616032130.0219,1780936902654.0571,-5483,10,599616031653.0988,19732.097045898438
35,599616032130.0219,1780936902654.0698,6805,11,599616031660.7911,19739.789428710938
35,599616032130.0219,1780936902654.083,-3740,12,599616031668.4834,19747.481689453125
35,599616032130.0219,1780936902654.096,-320,13,599616031676.1757,19755.173950195312
35,599616032130.0219,1780936902654.109,5032,14,599616031683.868,19762.866333007812
35,599616032130.0219,1780936902654.122,-6438,15,599616031691.5603,19770.55859375
35,599616032130.0219,1780936902654.135,5394,16,599616031699.2526,19778.250854492188
35,599616032130.0219,1780936902654.1482,-769,17,599616031706.945,19785.943237304688
35,599616032130.0219,1780936902654.161,-3406,18,599616031714.6372,19793.635498046875
35,599616032130.0219,1780936902654.175,6598,19,599616031722.3296,19801.327880859375
35,599616032130.0219,1780936902654.188,-5810,20,599616031730.0219,19809.020141601562
35,599616032130.0219,1780936902654.201,2774,21,599616031737.7141,19816.71240234375
35,599616032130.0219,1780936902654.223,2481,22,599616031745.4065,19824.40478515625
35,599616032130.0219,1780936902654.375,-5622,23,599616031753.0988,19832.097045898438
35,599616032130.0219,1780936902654.402,6698,24,599616031760.7911,19839.789428710938
35,599616032130.0219,1780936902654.4448,-3673,25,599616031768.4834,19847.481689453125
35,599616032130.0219,1780936902654.529,-480,26,599616031776.1757,19855.173950195312
35,599616032130.0219,1780936902654.567,5076,27,599616031783.868,19862.866333007812
35,599616032130.0219,1780936902654.584,-6482,28,599616031791.5603,19870.55859375
35,599616032130.0219,1780936902654.597,5239,29,599616031799.2526,19878.250854492188
35,599616032130.0219,1780936902654.629,-697,30,599616031806.945,19885.943237304688
35,599616032130.0219,1780936902654.663,-3471,31,599616031814.6372,19893.635498046875
35,599616032130.0219,1780936902654.6782,6716,32,599616031822.3296,19901.327880859375
35,599616032130.0219,1780936902654.688,-5638,33,599616031830.0219,19909.020141601562
35,599616032130.0219,1780936902654.698,2857,34,599616031837.7141,19916.71240234375
35,599616032130.0219,1780936902654.709,2853,35,599616031845.4065,19924.40478515625
35,599616032130.0219,1780936902654.719,-5381,36,599616031853.0988,19932.097045898438
35,599616032130.0219,1780936902654.757,7032,37,599616031860.7911,19939.789428710938
35,599616032130.0219,1780936902654.772,-3234,38,599616031868.4834,19947.481689453125
35,599616032130.0219,1780936902654.781,-295,39,599616031876.1757,19955.173950195312
35,599616032130.0219,1780936902654.791,5480,40,599616031883.868,19962.866333007812
35,599616032130.0219,1780936902654.82,-6187,41,599616031891.5603,19970.55859375
35,599616032130.0219,1780936902654.83,5466,42,599616031899.2526,19978.250854492188
35,599616032130.0219,1780936902654.8418,-248,43,599616031906.945,19985.943237304688
35,599616032130.0219,1780936902654.855,-3341,44,599616031914.6372,19993.635498046875
35,599616032130.0219,1780936902654.868,6881,45,599616031922.3296,20001.327880859375
35,599616032130.0219,1780936902654.878,-5506,46,599616031930.0219,20009.020141601562
35,599616032130.0219,1780936902654.887,2713,47,599616031937.7141,20016.71240234375
35,599616032130.0219,1780936902654.896,2834,48,599616031945.4065,20024.40478515625
35,599616032130.0219,1780936902654.907,-5592,49,599616031953.0988,20032.097045898438
35,599616032130.0219,1780936902654.918,6851,50,599616031960.7911,20039.789428710938
35,599616032130.0219,1780936902654.928,-3368,51,599616031968.4834,20047.481689453125
35,599616032130.0219,1780936902654.939,-643,52,599616031976.1757,20055.173950195312
35,599616032130.0219,1780936902654.9521,5448,53,599616031983.868,20062.866333007812
35,599616032130.0219,1780936902654.966,-6380,54,599616031991.5603,20070.55859375
35,599616032130.0219,1780936902654.997,5141,55,599616031999.2526,20078.250854492188
35,599616032130.0219,1780936902655.0132,-325,56,599616032006.945,20085.943237304688
35,599616032130.0219,1780936902655.118,-3677,57,599616032014.6372,20093.635498046875
35,599616032130.0219,1780936902655.131,6768,58,599616032022.3296,20101.327880859375
35,599616032130.0219,1780936902655.159,-5548,59,599616032030.0219,20109.020141601562
35,599616032130.0219,1780936902655.172,2427,60,599616032037.7141,20116.71240234375
35,599616032130.0219,1780936902655.239,2827,61,599616032045.4065,20124.40478515625
35,599616032130.0219,1780936902655.256,-5803,62,599616032053.0988,20132.097045898438
35,599616032130.0219,1780936902655.2651,6670,63,599616032060.7911,20139.789428710938
35,599616032130.0219,1780936902655.2751,-3322,64,599616032068.4834,20147.481689453125
35,599616032130.0219,1780936902655.284,-878,65,599616032076.1757,20155.173950195312
35,599616032130.0219,1780936902655.294,5397,66,599616032083.868,20162.866333007812
35,599616032130.0219,1780936902655.394,-6440,67,599616032091.5603,20170.55859375
35,599616032130.0219,1780936902655.4128,5030,68,599616032099.2526,20178.250854492188
35,599616032130.0219,1780936902655.4229,-232,69,599616032106.945,20185.943237304688
35,599616032130.0219,1780936902655.4329,-3852,70,599616032114.6372,20193.635498046875
35,599616032130.0219,1780936902655.4429,6728,71,599616032122.3296,20201.327880859375
35,599616032130.0219,1780936902655.511,-5550,72,599616032130.0219,20209.020141601562
36,599616032691.614,1780936903147.398,2235,0,599616032137.7678,20216.76611328125
36,599616032691.614,1780936903147.422,2892,1,599616032145.4602,20224.45849609375
36,599616032691.614,1780936903147.431,-5924,2,599616032153.1525,20232.150756835938
36,599616032691.614,1780936903147.439,6589,3,599616032160.8447,20239.843017578125
36,599616032691.614,1780936903147.447,-3257,4,599616032168.5371,20247.535400390625
36,599616032691.614,1780936903147.455,-1068,5,599616032176.2294,20255.227661132812
36,599616032691.614,1780936903147.464,5446,6,599616032183.9218,20262.920043945312
36,599616032691.614,1780936903147.472,-6507,7,599616032191.614,20270.6123046875
36,599616032691.614,1780936903147.479,4872,8,599616032199.3063,20278.304565429688
36,599616032691.614,1780936903147.4868,-127,9,599616032206.9987,20285.996948242188
36,599616032691.614,1780936903147.4941,-4024,10,599616032214.6909,20293.689208984375
36,599616032691.614,1780936903147.501,6719,11,599616032222.3833,20301.381591796875
36,599616032691.614,1780936903147.509,-5508,12,599616032230.0756,20309.073852539062
36,599616032691.614,1780936903147.516,2021,13,599616032237.7678,20316.76611328125
36,599616032691.614,1780936903147.523,2973,14,599616032245.4602,20324.45849609375
36,599616032691.614,1780936903147.531,-5999,15,599616032253.1525,20332.150756835938
36,599616032691.614,1780936903147.5378,6461,16,599616032260.8447,20339.843017578125
36,599616032691.614,1780936903147.5452,-3201,17,599616032268.5371,20347.535400390625
36,599616032691.614,1780936903147.553,-1201,18,599616032276.2294,20355.227661132812
36,599616032691.614,1780936903147.5598,5490,19,599616032283.9218,20362.920043945312
36,599616032691.614,1780936903147.5679,-6568,20,599616032291.614,20370.6123046875
36,599616032691.614,1780936903147.575,4765,21,599616032299.3063,20378.304565429688
36,599616032691.614,1780936903147.582,88,22,599616032306.9987,20385.996948242188
36,599616032691.614,1780936903147.5898,-4100,23,599616032314.6909,20393.689208984375
36,599616032691.614,1780936903147.5972,6633,24,599616032322.3833,20401.381591796875
36,599616032691.614,1780936903147.605,-5515,25,599616032330.0756,20409.073852539062
36,599616032691.614,1780936903147.612,1898,26,599616032337.7678,20416.76611328125
36,599616032691.614,1780936903147.619,3080,27,599616032345.4602,20424.45849609375
36,599616032691.614,1780936903147.6272,-6054,28,599616032353.1525,20432.150756835938
36,599616032691.614,1780936903147.634,6440,29,599616032360.8447,20439.843017578125
36,599616032691.614,1780936903147.6418,-3145,30,599616032368.5371,20447.535400390625
36,599616032691.614,1780936903147.6492,-1461,31,599616032376.2294,20455.227661132812
36,599616032691.614,1780936903147.656,5532,32,599616032383.9218,20462.920043945312
36,599616032691.614,1780936903147.663,-6517,33,599616032391.614,20470.6123046875
36,599616032691.614,1780936903147.671,4593,34,599616032399.3063,20478.304565429688
36,599616032691.614,1780936903147.678,46,35,599616032406.9987,20485.996948242188
36,599616032691.614,1780936903147.686,-4261,36,599616032414.6909,20493.689208984375
36,599616032691.614,1780936903147.6929,6723,37,599616032422.3833,20501.381591796875
36,599616032691.614,1780936903147.7,-5469,38,599616032430.0756,20509.073852539062
36,599616032691.614,1780936903147.708,1638,39,599616032437.7678,20516.76611328125
36,599616032691.614,1780936903147.715,3169,40,599616032445.4602,20524.45849609375
36,599616032691.614,1780936903147.722,-6075,41,599616032453.1525,20532.150756835938
36,599616032691.614,1780936903147.7302,6373,42,599616032460.8447,20539.843017578125
36,599616032691.614,1780936903147.737,-3015,43,599616032468.5371,20547.535400390625
36,599616032691.614,1780936903147.744,-1507,44,599616032476.2294,20555.227661132812
36,599616032691.614,1780936903147.751,5617,45,599616032483.9218,20562.920043945312
36,599616032691.614,1780936903147.758,-6556,46,599616032491.614,20570.6123046875
36,599616032691.614,1780936903147.766,4505,47,599616032499.3063,20578.304565429688
36,599616032691.614,1780936903147.773,202,48,599616032506.9987,20585.996948242188
36,599616032691.614,1780936903147.781,-4377,49,599616032514.6909,20593.689208984375
36,599616032691.614,1780936903147.788,6733,50,599616032522.3833,20601.381591796875
36,599616032691.614,1780936903147.795,-5376,51,599616032530.0756,20609.073852539062
36,599616032691.614,1780936903147.84,1514,52,599616032537.7678,20616.76611328125
36,599616032691.614,1780936903147.845,3266,53,599616032545.4602,20624.45849609375
36,599616032691.614,1780936903147.848,-6129,54,599616032553.1525,20632.150756835938
36,599616032691.614,1780936903147.852,6315,55,599616032560.8447,20639.843017578125
36,599616032691.614,1780936903147.855,-2943,56,599616032568.5371,20647.535400390625
36,599616032691.614,1780936903147.858,-1684,57,599616032576.2294,20655.227661132812
36,599616032691.614,1780936903147.861,5676,58,599616032583.9218,20662.920043945312
36,599616032691.614,1780936903147.8628,-6540,59,599616032591.614,20670.6123046875
36,599616032691.614,1780936903147.866,4386,60,599616032599.3063,20678.304565429688
36,599616032691.614,1780936903147.8691,299,61,599616032606.9987,20685.996948242188
36,599616032691.614,1780936903147.872,-4544,62,599616032614.6909,20693.689208984375
36,599616032691.614,1780936903147.875,6686,63,599616032622.3833,20701.381591796875
36,599616032691.614,1780936903147.877,-5255,64,599616032630.0756,20709.073852539062
36,599616032691.614,1780936903147.8801,1459,65,599616032637.7678,20716.76611328125
36,599616032691.614,1780936903147.882,3368,66,599616032645.4602,20724.45849609375
36,599616032691.614,1780936903147.885,-6212,67,599616032653.1525,20732.150756835938
36,599616032691.614,1780936903147.888,6270,68,599616032660.8447,20739.843017578125
36,599616032691.614,1780936903147.8901,-2788,69,599616032668.5371,20747.535400390625
36,599616032691.614,1780936903147.893,-1786,70,599616032676.2294,20755.227661132812
36,599616032691.614,1780936903147.896,5699,71,599616032683.9218,20762.920043945312
36,599616032691.614,1780936903147.898,-6635,72,599616032691.614,20770.6123046875
37,599616033253.2164,1780936903687.459,4233,0,599616032699.3702,20778.368530273438
37,599616033253.2164,1780936903687.5,485,1,599616032707.0626,20786.060913085938
37,599616033253.2164,1780936903687.5168,-4570,2,599616032714.7549,20793.753173828125
37,599616033253.2164,1780936903687.53,6716,3,599616032722.4471,20801.445434570312
37,599616033253.2164,1780936903687.543,-5223,4,599616032730.1395,20809.137817382812
37,599616033253.2164,1780936903687.5579,1317,5,599616032737.8318,20816.830078125
37,599616033253.2164,1780936903687.572,3538,6,599616032745.5242,20824.5224609375
37,599616033253.2164,1780936903687.5852,-6294,7,599616032753.2164,20832.214721679688
37,599616033253.2164,1780936903687.5999,6124,8,599616032760.9087,20839.906982421875
37,599616033253.2164,1780936903687.613,-2653,9,599616032768.6011,20847.599365234375
37,599616033253.2164,1780936903687.625,-1884,10,599616032776.2933,20855.291625976562
37,599616033253.2164,1780936903687.656,5771,11,599616032783.9857,20862.984008789062
37,599616033253.2164,1780936903687.669,-6549,12,599616032791.678,20870.67626953125
37,599616033253.2164,1780936903687.682,4142,13,599616032799.3702,20878.368530273438
37,599616033253.2164,1780936903687.694,569,14,599616032807.0626,20886.060913085938
37,599616033253.2164,1780936903687.707,-4630,15,599616032814.7549,20893.753173828125
37,599616033253.2164,1780936903687.72,6751,16,599616032822.4471,20901.445434570312
37,599616033253.2164,1780936903687.732,-5169,17,599616032830.1395,20909.137817382812
37,599616033253.2164,1780936903687.745,1191,18,599616032837.8318,20916.830078125
37,599616033253.2164,1780936903687.757,3670,19,599616032845.5242,20924.5224609375
37,599616033253.2164,1780936903687.7698,-6326,20,599616032853.2164,20932.214721679688
37,599616033253.2164,1780936903687.783,6064,21,599616032860.9087,20939.906982421875
37,599616033253.2164,1780936903687.795,-2520,22,599616032868.6011,20947.599365234375
37,599616033253.2164,1780936903687.8071,-1991,23,599616032876.2933,20955.291625976562
37,599616033253.2164,1780936903687.8271,5829,24,599616032883.9857,20962.984008789062
37,599616033253.2164,1780936903687.84,-6470,25,599616032891.678,20970.67626953125
37,599616033253.2164,1780936903687.8518,4091,26,599616032899.3702,20978.368530273438
37,599616033253.2164,1780936903687.864,636,27,599616032907.0626,20986.060913085938
37,599616033253.2164,1780936903687.877,-4753,28,599616032914.7549,20993.753173828125
37,599616033253.2164,1780936903687.8892,6786,29,599616032922.4471,21001.445434570312
37,599616033253.2164,1780936903687.9019,-5106,30,599616032930.1395,21009.137817382812
37,599616033253.2164,1780936903687.9138,1008,31,599616032937.8318,21016.830078125
37,599616033253.2164,1780936903687.926,3731,32,599616032945.5242,21024.5224609375
37,599616033253.2164,1780936903687.939,-6349,33,599616032953.2164,21032.214721679688
37,599616033253.2164,1780936903687.9512,6057,34,599616032960.9087,21039.906982421875
37,599616033253.2164,1780936903687.9639,-2437,35,599616032968.6011,21047.599365234375
37,599616033253.2164,1780936903687.9758,-2211,36,599616032976.2933,21055.291625976562
37,599616033253.2164,1780936903687.989,5861,37,599616032983.9857,21062.984008789062
37,599616033253.2164,1780936903688.001,-6445,38,599616032991.678,21070.67626953125
37,599616033253.2164,1780936903688.0132,3961,39,599616032999.3702,21078.368530273438
37,599616033253.2164,1780936903688.026,829,40,599616033007.0626,21086.060913085938
37,599616033253.2164,1780936903688.038,-4776,41,599616033014.7549,21093.753173828125
37,599616033253.2164,1780936903688.051,6707,42,599616033022.4471,21101.445434570312
37,599616033253.2164,1780936903688.063,-5069,43,599616033030.1395,21109.137817382812
37,599616033253.2164,1780936903688.075,927,44,599616033037.8318,21116.830078125
37,599616033253.2164,1780936903688.088,3833,45,599616033045.5242,21124.5224609375
37,599616033253.2164,1780936903688.1,-6405,46,599616033053.2164,21132.214721679688
37,599616033253.2164,1780936903688.113,6022,47,599616033060.9087,21139.906982421875
37,599616033253.2164,1780936903688.125,-2281,48,599616033068.6011,21147.599365234375
37,599616033253.2164,1780936903688.138,-2288,49,599616033076.2933,21155.291625976562
37,599616033253.2164,1780936903688.155,5938,50,599616033083.9857,21162.984008789062
37,599616033253.2164,1780936903688.168,-6426,51,599616033091.678,21170.67626953125
37,599616033253.2164,1780936903688.3098,3877,52,599616033099.3702,21178.368530273438
37,599616033253.2164,1780936903688.3381,899,53,599616033107.0626,21186.060913085938
37,599616033253.2164,1780936903688.3572,-4967,54,599616033114.7549,21193.753173828125
37,599616033253.2164,1780936903688.3708,6758,55,599616033122.4471,21201.445434570312
37,599616033253.2164,1780936903688.386,-4916,56,599616033130.1395,21209.137817382812
37,599616033253.2164,1780936903688.441,778,57,599616033137.8318,21216.830078125
37,599616033253.2164,1780936903688.462,3912,58,599616033145.5242,21224.5224609375
37,599616033253.2164,1780936903688.4749,-6500,59,599616033153.2164,21232.214721679688
37,599616033253.2164,1780936903688.488,5927,60,599616033160.9087,21239.906982421875
37,599616033253.2164,1780936903688.501,-2202,61,599616033168.6011,21247.599365234375
37,599616033253.2164,1780936903688.513,-2606,62,599616033176.2933,21255.291625976562
37,599616033253.2164,1780936903688.526,5743,63,599616033183.9857,21262.984008789062
37,599616033253.2164,1780936903688.538,-6730,64,599616033191.678,21270.67626953125
37,599616033253.2164,1780936903688.551,3327,65,599616033199.3702,21278.368530273438
37,599616033253.2164,1780936903688.563,580,66,599616033207.0626,21286.060913085938
37,599616033253.2164,1780936903688.576,-5550,67,599616033214.7549,21293.753173828125
37,599616033253.2164,1780936903688.588,6287,68,599616033222.4471,21301.445434570312
37,599616033253.2164,1780936903688.601,-5297,69,599616033230.1395,21309.137817382812
37,599616033253.2164,1780936903688.613,123,70,599616033237.8318,21316.830078125
37,599616033253.2164,1780936903688.627,3594,71,599616033245.5242,21324.5224609375
37,599616033253.2164,1780936903688.694,-6944,72,599616033253.2164,21332.214721679688
38,599616033814.8137,1780936904226.203,5348,0,599616033260.9675,21339.9658203125
38,599616033814.8137,1780936904226.2148,-2581,1,599616033268.6599,21347.658203125
38,599616033814.8137,1780936904226.218,-3094,2,599616033276.3522,21355.350463867188
38,599616033814.8137,1780936904226.2212,5590,3,599616033284.0444,21363.042724609375
38,599616033814.8137,1780936904226.223,-6861,4,599616033291.7368,21370.735107421875
38,599616033814.8137,1780936904226.226,3080,5,599616033299.4291,21378.427368164062
38,599616033814.8137,1780936904226.229,676,6,599616033307.1215,21386.119750976562
38,599616033814.8137,1780936904226.232,-5657,7,599616033314.8137,21393.81201171875
38,599616033814.8137,1780936904226.234,6224,8,599616033322.506,21401.504272460938
38,599616033814.8137,1780936904226.237,-5202,9,599616033330.1984,21409.196655273438
38,599616033814.8137,1780936904226.24,-58,10,599616033337.8906,21416.888916015625
38,599616033814.8137,1780936904226.2422,3585,11,599616033345.583,21424.581298828125
38,599616033814.8137,1780936904226.2449,-6916,12,599616033353.2753,21432.273559570312
38,599616033814.8137,1780936904226.247,5369,13,599616033360.9675,21439.9658203125
38,599616033814.8137,1780936904226.25,-2448,14,599616033368.6599,21447.658203125
38,599616033814.8137,1780936904226.2522,-3150,15,599616033376.3522,21455.350463867188
38,599616033814.8137,1780936904226.255,5699,16,599616033384.0444,21463.042724609375
38,599616033814.8137,1780936904226.257,-6786,17,599616033391.7368,21470.735107421875
38,599616033814.8137,1780936904226.26,3034,18,599616033399.4291,21478.427368164062
38,599616033814.8137,1780936904226.263,852,19,599616033407.1215,21486.119750976562
38,599616033814.8137,1780936904226.265,-5617,20,599616033414.8137,21493.81201171875
38,599616033814.8137,1780936904226.268,6352,21,599616033422.506,21501.504272460938
38,599616033814.8137,1780936904226.27,-5053,22,599616033430.1984,21509.196655273438
38,599616033814.8137,1780936904226.273,-53,23,599616033437.8906,21516.888916015625
38,599616033814.8137,1780936904226.275,3840,24,599616033445.583,21524.581298828125
38,599616033814.8137,1780936904226.278,-6898,25,599616033453.2753,21532.273559570312
38,599616033814.8137,1780936904226.281,5355,26,599616033460.9675,21539.9658203125
38,599616033814.8137,1780936904226.283,-2256,27,599616033468.6599,21547.658203125
38,599616033814.8137,1780936904226.286,-3234,28,599616033476.3522,21555.350463867188
38,599616033814.8137,1780936904226.288,5841,29,599616033484.0444,21563.042724609375
38,599616033814.8137,1780936904226.291,-6665,30,599616033491.7368,21570.735107421875
38,599616033814.8137,1780936904226.294,2922,31,599616033499.4291,21578.427368164062
38,599616033814.8137,1780936904226.296,1017,32,599616033507.1215,21586.119750976562
38,599616033814.8137,1780936904226.299,-5664,33,599616033514.8137,21593.81201171875
38,599616033814.8137,1780936904226.301,6277,34,599616033522.506,21601.504272460938
38,599616033814.8137,1780936904226.304,-4948,35,599616033530.1984,21609.196655273438
38,599616033814.8137,1780936904226.306,-97,36,599616033537.8906,21616.888916015625
38,599616033814.8137,1780936904226.309,3947,37,599616033545.583,21624.581298828125
38,599616033814.8137,1780936904226.311,-6902,38,599616033553.2753,21632.273559570312
38,599616033814.8137,1780936904226.314,5353,39,599616033560.9675,21639.9658203125
38,599616033814.8137,1780936904226.317,-2070,40,599616033568.6599,21647.658203125
38,599616033814.8137,1780936904226.319,-3285,41,599616033576.3522,21655.350463867188
38,599616033814.8137,1780936904226.322,5915,42,599616033584.0444,21663.042724609375
38,599616033814.8137,1780936904226.324,-6582,43,599616033591.7368,21670.735107421875
38,599616033814.8137,1780936904226.327,2929,44,599616033599.4291,21678.427368164062
38,599616033814.8137,1780936904226.329,1238,45,599616033607.1215,21686.119750976562
38,599616033814.8137,1780936904226.332,-5638,46,599616033614.8137,21693.81201171875
38,599616033814.8137,1780936904226.334,6352,47,599616033622.506,21701.504272460938
38,599616033814.8137,1780936904226.337,-4918,48,599616033630.1984,21709.196655273438
38,599616033814.8137,1780936904226.339,-332,49,599616033637.8906,21716.888916015625
38,599616033814.8137,1780936904226.342,4026,50,599616033645.583,21724.581298828125
38,599616033814.8137,1780936904226.345,-6928,51,599616033653.2753,21732.273559570312
38,599616033814.8137,1780936904226.347,5213,52,599616033660.9675,21739.9658203125
38,599616033814.8137,1780936904226.35,-1991,53,599616033668.6599,21747.658203125
38,599616033814.8137,1780936904226.352,-3389,54,599616033676.3522,21755.350463867188
38,599616033814.8137,1780936904226.355,5931,55,599616033684.0444,21763.042724609375
38,599616033814.8137,1780936904226.362,-6579,56,599616033691.7368,21770.735107421875
38,599616033814.8137,1780936904226.365,2771,57,599616033699.4291,21778.427368164062
38,599616033814.8137,1780936904226.367,1254,58,599616033707.1215,21786.119750976562
38,599616033814.8137,1780936904226.37,-5829,59,599616033714.8137,21793.81201171875
38,599616033814.8137,1780936904226.373,6270,60,599616033722.506,21801.504272460938
38,599616033814.8137,1780936904226.375,-4772,61,599616033730.1984,21809.196655273438
38,599616033814.8137,1780936904226.378,-334,62,599616033737.8906,21816.888916015625
38,599616033814.8137,1780936904226.381,4193,63,599616033745.583,21824.581298828125
38,599616033814.8137,1780936904226.384,-6807,64,599616033753.2753,21832.273559570312
38,599616033814.8137,1780936904226.388,5306,65,599616033760.9675,21839.9658203125
38,599616033814.8137,1780936904226.391,-1763,66,599616033768.6599,21847.658203125
38,599616033814.8137,1780936904226.394,-3348,67,599616033776.3522,21855.350463867188
38,599616033814.8137,1780936904226.396,6071,68,599616033784.0444,21863.042724609375
38,599616033814.8137,1780936904226.399,-6575,69,599616033791.7368,21870.735107421875
38,599616033814.8137,1780936904226.4011,2716,70,599616033799.4291,21878.427368164062
38,599616033814.8137,1780936904226.404,1607,71,599616033807.1215,21886.119750976562
38,599616033814.8137,1780936904226.407,-5669,72,599616033814.8137,21893.81201171875
39,599616034376.4111,1780936904857.651,6424,0,599616033822.565,21901.563232421875
39,599616034376.4111,1780936904857.658,-4484,1,599616033830.2573,21909.255615234375
39,599616034376.4111,1780936904857.661,-276,2,599616033837.9496,21916.947875976562
39,599616034376.4111,1780936904857.664,4381,3,599616033845.6418,21924.64013671875
39,599616034376.4111,1780936904857.667,-6751,4,599616033853.3342,21932.33251953125
39,599616034376.4111,1780936904857.6702,5355,5,599616033861.0265,21940.024780273438
39,599616034376.4111,1780936904857.6902,-1540,6,599616033868.7189,21947.717163085938
39,599616034376.4111,1780936904857.696,-3482,7,599616033876.4111,21955.409423828125
39,599616034376.4111,1780936904857.698,6138,8,599616033884.1034,21963.101684570312
39,599616034376.4111,1780936904857.702,-6231,9,599616033891.7958,21970.794067382812
39,599616034376.4111,1780936904857.7039,2850,10,599616033899.488,21978.486328125
39,599616034376.4111,1780936904857.708,1710,11,599616033907.1804,21986.1787109375
39,599616034376.4111,1780936904857.71,-5678,12,599616033914.8727,21993.870971679688
39,599616034376.4111,1780936904857.713,6561,13,599616033922.565,22001.563232421875
39,599616034376.4111,1780936904857.7148,-4333,14,599616033930.2573,22009.255615234375
39,599616034376.4111,1780936904857.718,-325,15,599616033937.9496,22016.947875976562
39,599616034376.4111,1780936904857.722,4674,16,599616033945.6418,22024.64013671875
39,599616034376.4111,1780936904857.7249,-6610,17,599616033953.3342,22032.33251953125
39,599616034376.4111,1780936904857.727,5236,18,599616033961.0265,22040.024780273438
39,599616034376.4111,1780936904857.73,-1412,19,599616033968.7189,22047.717163085938
39,599616034376.4111,1780936904857.733,-3399,20,599616033976.4111,22055.409423828125
39,599616034376.4111,1780936904857.7349,6266,21,599616033984.1034,22063.101684570312
39,599616034376.4111,1780936904857.758,-6240,22,599616033991.7958,22070.794067382812
39,599616034376.4111,1780936904857.761,2760,23,599616033999.488,22078.486328125
39,599616034376.4111,1780936904857.764,1877,24,599616034007.1804,22086.1787109375
39,599616034376.4111,1780936904857.767,-5780,25,599616034014.8727,22093.870971679688
39,599616034376.4111,1780936904857.78,6533,26,599616034022.565,22101.563232421875
39,599616034376.4111,1780936904857.784,-4184,27,599616034030.2573,22109.255615234375
39,599616034376.4111,1780936904857.7869,-446,28,599616034037.9496,22116.947875976562
39,599616034376.4111,1780936904857.79,4642,29,599616034045.6418,22124.64013671875
39,599616034376.4111,1780936904857.792,-6782,30,599616034053.3342,22132.33251953125
39,599616034376.4111,1780936904857.795,5116,31,599616034061.0265,22140.024780273438
39,599616034376.4111,1780936904857.7969,-1287,32,599616034068.7189,22147.717163085938
39,599616034376.4111,1780936904857.8,-3545,33,599616034076.4111,22155.409423828125
39,599616034376.4111,1780936904857.802,6277,34,599616034084.1034,22163.101684570312
39,599616034376.4111,1780936904857.805,-6231,35,599616034091.7958,22170.794067382812
39,599616034376.4111,1780936904857.807,2599,36,599616034099.488,22178.486328125
39,599616034376.4111,1780936904857.81,1993,37,599616034107.1804,22186.1787109375
39,599616034376.4111,1780936904857.853,-5859,38,599616034114.8727,22193.870971679688
39,599616034376.4111,1780936904857.858,6447,39,599616034122.565,22201.563232421875
39,599616034376.4111,1780936904857.86,-4144,40,599616034130.2573,22209.255615234375
39,599616034376.4111,1780936904857.863,-624,41,599616034137.9496,22216.947875976562
39,599616034376.4111,1780936904857.866,4693,42,599616034145.6418,22224.64013671875
39,599616034376.4111,1780936904857.868,-6709,43,599616034153.3342,22232.33251953125
39,599616034376.4111,1780936904857.871,5127,44,599616034161.0265,22240.024780273438
39,599616034376.4111,1780936904857.874,-1175,45,599616034168.7189,22247.717163085938
39,599616034376.4111,1780936904857.876,-3631,46,599616034176.4111,22255.409423828125
39,599616034376.4111,1780936904857.879,6375,47,599616034184.1034,22263.101684570312
39,599616034376.4111,1780936904857.9011,-6138,48,599616034191.7958,22270.794067382812
39,599616034376.4111,1780936904857.904,2511,49,599616034199.488,22278.486328125
39,599616034376.4111,1780936904857.907,2132,50,599616034207.1804,22286.1787109375
39,599616034376.4111,1780936904857.909,-5848,51,599616034214.8727,22293.870971679688
39,599616034376.4111,1780936904857.912,6542,52,599616034222.565,22301.563232421875
39,599616034376.4111,1780936904857.914,-3993,53,599616034230.2573,22309.255615234375
39,599616034376.4111,1780936904857.917,-780,54,599616034237.9496,22316.947875976562
39,599616034376.4111,1780936904857.92,4804,55,599616034245.6418,22324.64013671875
39,599616034376.4111,1780936904857.922,-6668,56,599616034253.3342,22332.33251953125
39,599616034376.4111,1780936904857.925,4992,57,599616034261.0265,22340.024780273438
39,599616034376.4111,1780936904857.9421,-1045,58,599616034268.7189,22347.717163085938
39,599616034376.4111,1780936904857.9631,-3664,59,599616034276.4111,22355.409423828125
39,599616034376.4111,1780936904857.966,6375,60,599616034284.1034,22363.101684570312
39,599616034376.4111,1780936904857.969,-6087,61,599616034291.7958,22370.794067382812
39,599616034376.4111,1780936904857.971,2434,62,599616034299.488,22378.486328125
39,599616034376.4111,1780936904857.974,2200,63,599616034307.1804,22386.1787109375
39,599616034376.4111,1780936904857.9768,-5938,64,599616034314.8727,22393.870971679688
39,599616034376.4111,1780936904857.979,6496,65,599616034322.565,22401.563232421875
39,599616034376.4111,1780936904857.982,-3910,66,599616034330.2573,22409.255615234375
39,599616034376.4111,1780936904857.9841,-836,67,599616034337.9496,22416.947875976562
39,599616034376.4111,1780936904857.9868,4879,68,599616034345.6418,22424.64013671875
39,599616034376.4111,1780936904857.99,-6723,69,599616034353.3342,22432.33251953125
39,599616034376.4111,1780936904857.992,4990,70,599616034361.0265,22440.024780273438
39,599616034376.4111,1780936904857.995,-908,71,599616034368.7189,22447.717163085938
39,599616034376.4111,1780936904857.9968,-3835,72,599616034376.4111,22455.409423828125
40,599616034938.0135,1780936905352.696,6426,0,599616034384.1674,22463.165649414062
40,599616034938.0135,1780936905352.706,-5978,1,599616034391.8597,22470.858032226562
40,599616034938.0135,1780936905352.709,2346,2,599616034399.552,22478.55029296875
40,599616034938.0135,1780936905352.716,2309,3,599616034407.2443,22486.242553710938
40,599616034938.0135,1780936905352.72,-6078,4,599616034414.9366,22493.934936523438
40,599616034938.0135,1780936905352.723,6394,5,599616034422.6289,22501.627197265625
40,599616034938.0135,1780936905352.726,-3761,6,599616034430.3213,22509.319580078125
40,599616034938.0135,1780936905352.73,-899,7,599616034438.0135,22517.011840820312
40,599616034938.0135,1780936905352.733,4951,8,599616034445.7058,22524.7041015625
40,599616034938.0135,1780936905352.736,-6709,9,599616034453.3982,22532.396484375
40,599616034938.0135,1780936905352.739,4946,10,599616034461.0905,22540.088745117188
40,599616034938.0135,1780936905352.743,-778,11,599616034468.7828,22547.781127929688
40,599616034938.0135,1780936905352.746,-3942,12,599616034476.4751,22555.473388671875
40,599616034938.0135,1780936905352.749,6454,13,599616034484.1674,22563.165649414062
40,599616034938.0135,1780936905352.752,-5903,14,599616034491.8597,22570.858032226562
40,599616034938.0135,1780936905352.7551,2272,15,599616034499.552,22578.55029296875
40,599616034938.0135,1780936905352.7578,2567,16,599616034507.2443,22586.242553710938
40,599616034938.0135,1780936905352.761,-5943,17,599616034514.9366,22593.934936523438
40,599616034938.0135,1780936905352.764,6349,18,599616034522.6289,22601.627197265625
40,599616034938.0135,1780936905352.768,-3826,19,599616034530.3213,22609.319580078125
40,599616034938.0135,1780936905352.771,-1101,20,599616034538.0135,22617.011840820312
40,599616034938.0135,1780936905352.774,4965,21,599616034545.7058,22624.7041015625
40,599616034938.0135,1780936905352.777,-6888,22,599616034553.3982,22632.396484375
40,599616034938.0135,1780936905352.78,4665,23,599616034561.0905,22640.088745117188
40,599616034938.0135,1780936905352.783,-808,24,599616034568.7828,22647.781127929688
40,599616034938.0135,1780936905352.787,-4219,25,599616034576.4751,22655.473388671875
40,599616034938.0135,1780936905352.79,6331,26,599616034584.1674,22663.165649414062
40,599616034938.0135,1780936905352.793,-5968,27,599616034591.8597,22670.858032226562
40,599616034938.0135,1780936905352.7961,1919,28,599616034599.552,22678.55029296875
40,599616034938.0135,1780936905352.7988,2437,29,599616034607.2443,22686.242553710938
40,599616034938.0135,1780936905352.802,-6031,30,599616034614.9366,22693.934936523438
40,599616034938.0135,1780936905352.805,6368,31,599616034622.6289,22701.627197265625
40,599616034938.0135,1780936905352.808,-3705,32,599616034630.3213,22709.319580078125
40,599616034938.0135,1780936905352.812,-1145,33,599616034638.0135,22717.011840820312
40,599616034938.0135,1780936905352.825,5171,34,599616034645.7058,22724.7041015625
40,599616034938.0135,1780936905352.845,-6716,35,599616034653.3982,22732.396484375
40,599616034938.0135,1780936905352.849,4749,36,599616034661.0905,22740.088745117188
40,599616034938.0135,1780936905352.853,-518,37,599616034668.7828,22747.781127929688
40,599616034938.0135,1780936905352.8618,-4079,38,599616034676.4751,22755.473388671875
40,599616034938.0135,1780936905352.865,6493,39,599616034684.1674,22763.165649414062
40,599616034938.0135,1780936905352.8691,-5820,40,599616034691.8597,22770.858032226562
40,599616034938.0135,1780936905352.8718,1993,41,599616034699.552,22778.55029296875
40,599616034938.0135,1780936905352.876,2641,42,599616034707.2443,22786.242553710938
40,599616034938.0135,1780936905352.8792,-6115,43,599616034714.9366,22793.934936523438
40,599616034938.0135,1780936905352.8818,6380,44,599616034722.6289,22801.627197265625
40,599616034938.0135,1780936905352.885,-3533,45,599616034730.3213,22809.319580078125
40,599616034938.0135,1780936905352.893,-1303,46,599616034738.0135,22817.011840820312
40,599616034938.0135,1780936905352.896,5209,47,599616034745.7058,22824.7041015625
40,599616034938.0135,1780936905352.8992,-6661,48,599616034753.3982,22832.396484375
40,599616034938.0135,1780936905352.9028,4709,49,599616034761.0905,22840.088745117188
40,599616034938.0135,1780936905352.906,-388,50,599616034768.7828,22847.781127929688
40,599616034938.0135,1780936905352.948,-4170,51,599616034776.4751,22855.473388671875
40,599616034938.0135,1780936905352.979,6514,52,599616034784.1674,22863.165649414062
40,599616034938.0135,1780936905352.982,-5717,53,599616034791.8597,22870.858032226562
40,599616034938.0135,1780936905352.986,1933,54,599616034799.552,22878.55029296875
40,599616034938.0135,1780936905352.989,2760,55,599616034807.2443,22886.242553710938
40,599616034938.0135,1780936905352.992,-6122,56,599616034814.9366,22893.934936523438
40,599616034938.0135,1780936905352.996,6405,57,599616034822.6289,22901.627197265625
40,599616034938.0135,1780936905352.999,-3415,58,599616034830.3213,22909.319580078125
40,599616034938.0135,1780936905353.002,-1373,59,599616034838.0135,22917.011840820312
40,599616034938.0135,1780936905353.005,5304,60,599616034845.7058,22924.7041015625
40,599616034938.0135,1780936905353.008,-6712,61,599616034853.3982,22932.396484375
40,599616034938.0135,1780936905353.0122,4614,62,599616034861.0905,22940.088745117188
40,599616034938.0135,1780936905353.015,-232,63,599616034868.7828,22947.781127929688
40,599616034938.0135,1780936905353.018,-4268,64,599616034876.4751,22955.473388671875
40,599616034938.0135,1780936905353.021,6596,65,599616034884.1674,22963.165649414062
40,599616034938.0135,1780936905353.024,-5543,66,599616034891.8597,22970.858032226562
40,599616034938.0135,1780936905353.027,1791,67,599616034899.552,22978.55029296875
40,599616034938.0135,1780936905353.03,2781,68,599616034907.2443,22986.242553710938
40,599616034938.0135,1780936905353.033,-6203,69,599616034914.9366,22993.934936523438
40,599616034938.0135,1780936905353.054,6324,70,599616034922.6289,23001.627197265625
40,599616034938.0135,1780936905353.062,-3327,71,599616034930.3213,23009.319580078125
40,599616034938.0135,1780936905353.066,-1459,72,599616034938.0135,23017.011840820312
41,599616035499.6362,1780936905893.479,5362,0,599616034945.79,23024.788330078125
41,599616035499.6362,1780936905893.491,-6733,1,599616034953.4824,23032.480712890625
41,599616035499.6362,1780936905893.494,4498,2,599616034961.1747,23040.172973632812
41,599616035499.6362,1780936905893.496,-157,3,599616034968.867,23047.865234375
41,599616035499.6362,1780936905893.4988,-4370,4,599616034976.5593,23055.5576171875
41,599616035499.6362,1780936905893.502,6538,5,599616034984.2516,23063.249877929688
41,599616035499.6362,1780936905893.5051,-5627,6,599616034991.944,23070.942260742188
41,599616035499.6362,1780936905893.507,1635,7,599616034999.6362,23078.634521484375
41,599616035499.6362,1780936905893.511,2936,8,599616035007.3285,23086.326782226562
41,599616035499.6362,1780936905893.513,-6205,9,599616035015.0209,23094.019165039062
41,599616035499.6362,1780936905893.516,6240,10,599616035022.7131,23101.71142578125
41,599616035499.6362,1780936905893.519,-3278,11,599616035030.4055,23109.40380859375
41,599616035499.6362,1780936905893.521,-1596,12,599616035038.0978,23117.096069335938
41,599616035499.6362,1780936905893.524,5427,13,599616035045.79,23124.788330078125
41,599616035499.6362,1780936905893.5261,-6619,14,599616035053.4824,23132.480712890625
41,599616035499.6362,1780936905893.529,4479,15,599616035061.1747,23140.172973632812
41,599616035499.6362,1780936905893.532,-65,16,599616035068.867,23147.865234375
41,599616035499.6362,1780936905893.534,-4400,17,599616035076.5593,23155.5576171875
41,599616035499.6362,1780936905893.537,6612,18,599616035084.2516,23163.249877929688
41,599616035499.6362,1780936905893.5398,-5573,19,599616035091.944,23170.942260742188
41,599616035499.6362,1780936905893.542,1570,20,599616035099.6362,23178.634521484375
41,599616035499.6362,1780936905893.545,3131,21,599616035107.3285,23186.326782226562
41,599616035499.6362,1780936905893.547,-6191,22,599616035115.0209,23194.019165039062
41,599616035499.6362,1780936905893.5498,6261,23,599616035122.7131,23201.71142578125
41,599616035499.6362,1780936905893.553,-3090,24,599616035130.4055,23209.40380859375
41,599616035499.6362,1780936905893.555,-1614,25,599616035138.0978,23217.096069335938
41,599616035499.6362,1780936905893.558,5522,26,599616035145.79,23224.788330078125
41,599616035499.6362,1780936905893.5608,-6628,27,599616035153.4824,23232.480712890625
41,599616035499.6362,1780936905893.563,4442,28,599616035161.1747,23240.172973632812
41,599616035499.6362,1780936905893.566,113,29,599616035168.867,23247.865234375
41,599616035499.6362,1780936905893.569,-4458,30,599616035176.5593,23255.5576171875
41,599616035499.6362,1780936905893.572,6707,31,599616035184.2516,23263.249877929688
41,599616035499.6362,1780936905893.574,-5418,32,599616035191.944,23270.942260742188
41,599616035499.6362,1780936905893.5771,1493,33,599616035199.6362,23278.634521484375
41,599616035499.6362,1780936905893.58,3266,34,599616035207.3285,23286.326782226562
41,599616035499.6362,1780936905893.582,-6210,35,599616035215.0209,23294.019165039062
41,599616035499.6362,1780936905893.585,6222,36,599616035222.7131,23301.71142578125
41,599616035499.6362,1780936905893.5881,-2953,37,599616035230.4055,23309.40380859375
41,599616035499.6362,1780936905893.59,-1682,38,599616035238.0978,23317.096069335938
41,599616035499.6362,1780936905893.593,5606,39,599616035245.79,23324.788330078125
41,599616035499.6362,1780936905893.596,-6612,40,599616035253.4824,23332.480712890625
41,599616035499.6362,1780936905893.5981,4321,41,599616035261.1747,23340.172973632812
41,599616035499.6362,1780936905893.6008,176,42,599616035268.867,23347.865234375
41,599616035499.6362,1780936905893.604,-4593,43,599616035276.5593,23355.5576171875
41,599616035499.6362,1780936905893.606,6663,44,599616035284.2516,23363.249877929688
41,599616035499.6362,1780936905893.6091,-5397,45,599616035291.944,23370.942260742188
41,599616035499.6362,1780936905893.6108,1340,46,599616035299.6362,23378.634521484375
41,599616035499.6362,1780936905893.614,3315,47,599616035307.3285,23386.326782226562
41,599616035499.6362,1780936905893.617,-6266,48,599616035315.0209,23394.019165039062
41,599616035499.6362,1780936905893.6191,6166,49,599616035322.7131,23401.71142578125
41,599616035499.6362,1780936905893.6218,-2874,50,599616035330.4055,23409.40380859375
41,599616035499.6362,1780936905893.624,-1802,51,599616035338.0978,23417.096069335938
41,599616035499.6362,1780936905893.627,5606,52,599616035345.79,23424.788330078125
41,599616035499.6362,1780936905893.6301,-6677,53,599616035353.4824,23432.480712890625
41,599616035499.6362,1780936905893.6318,4223,54,599616035361.1747,23440.172973632812
41,599616035499.6362,1780936905893.635,357,55,599616035368.867,23447.865234375
41,599616035499.6362,1780936905893.638,-4616,56,599616035376.5593,23455.5576171875
41,599616035499.6362,1780936905893.641,6651,57,599616035384.2516,23463.249877929688
41,599616035499.6362,1780936905893.644,-5311,58,599616035391.944,23470.942260742188
41,599616035499.6362,1780936905893.646,1305,59,599616035399.6362,23478.634521484375
41,599616035499.6362,1780936905893.6492,3413,60,599616035407.3285,23486.326782226562
41,599616035499.6362,1780936905893.6519,-6319,61,599616035415.0209,23494.019165039062
41,599616035499.6362,1780936905893.654,6133,62,599616035422.7131,23501.71142578125
41,599616035499.6362,1780936905893.657,-2797,63,599616035430.4055,23509.40380859375
41,599616035499.6362,1780936905893.6602,-1933,64,599616035438.0978,23517.096069335938
41,599616035499.6362,1780936905893.6619,5692,65,599616035445.79,23524.788330078125
41,599616035499.6362,1780936905893.665,-6605,66,599616035453.4824,23532.480712890625
41,599616035499.6362,1780936905893.668,4135,67,599616035461.1747,23540.172973632812
41,599616035499.6362,1780936905893.6711,418,68,599616035468.867,23547.865234375
41,599616035499.6362,1780936905893.6738,-4693,69,599616035476.5593,23555.5576171875
41,599616035499.6362,1780936905893.676,6691,70,599616035484.2516,23563.249877929688
41,599616035499.6362,1780936905893.679,-5239,71,599616035491.944,23570.942260742188
41,599616035499.6362,1780936905893.682,1187,72,599616035499.6362,23578.634521484375
42,599616036061.2285,1780936906566.783,3492,0,599616035507.3823,23586.380615234375
42,599616036061.2285,1780936906566.793,-6380,1,599616035515.0747,23594.072998046875
42,599616036061.2285,1780936906566.7961,6082,2,599616035522.767,23601.765258789062
42,599616036061.2285,1780936906566.7988,-2634,3,599616035530.4592,23609.45751953125
42,599616036061.2285,1780936906566.801,-1967,4,599616035538.1516,23617.14990234375
42,599616036061.2285,1780936906566.804,5785,5,599616035545.8439,23624.842163085938
42,599616036061.2285,1780936906566.8071,-6514,6,599616035553.5363,23632.534545898438
42,599616036061.2285,1780936906566.8098,4110,7,599616035561.2285,23640.226806640625
42,599616036061.2285,1780936906566.812,513,8,599616035568.9208,23647.919067382812
42,599616036061.2285,1780936906566.815,-4765,9,599616035576.6132,23655.611450195312
42,599616036061.2285,1780936906566.8188,6744,10,599616035584.3054,23663.3037109375
42,599616036061.2285,1780936906566.822,-5169,11,599616035591.9978,23670.99609375
42,599616036061.2285,1780936906566.824,1061,12,599616035599.6901,23678.688354492188
42,599616036061.2285,1780936906566.8271,3598,13,599616035607.3823,23686.380615234375
42,599616036061.2285,1780936906566.8289,-6412,14,599616035615.0747,23694.072998046875
42,599616036061.2285,1780936906566.832,6019,15,599616035622.767,23701.765258789062
42,599616036061.2285,1780936906566.835,-2592,16,599616035630.4592,23709.45751953125
42,599616036061.2285,1780936906566.8372,-2172,17,599616035638.1516,23717.14990234375
42,599616036061.2285,1780936906566.8398,5780,18,599616035645.8439,23724.842163085938
42,599616036061.2285,1780936906566.842,-6535,19,599616035653.5363,23732.534545898438
42,599616036061.2285,1780936906566.845,4007,20,599616035661.2285,23740.226806640625
42,599616036061.2285,1780936906566.8472,564,21,599616035668.9208,23747.919067382812
42,599616036061.2285,1780936906566.8499,-5039,22,599616035676.6132,23755.611450195312
42,599616036061.2285,1780936906566.852,6614,23,599616035684.3054,23763.3037109375
42,599616036061.2285,1780936906566.855,-5076,24,599616035691.9978,23770.99609375
42,599616036061.2285,1780936906566.8572,940,25,599616035699.6901,23778.688354492188
42,599616036061.2285,1780936906566.8599,3654,26,599616035707.3823,23786.380615234375
42,599616036061.2285,1780936906566.8699,-6363,27,599616035715.0747,23794.072998046875
42,599616036061.2285,1780936906566.873,6040,28,599616035722.767,23801.765258789062
42,599616036061.2285,1780936906566.875,-2474,29,599616035730.4592,23809.45751953125
42,599616036061.2285,1780936906566.8782,-2239,30,599616035738.1516,23817.14990234375
42,599616036061.2285,1780936906566.88,5815,31,599616035745.8439,23824.842163085938
42,599616036061.2285,1780936906566.883,-6538,32,599616035753.5363,23832.534545898438
42,599616036061.2285,1780936906566.885,3912,33,599616035761.2285,23840.226806640625
42,599616036061.2285,1780936906566.8882,738,34,599616035768.9208,23847.919067382812
42,599616036061.2285,1780936906566.89,-4897,35,599616035776.6132,23855.611450195312
42,599616036061.2285,1780936906566.893,6716,36,599616035784.3054,23863.3037109375
42,599616036061.2285,1780936906566.895,-5067,37,599616035791.9978,23870.99609375
42,599616036061.2285,1780936906566.8982,859,38,599616035799.6901,23878.688354492188
42,599616036061.2285,1780936906566.901,3763,39,599616035807.3823,23886.380615234375
42,599616036061.2285,1780936906566.903,-6473,40,599616035815.0747,23894.072998046875
42,599616036061.2285,1780936906566.906,5961,41,599616035822.767,23901.765258789062
42,599616036061.2285,1780936906566.908,-2390,42,599616035830.4592,23909.45751953125
42,599616036061.2285,1780936906566.911,-2395,43,599616035838.1516,23917.14990234375
42,599616036061.2285,1780936906566.9128,5920,44,599616035845.8439,23924.842163085938
42,599616036061.2285,1780936906566.916,-6407,45,599616035853.5363,23932.534545898438
42,599616036061.2285,1780936906566.9192,3824,46,599616035861.2285,23940.226806640625
42,599616036061.2285,1780936906566.921,845,47,599616035868.9208,23947.919067382812
42,599616036061.2285,1780936906566.924,-4897,48,599616035876.6132,23955.611450195312
42,599616036061.2285,1780936906566.926,6728,49,599616035884.3054,23963.3037109375
42,599616036061.2285,1780936906566.9292,-5018,50,599616035891.9978,23970.99609375
42,599616036061.2285,1780936906566.931,822,51,599616035899.6901,23978.688354492188
42,599616036061.2285,1780936906566.934,3949,52,599616035907.3823,23986.380615234375
42,599616036061.2285,1780936906566.936,-6463,53,599616035915.0747,23994.072998046875
42,599616036061.2285,1780936906566.9392,5922,54,599616035922.767,24001.765258789062
42,599616036061.2285,1780936906566.941,-2232,55,599616035930.4592,24009.45751953125
42,599616036061.2285,1780936906566.9438,-2416,56,599616035938.1516,24017.14990234375
42,599616036061.2285,1780936906566.946,5985,57,599616035945.8439,24024.842163085938
42,599616036061.2285,1780936906566.949,-6380,58,599616035953.5363,24032.534545898438
42,599616036061.2285,1780936906566.951,3763,59,599616035961.2285,24040.226806640625
42,599616036061.2285,1780936906566.9539,929,60,599616035968.9208,24047.919067382812
42,599616036061.2285,1780936906566.961,-5011,61,599616035976.6132,24055.611450195312
42,599616036061.2285,1780936906566.9639,6775,62,599616035984.3054,24063.3037109375
42,599616036061.2285,1780936906566.966,-4869,63,599616035991.9978,24070.99609375
42,599616036061.2285,1780936906566.969,666,64,599616035999.6901,24078.688354492188
42,599616036061.2285,1780936906566.971,3935,65,599616036007.3823,24086.380615234375
42,599616036061.2285,1780936906566.9739,-6473,66,599616036015.0747,24094.072998046875
42,599616036061.2285,1780936906566.977,5901,67,599616036022.767,24101.765258789062
42,599616036061.2285,1780936906566.979,-2177,68,599616036030.4592,24109.45751953125
42,599616036061.2285,1780936906566.982,-2539,69,599616036038.1516,24117.14990234375
42,599616036061.2285,1780936906566.984,6033,70,599616036045.8439,24124.842163085938
42,599616036061.2285,1780936906566.987,-6349,71,599616036053.5363,24132.534545898438
42,599616036061.2285,1780936906566.989,3684,72,599616036061.2285,24140.226806640625
43,599616036622.8309,1780936907061.716,1024,0,599616036068.9847,24147.983032226562
43,599616036622.8309,1780936907061.726,-5083,1,599616036076.6771,24155.675415039062
43,599616036622.8309,1780936907061.729,6768,2,599616036084.3694,24163.36767578125
43,599616036622.8309,1780936907061.732,-4807,3,599616036092.0616,24171.059936523438
43,599616036622.8309,1780936907061.734,585,4,599616036099.754,24178.752319335938
43,599616036622.8309,1780936907061.737,4035,5,599616036107.4463,24186.444580078125
43,599616036622.8309,1780936907061.74,-6491,6,599616036115.1387,24194.136962890625
43,599616036622.8309,1780936907061.7422,5880,7,599616036122.8309,24201.829223632812
43,599616036622.8309,1780936907061.7449,-2037,8,599616036130.5232,24209.521484375
43,599616036622.8309,1780936907061.747,-2648,9,599616036138.2156,24217.2138671875
43,599616036622.8309,1780936907061.75,6022,10,599616036145.9078,24224.906127929688
43,599616036622.8309,1780936907061.753,-6326,11,599616036153.6002,24232.598510742188
43,599616036622.8309,1780936907061.7559,3605,12,599616036161.2925,24240.290771484375
43,599616036622.8309,1780936907061.759,1050,13,599616036168.9847,24247.983032226562
43,599616036622.8309,1780936907061.7622,-5271,14,599616036176.6771,24255.675415039062
43,599616036622.8309,1780936907061.765,6698,15,599616036184.3694,24263.36767578125
43,599616036622.8309,1780936907061.767,-4746,16,599616036192.0616,24271.059936523438
43,599616036622.8309,1780936907061.77,448,17,599616036199.754,24278.752319335938
43,599616036622.8309,1780936907061.7722,4077,18,599616036207.4463,24286.444580078125
43,599616036622.8309,1780936907061.775,-6558,19,599616036215.1387,24294.136962890625
43,599616036622.8309,1780936907061.777,5731,20,599616036222.8309,24301.829223632812
43,599616036622.8309,1780936907061.78,-1958,21,599616036230.5232,24309.521484375
43,599616036622.8309,1780936907061.783,-2657,22,599616036238.2156,24317.2138671875
43,599616036622.8309,1780936907061.785,6080,23,599616036245.9078,24324.906127929688
43,599616036622.8309,1780936907061.788,-6361,24,599616036253.6002,24332.598510742188
43,599616036622.8309,1780936907061.79,3531,25,599616036261.2925,24340.290771484375
43,599616036622.8309,1780936907061.793,1287,26,599616036268.9847,24347.983032226562
43,599616036622.8309,1780936907061.796,-5202,27,599616036276.6771,24355.675415039062
43,599616036622.8309,1780936907061.798,6691,28,599616036284.3694,24363.36767578125
43,599616036622.8309,1780936907061.801,-4739,29,599616036292.0616,24371.059936523438
43,599616036622.8309,1780936907061.8032,311,30,599616036299.754,24378.752319335938
43,599616036622.8309,1780936907061.806,4163,31,599616036307.4463,24386.444580078125
43,599616036622.8309,1780936907061.808,-6479,32,599616036315.1387,24394.136962890625
43,599616036622.8309,1780936907061.811,5748,33,599616036322.8309,24401.829223632812
43,599616036622.8309,1780936907061.8132,-1921,34,599616036330.5232,24409.521484375
43,599616036622.8309,1780936907061.816,-2771,35,599616036338.2156,24417.2138671875
43,599616036622.8309,1780936907061.8179,6143,36,599616036345.9078,24424.906127929688
43,599616036622.8309,1780936907061.821,-6396,37,599616036353.6002,24432.598510742188
43,599616036622.8309,1780936907061.824,3343,38,599616036361.2925,24440.290771484375
43,599616036622.8309,1780936907061.826,1356,39,599616036368.9847,24447.983032226562
43,599616036622.8309,1780936907061.829,-5236,40,599616036376.6771,24455.675415039062
43,599616036622.8309,1780936907061.831,6672,41,599616036384.3694,24463.36767578125
43,599616036622.8309,1780936907061.834,-4656,42,599616036392.0616,24471.059936523438
43,599616036622.8309,1780936907061.836,297,43,599616036399.754,24478.752319335938
43,599616036622.8309,1780936907061.839,4244,44,599616036407.4463,24486.444580078125
43,599616036622.8309,1780936907061.841,-6570,45,599616036415.1387,24494.136962890625
43,599616036622.8309,1780936907061.844,5703,46,599616036422.8309,24501.829223632812
43,599616036622.8309,1780936907061.846,-1805,47,599616036430.5232,24509.521484375
43,599616036622.8309,1780936907061.849,-2887,48,599616036438.2156,24517.2138671875
43,599616036622.8309,1780936907061.851,6242,49,599616036445.9078,24524.906127929688
43,599616036622.8309,1780936907061.854,-6254,50,599616036453.6002,24532.598510742188
43,599616036622.8309,1780936907061.856,3243,51,599616036461.2925,24540.290771484375
43,599616036622.8309,1780936907061.859,1403,52,599616036468.9847,24547.983032226562
43,599616036622.8309,1780936907061.862,-5267,53,599616036476.6771,24555.675415039062
43,599616036622.8309,1780936907061.864,6726,54,599616036484.3694,24563.36767578125
43,599616036622.8309,1780936907061.867,-4525,55,599616036492.0616,24571.059936523438
43,599616036622.8309,1780936907061.869,199,56,599616036499.754,24578.752319335938
43,599616036622.8309,1780936907061.872,4293,57,599616036507.4463,24586.444580078125
43,599616036622.8309,1780936907061.874,-6558,58,599616036515.1387,24594.136962890625
43,599616036622.8309,1780936907061.877,5657,59,599616036522.8309,24601.829223632812
43,599616036622.8309,1780936907061.879,-1751,60,599616036530.5232,24609.521484375
43,599616036622.8309,1780936907061.882,-2997,61,599616036538.2156,24617.2138671875
43,599616036622.8309,1780936907061.884,6236,62,599616036545.9078,24624.906127929688
43,599616036622.8309,1780936907061.887,-6270,63,599616036553.6002,24632.598510742188
43,599616036622.8309,1780936907061.89,3229,64,599616036561.2925,24640.290771484375
43,599616036622.8309,1780936907061.892,1554,65,599616036568.9847,24647.983032226562
43,599616036622.8309,1780936907061.8948,-5401,66,599616036576.6771,24655.675415039062
43,599616036622.8309,1780936907061.897,6630,67,599616036584.3694,24663.36767578125
43,599616036622.8309,1780936907061.9,-4505,68,599616036592.0616,24671.059936523438
43,599616036622.8309,1780936907061.902,106,69,599616036599.754,24678.752319335938
43,599616036622.8309,1780936907061.9048,4344,70,599616036607.4463,24686.444580078125
43,599616036622.8309,1780936907061.907,-6730,71,599616036615.1387,24694.136962890625
43,599616036622.8309,1780936907061.91,5550,72,599616036622.8309,24701.829223632812
44,599616037184.4435,1780936907646.601,-1521,0,599616036630.5973,24709.595581054688
44,599616037184.4435,1780936907646.6118,-3029,1,599616036638.2897,24717.287963867188
44,599616037184.4435,1780936907646.615,6231,2,599616036645.9819,24724.980224609375
44,599616037184.4435,1780936907646.618,-6212,3,599616036653.6742,24732.672485351562
44,599616037184.4435,1780936907646.62,3183,4,599616036661.3666,24740.364868164062
44,599616037184.4435,1780936907646.6228,1633,5,599616036669.0588,24748.05712890625
44,599616037184.4435,1780936907646.626,-5460,6,599616036676.7512,24755.74951171875
44,599616037184.4435,1780936907646.628,6668,7,599616036684.4435,24763.441772460938
44,599616037184.4435,1780936907646.635,-4349,8,599616036692.1357,24771.134033203125
44,599616037184.4435,1780936907646.6392,41,9,599616036699.8281,24778.826416015625
44,599616037184.4435,1780936907646.642,4374,10,599616036707.5204,24786.518676757812
44,599616037184.4435,1780936907646.644,-6735,11,599616036715.2128,24794.211059570312
44,599616037184.4435,1780936907646.647,5511,12,599616036722.905,24801.9033203125
44,599616037184.4435,1780936907646.6501,-1470,13,599616036730.5973,24809.595581054688
44,599616037184.4435,1780936907646.656,-3113,14,599616036738.2897,24817.287963867188
44,599616037184.4435,1780936907646.658,6280,15,599616036745.9819,24824.980224609375
44,599616037184.4435,1780936907646.6611,-6224,16,599616036753.6742,24832.672485351562
44,599616037184.4435,1780936907646.6628,3064,17,599616036761.3666,24840.364868164062
44,599616037184.4435,1780936907646.666,1703,18,599616036769.0588,24848.05712890625
44,599616037184.4435,1780936907646.668,-5580,19,599616036776.7512,24855.74951171875
44,599616037184.4435,1780936907646.6711,6614,20,599616036784.4435,24863.441772460938
44,599616037184.4435,1780936907646.6729,-4265,21,599616036792.1357,24871.134033203125
44,599616037184.4435,1780936907646.676,-23,22,599616036799.8281,24878.826416015625
44,599616037184.4435,1780936907646.679,4553,23,599616036807.5204,24886.518676757812
44,599616037184.4435,1780936907646.6812,-6575,24,599616036815.2128,24894.211059570312
44,599616037184.4435,1780936907646.6838,5494,25,599616036822.905,24901.9033203125
44,599616037184.4435,1780936907646.686,-1433,26,599616036830.5973,24909.595581054688
44,599616037184.4435,1780936907646.689,-3152,27,599616036838.2897,24917.287963867188
44,599616037184.4435,1780936907646.6912,6382,28,599616036845.9819,24924.980224609375
44,599616037184.4435,1780936907646.6938,-6175,29,599616036853.6742,24932.672485351562
44,599616037184.4435,1780936907646.696,2999,30,599616036861.3666,24940.364868164062
44,599616037184.4435,1780936907646.699,1849,31,599616036869.0588,24948.05712890625
44,599616037184.4435,1780936907646.7012,-5536,32,599616036876.7512,24955.74951171875
44,599616037184.4435,1780936907646.7039,6668,33,599616036884.4435,24963.441772460938
44,599616037184.4435,1780936907646.706,-4233,34,599616036892.1357,24971.134033203125
44,599616037184.4435,1780936907646.709,-167,35,599616036899.8281,24978.826416015625
44,599616037184.4435,1780936907646.7122,4639,36,599616036907.5204,24986.518676757812
44,599616037184.4435,1780936907646.718,-6582,37,599616036915.2128,24994.211059570312
44,599616037184.4435,1780936907646.721,5434,38,599616036922.905,25001.9033203125
44,599616037184.4435,1780936907646.7231,-1370,39,599616036930.5973,25009.595581054688
44,599616037184.4435,1780936907646.7258,-3341,40,599616036938.2897,25017.287963867188
44,599616037184.4435,1780936907646.728,6347,41,599616036945.9819,25024.980224609375
44,599616037184.4435,1780936907646.731,-6129,42,599616036953.6742,25032.672485351562
44,599616037184.4435,1780936907646.7332,2894,43,599616036961.3666,25040.364868164062
44,599616037184.4435,1780936907646.7358,1912,44,599616036969.0588,25048.05712890625
44,599616037184.4435,1780936907646.738,-5557,45,599616036976.7512,25055.74951171875
44,599616037184.4435,1780936907646.741,6705,46,599616036984.4435,25063.441772460938
44,599616037184.4435,1780936907646.7432,-4112,47,599616036992.1357,25071.134033203125
44,599616037184.4435,1780936907646.7458,-243,48,599616036999.8281,25078.826416015625
44,599616037184.4435,1780936907646.748,4688,49,599616037007.5204,25086.518676757812
44,599616037184.4435,1780936907646.751,-6547,50,599616037015.2128,25094.211059570312
44,599616037184.4435,1780936907646.7532,5464,51,599616037022.905,25101.9033203125
44,599616037184.4435,1780936907646.7559,-1177,52,599616037030.5973,25109.595581054688
44,599616037184.4435,1780936907646.758,-3299,53,599616037038.2897,25117.287963867188
44,599616037184.4435,1780936907646.761,6442,54,599616037045.9819,25124.980224609375
44,599616037184.4435,1780936907646.7632,-6031,55,599616037053.6742,25132.672485351562
44,599616037184.4435,1780936907646.7659,2906,56,599616037061.3666,25140.364868164062
44,599616037184.4435,1780936907646.768,2053,57,599616037069.0588,25148.05712890625
44,599616037184.4435,1780936907646.771,-5580,58,599616037076.7512,25155.74951171875
44,599616037184.4435,1780936907646.7732,6675,59,599616037084.4435,25163.441772460938
44,599616037184.4435,1780936907646.776,-4165,60,599616037092.1357,25171.134033203125
44,599616037184.4435,1780936907646.778,-443,61,599616037099.8281,25178.826416015625
44,599616037184.4435,1780936907646.781,4807,62,599616037107.5204,25186.518676757812
44,599616037184.4435,1780936907646.785,-6500,63,599616037115.2128,25194.211059570312
44,599616037184.4435,1780936907646.7878,5350,64,599616037122.905,25201.9033203125
44,599616037184.4435,1780936907646.791,-1131,65,599616037130.5973,25209.595581054688
44,599616037184.4435,1780936907646.7942,-3385,66,599616037138.2897,25217.287963867188
44,599616037184.4435,1780936907646.796,6438,67,599616037145.9819,25224.980224609375
44,599616037184.4435,1780936907646.799,-6033,68,599616037153.6742,25232.672485351562
44,599616037184.4435,1780936907646.801,2820,69,599616037161.3666,25240.364868164062
44,599616037184.4435,1780936907646.8042,2153,70,599616037169.0588,25248.05712890625
44,599616037184.4435,1780936907646.806,-5687,71,599616037176.7512,25255.74951171875
44,599616037184.4435,1780936907646.809,6614,72,599616037184.4435,25263.441772460938
45,599616037746.056,1780936908188.631,-3959,0,599616037192.2098,25271.208129882812
45,599616037746.056,1780936908188.636,-378,1,599616037199.9022,25278.900512695312
45,599616037746.056,1780936908188.639,4855,2,599616037207.5945,25286.5927734375
45,599616037746.056,1780936908188.642,-6542,3,599616037215.2867,25294.285034179688
45,599616037746.056,1780936908188.644,5325,4,599616037222.9791,25301.977416992188
45,599616037746.056,1780936908188.647,-1031,5,599616037230.6714,25309.669677734375
45,599616037746.056,1780936908188.6511,-3438,6,599616037238.3638,25317.362060546875
45,599616037746.056,1780936908188.654,6577,7,599616037246.056,25325.054321289062
45,599616037746.056,1780936908188.656,-5889,8,599616037253.7483,25332.74658203125
45,599616037746.056,1780936908188.659,2711,9,599616037261.4407,25340.43896484375
45,599616037746.056,1780936908188.662,2197,10,599616037269.1329,25348.131225585938
45,599616037746.056,1780936908188.664,-5662,11,599616037276.8253,25355.823608398438
45,599616037746.056,1780936908188.667,6682,12,599616037284.5176,25363.515869140625
45,599616037746.056,1780936908188.669,-3882,13,599616037292.2098,25371.208129882812
45,599616037746.056,1780936908188.672,-501,14,599616037299.9022,25378.900512695312
45,599616037746.056,1780936908188.674,4946,15,599616037307.5945,25386.5927734375
45,599616037746.056,1780936908188.677,-6433,16,599616037315.2867,25394.285034179688
45,599616037746.056,1780936908188.68,5367,17,599616037322.9791,25401.977416992188
45,599616037746.056,1780936908188.6821,-850,18,599616037330.6714,25409.669677734375
45,599616037746.056,1780936908188.685,-3387,19,599616037338.3638,25417.362060546875
45,599616037746.056,1780936908188.687,6637,20,599616037346.056,25425.054321289062
45,599616037746.056,1780936908188.69,-5854,21,599616037353.7483,25432.74658203125
45,599616037746.056,1780936908188.693,2755,22,599616037361.4407,25440.43896484375
45,599616037746.056,1780936908188.695,2427,23,599616037369.1329,25448.131225585938
45,599616037746.056,1780936908188.698,-5622,24,599616037376.8253,25455.823608398438
45,599616037746.056,1780936908188.7,6802,25,599616037384.5176,25463.515869140625
45,599616037746.056,1780936908188.7031,-3622,26,599616037392.2098,25471.208129882812
45,599616037746.056,1780936908188.711,-469,27,599616037399.9022,25478.900512695312
45,599616037746.056,1780936908188.7158,5069,28,599616037407.5945,25486.5927734375
45,599616037746.056,1780936908188.719,-6403,29,599616037415.2867,25494.285034179688
45,599616037746.056,1780936908188.721,5332,30,599616037422.9791,25501.977416992188
45,599616037746.056,1780936908188.724,-708,31,599616037430.6714,25509.669677734375
45,599616037746.056,1780936908188.7268,-3422,32,599616037438.3638,25517.362060546875
45,599616037746.056,1780936908188.73,6656,33,599616037446.056,25525.054321289062
45,599616037746.056,1780936908188.732,-5794,34,599616037453.7483,25532.74658203125
45,599616037746.056,1780936908188.735,2713,35,599616037461.4407,25540.43896484375
45,599616037746.056,1780936908188.7368,2516,36,599616037469.1329,25548.131225585938
45,599616037746.056,1780936908188.74,-5678,37,599616037476.8253,25555.823608398438
45,599616037746.056,1780936908188.742,6756,38,599616037484.5176,25563.515869140625
45,599616037746.056,1780936908188.745,-3596,39,599616037492.2098,25571.208129882812
45,599616037746.056,1780936908188.7478,-522,40,599616037499.9022,25578.900512695312
45,599616037746.056,1780936908188.75,5218,41,599616037507.5945,25586.5927734375
45,599616037746.056,1780936908188.753,-6400,42,599616037515.2867,25594.285034179688
45,599616037746.056,1780936908188.7551,5290,43,599616037522.9791,25601.977416992188
45,599616037746.056,1780936908188.7578,-583,44,599616037530.6714,25609.669677734375
45,599616037746.056,1780936908188.761,-3536,45,599616037538.3638,25617.362060546875
45,599616037746.056,1780936908188.763,6661,46,599616037546.056,25625.054321289062
45,599616037746.056,1780936908188.766,-5813,47,599616037553.7483,25632.74658203125
45,599616037746.056,1780936908188.77,2499,48,599616037561.4407,25640.43896484375
45,599616037746.056,1780936908188.773,2611,49,599616037569.1329,25648.131225585938
45,599616037746.056,1780936908188.7761,-5627,50,599616037576.8253,25655.823608398438
45,599616037746.056,1780936908188.7778,6723,51,599616037584.5176,25663.515869140625
45,599616037746.056,1780936908188.781,-3582,52,599616037592.2098,25671.208129882812
45,599616037746.056,1780936908188.784,-624,53,599616037599.9022,25678.900512695312
45,599616037746.056,1780936908188.7861,5262,54,599616037607.5945,25686.5927734375
45,599616037746.056,1780936908188.7888,-6454,55,599616037615.2867,25694.285034179688
45,599616037746.056,1780936908188.791,5209,56,599616037622.9791,25701.977416992188
45,599616037746.056,1780936908188.794,-443,57,599616037630.6714,25709.669677734375
45,599616037746.056,1780936908188.7961,-3529,58,599616037638.3638,25717.362060546875
45,599616037746.056,1780936908188.7988,6758,59,599616037646.056,25725.054321289062
45,599616037746.056,1780936908188.802,-5662,60,599616037653.7483,25732.74658203125
45,599616037746.056,1780936908188.804,2551,61,599616037661.4407,25740.43896484375
45,599616037746.056,1780936908188.8088,2713,62,599616037669.1329,25748.131225585938
45,599616037746.056,1780936908188.811,-5762,63,599616037676.8253,25755.823608398438
45,599616037746.056,1780936908188.814,6714,64,599616037684.5176,25763.515869140625
45,599616037746.056,1780936908188.832,-3443,65,599616037692.2098,25771.208129882812
45,599616037746.056,1780936908188.8398,-703,66,599616037699.9022,25778.900512695312
45,599616037746.056,1780936908188.843,5422,67,599616037707.5945,25786.5927734375
45,599616037746.056,1780936908188.8462,-6345,68,599616037715.2867,25794.285034179688
45,599616037746.056,1780936908188.848,5127,69,599616037722.9791,25801.977416992188
45,599616037746.056,1780936908188.851,-378,70,599616037730.6714,25809.669677734375
45,599616037746.056,1780936908188.854,-3631,71,599616037738.3638,25817.362060546875
45,599616037746.056,1780936908188.856,6728,72,599616037746.056,25825.054321289062
46,599616038307.6533,1780936908727.336,-5611,0,599616037753.8071,25832.805419921875
46,599616038307.6533,1780936908727.349,2486,1,599616037761.4995,25840.497802734375
46,599616038307.6533,1780936908727.353,2797,2,599616037769.1918,25848.190063476562
46,599616038307.6533,1780936908727.356,-5773,3,599616037776.884,25855.88232421875
46,599616038307.6533,1780936908727.3582,6719,4,599616037784.5764,25863.57470703125
46,599616038307.6533,1780936908727.361,-3371,5,599616037792.2687,25871.266967773438
46,599616038307.6533,1780936908727.364,-810,6,599616037799.961,25878.959350585938
46,599616038307.6533,1780936908727.366,5408,7,599616037807.6533,25886.651611328125
46,599616038307.6533,1780936908727.3691,-6433,8,599616037815.3456,25894.343872070312
46,599616038307.6533,1780936908727.3718,5099,9,599616037823.038,25902.036254882812
46,599616038307.6533,1780936908727.374,-283,10,599616037830.7302,25909.728515625
46,599616038307.6533,1780936908727.377,-3910,11,599616037838.4226,25917.4208984375
46,599616038307.6533,1780936908727.3801,6619,12,599616037846.1149,25925.113159179688
46,599616038307.6533,1780936908727.3828,-5485,13,599616037853.8071,25932.805419921875
46,599616038307.6533,1780936908727.386,2414,14,599616037861.4995,25940.497802734375
46,599616038307.6533,1780936908727.388,2848,15,599616037869.1918,25948.190063476562
46,599616038307.6533,1780936908727.391,-5806,16,599616037876.884,25955.88232421875
46,599616038307.6533,1780936908727.3928,6642,17,599616037884.5764,25963.57470703125
46,599616038307.6533,1780936908727.396,-3306,18,599616037892.2687,25971.266967773438
46,599616038307.6533,1780936908727.3992,-857,19,599616037899.961,25978.959350585938
46,599616038307.6533,1780936908727.4011,5434,20,599616037907.6533,25986.651611328125
46,599616038307.6533,1780936908727.404,-6510,21,599616037915.3456,25994.343872070312
46,599616038307.6533,1780936908727.407,4981,22,599616037923.038,26002.036254882812
46,599616038307.6533,1780936908727.409,-151,23,599616037930.7302,26009.728515625
46,599616038307.6533,1780936908727.4119,-3824,24,599616037938.4226,26017.4208984375
46,599616038307.6533,1780936908727.415,6714,25,599616037946.1149,26025.113159179688
46,599616038307.6533,1780936908727.417,-5545,26,599616037953.8071,26032.805419921875
46,599616038307.6533,1780936908727.4202,2274,27,599616037961.4995,26040.497802734375
46,599616038307.6533,1780936908727.422,2957,28,599616037969.1918,26048.190063476562
46,599616038307.6533,1780936908727.425,-5873,29,599616037976.884,26055.88232421875
46,599616038307.6533,1780936908727.427,6621,30,599616037984.5764,26063.57470703125
46,599616038307.6533,1780936908727.453,-3231,31,599616037992.2687,26071.266967773438
46,599616038307.6533,1780936908727.456,-982,32,599616037999.961,26078.959350585938
46,599616038307.6533,1780936908727.459,5545,33,599616038007.6533,26086.651611328125
46,599616038307.6533,1780936908727.4622,-6431,34,599616038015.3456,26094.343872070312
46,599616038307.6533,1780936908727.4639,4974,35,599616038023.038,26102.036254882812
46,599616038307.6533,1780936908727.467,-16,36,599616038030.7302,26109.728515625
46,599616038307.6533,1780936908727.469,-3907,37,599616038038.4226,26117.4208984375
46,599616038307.6533,1780936908727.4722,6775,38,599616038046.1149,26125.113159179688
46,599616038307.6533,1780936908727.4739,-5432,39,599616038053.8071,26132.805419921875
46,599616038307.6533,1780936908727.477,2172,40,599616038061.4995,26140.497802734375
46,599616038307.6533,1780936908727.48,3039,41,599616038069.1918,26148.190063476562
46,599616038307.6533,1780936908727.4822,-5871,42,599616038076.884,26155.88232421875
46,599616038307.6533,1780936908727.4849,6624,43,599616038084.5764,26163.57470703125
46,599616038307.6533,1780936908727.487,-3143,44,599616038092.2687,26171.266967773438
46,599616038307.6533,1780936908727.49,-1092,45,599616038099.961,26178.959350585938
46,599616038307.6533,1780936908727.4922,5615,46,599616038107.6533,26186.651611328125
46,599616038307.6533,1780936908727.4949,-6410,47,599616038115.3456,26194.343872070312
46,599616038307.6533,1780936908727.497,4867,48,599616038123.038,26202.036254882812
46,599616038307.6533,1780936908727.5,37,49,599616038130.7302,26209.728515625
46,599616038307.6533,1780936908727.5032,-3973,50,599616038138.4226,26217.4208984375
46,599616038307.6533,1780936908727.505,6826,51,599616038146.1149,26225.113159179688
46,599616038307.6533,1780936908727.508,-5397,52,599616038153.8071,26232.805419921875
46,599616038307.6533,1780936908727.51,2046,53,599616038161.4995,26240.497802734375
46,599616038307.6533,1780936908727.5132,3162,54,599616038169.1918,26248.190063476562
46,599616038307.6533,1780936908727.5159,-5903,55,599616038176.884,26255.88232421875
46,599616038307.6533,1780936908727.518,6579,56,599616038184.5764,26263.57470703125
46,599616038307.6533,1780936908727.521,-3011,57,599616038192.2687,26271.266967773438
46,599616038307.6533,1780936908727.5232,-1198,58,599616038199.961,26278.959350585938
46,599616038307.6533,1780936908727.526,5571,59,599616038207.6533,26286.651611328125
46,599616038307.6533,1780936908727.528,-6447,60,599616038215.3456,26294.343872070312
46,599616038307.6533,1780936908727.531,4800,61,599616038223.038,26302.036254882812
46,599616038307.6533,1780936908727.534,111,62,599616038230.7302,26309.728515625
46,599616038307.6533,1780936908727.536,-4079,63,599616038238.4226,26317.4208984375
46,599616038307.6533,1780936908727.539,6851,64,599616038246.1149,26325.113159179688
46,599616038307.6533,1780936908727.541,-5304,65,599616038253.8071,26332.805419921875
46,599616038307.6533,1780936908727.5442,1933,66,599616038261.4995,26340.497802734375
46,599616038307.6533,1780936908727.546,3180,67,599616038269.1918,26348.190063476562
46,599616038307.6533,1780936908727.549,-5933,68,599616038276.884,26355.88232421875
46,599616038307.6533,1780936908727.551,6586,69,599616038284.5764,26363.57470703125
46,599616038307.6533,1780936908727.5542,-2941,70,599616038292.2687,26371.266967773438
46,599616038307.6533,1780936908727.556,-1277,71,599616038299.961,26378.959350585938
46,599616038307.6533,1780936908727.559,5706,72,599616038307.6533,26386.651611328125
47,599616038869.2507,1780936909267.3982,-6398,0,599616038315.4045,26394.40283203125
47,599616038869.2507,1780936909267.411,4751,1,599616038323.0969,26402.09521484375
47,599616038869.2507,1780936909267.414,232,2,599616038330.7892,26409.787475585938
47,599616038869.2507,1780936909267.417,-4205,3,599616038338.4814,26417.479736328125
47,599616038869.2507,1780936909267.4202,6828,4,599616038346.1738,26425.172119140625
47,599616038869.2507,1780936909267.4219,-5211,5,599616038353.8661,26432.864379882812
47,599616038869.2507,1780936909267.425,1868,6,599616038361.5585,26440.556762695312
47,599616038869.2507,1780936909267.428,3273,7,599616038369.2507,26448.2490234375
47,599616038869.2507,1780936909267.4302,-6043,8,599616038376.943,26455.941284179688
47,599616038869.2507,1780936909267.436,6431,9,599616038384.6354,26463.633666992188
47,599616038869.2507,1780936909267.439,-2874,10,599616038392.3276,26471.325927734375
47,599616038869.2507,1780936909267.442,-1340,11,599616038400.02,26479.018310546875
47,599616038869.2507,1780936909267.4438,5764,12,599616038407.7123,26486.710571289062
47,599616038869.2507,1780936909267.447,-6424,13,599616038415.4045,26494.40283203125
47,599616038869.2507,1780936909267.449,4618,14,599616038423.0969,26502.09521484375
47,599616038869.2507,1780936909267.452,318,15,599616038430.7892,26509.787475585938
47,599616038869.2507,1780936909267.455,-4230,16,599616038438.4814,26517.479736328125
47,599616038869.2507,1780936909267.457,6858,17,599616038446.1738,26525.172119140625
47,599616038869.2507,1780936909267.4602,-5243,18,599616038453.8661,26532.864379882812
47,599616038869.2507,1780936909267.462,1737,19,599616038461.5585,26540.556762695312
47,599616038869.2507,1780936909267.465,3487,20,599616038469.2507,26548.2490234375
47,599616038869.2507,1780936909267.467,-5987,21,599616038476.943,26555.941284179688
47,599616038869.2507,1780936909267.47,6394,22,599616038484.6354,26563.633666992188
47,599616038869.2507,1780936909267.472,-2818,23,599616038492.3276,26571.325927734375
47,599616038869.2507,1780936909267.4749,-1549,24,599616038500.02,26579.018310546875
47,599616038869.2507,1780936909267.477,5703,25,599616038507.7123,26586.710571289062
47,599616038869.2507,1780936909267.48,-6405,26,599616038515.4045,26594.40283203125
47,599616038869.2507,1780936909267.482,4560,27,599616038523.0969,26602.09521484375
47,599616038869.2507,1780936909267.4849,362,28,599616038530.7892,26609.787475585938
47,599616038869.2507,1780936909267.487,-4347,29,599616038538.4814,26617.479736328125
47,599616038869.2507,1780936909267.49,6865,30,599616038546.1738,26625.172119140625
47,599616038869.2507,1780936909267.493,-5185,31,599616038553.8661,26632.864379882812
47,599616038869.2507,1780936909267.4949,1605,32,599616038561.5585,26640.556762695312
47,599616038869.2507,1780936909267.498,3512,33,599616038569.2507,26648.2490234375
47,599616038869.2507,1780936909267.5,-6033,34,599616038576.943,26655.941284179688
47,599616038869.2507,1780936909267.503,6407,35,599616038584.6354,26663.633666992188
47,599616038869.2507,1780936909267.505,-2667,36,599616038592.3276,26671.325927734375
47,599616038869.2507,1780936909267.508,-1565,37,599616038600.02,26679.018310546875
47,599616038869.2507,1780936909267.51,5845,38,599616038607.7123,26686.710571289062
47,599616038869.2507,1780936909267.513,-6384,39,599616038615.4045,26694.40283203125
47,599616038869.2507,1780936909267.515,4460,40,599616038623.0969,26702.09521484375
47,599616038869.2507,1780936909267.518,499,41,599616038630.7892,26709.787475585938
47,599616038869.2507,1780936909267.521,-4381,42,599616038638.4814,26717.479736328125
47,599616038869.2507,1780936909267.528,6893,43,599616038646.1738,26725.172119140625
47,599616038869.2507,1780936909267.531,-5127,44,599616038653.8661,26732.864379882812
47,599616038869.2507,1780936909267.534,1475,45,599616038661.5585,26740.556762695312
47,599616038869.2507,1780936909267.536,3594,46,599616038669.2507,26748.2490234375
47,599616038869.2507,1780936909267.539,-6064,47,599616038676.943,26755.941284179688
47,599616038869.2507,1780936909267.541,6340,48,599616038684.6354,26763.633666992188
47,599616038869.2507,1780936909267.544,-2599,49,599616038692.3276,26771.325927734375
47,599616038869.2507,1780936909267.546,-1665,50,599616038700.02,26779.018310546875
47,599616038869.2507,1780936909267.549,5892,51,599616038707.7123,26786.710571289062
47,599616038869.2507,1780936909267.551,-6394,52,599616038715.4045,26794.40283203125
47,599616038869.2507,1780936909267.554,4388,53,599616038723.0969,26802.09521484375
47,599616038869.2507,1780936909267.556,604,54,599616038730.7892,26809.787475585938
47,599616038869.2507,1780936909267.559,-4502,55,599616038738.4814,26817.479736328125
47,599616038869.2507,1780936909267.561,6874,56,599616038746.1738,26825.172119140625
47,599616038869.2507,1780936909267.564,-5074,57,599616038753.8661,26832.864379882812
47,599616038869.2507,1780936909267.566,1382,58,599616038761.5585,26840.556762695312
47,599616038869.2507,1780936909267.569,3701,59,599616038769.2507,26848.2490234375
47,599616038869.2507,1780936909267.572,-6150,60,599616038776.943,26855.941284179688
47,599616038869.2507,1780936909267.574,6263,61,599616038784.6354,26863.633666992188
47,599616038869.2507,1780936909267.577,-2490,62,599616038792.3276,26871.325927734375
47,599616038869.2507,1780936909267.579,-1816,63,599616038800.02,26879.018310546875
47,599616038869.2507,1780936909267.582,5927,64,599616038807.7123,26886.710571289062
47,599616038869.2507,1780936909267.585,-6321,65,599616038815.4045,26894.40283203125
47,599616038869.2507,1780936909267.587,4268,66,599616038823.0969,26902.09521484375
47,599616038869.2507,1780936909267.59,652,67,599616038830.7892,26909.787475585938
47,599616038869.2507,1780936909267.592,-4553,68,599616038838.4814,26917.479736328125
47,599616038869.2507,1780936909267.595,6874,69,599616038846.1738,26925.172119140625
47,599616038869.2507,1780936909267.597,-5020,70,599616038853.8661,26932.864379882812
47,599616038869.2507,1780936909267.6,1317,71,599616038861.5585,26940.556762695312
47,599616038869.2507,1780936909267.602,3810,72,599616038869.2507,26948.2490234375
48,599616039430.8734,1780936909895.986,-6184,0,599616038877.0272,26956.025512695312
48,599616039430.8734,1780936909895.996,6245,1,599616038884.7196,26963.717895507812
48,599616039430.8734,1780936909896.0,-2372,2,599616038892.4119,26971.41015625
48,599616039430.8734,1780936909896.003,-1895,3,599616038900.1041,26979.102416992188
48,599616039430.8734,1780936909896.005,6003,4,599616038907.7965,26986.794799804688
48,599616039430.8734,1780936909896.008,-6380,5,599616038915.4888,26994.487060546875
48,599616039430.8734,1780936909896.0112,4119,6,599616038923.1812,27002.179443359375
48,599616039430.8734,1780936909896.013,808,7,599616038930.8734,27009.871704101562
48,599616039430.8734,1780936909896.0159,-4616,8,599616038938.5657,27017.56396484375
48,599616039430.8734,1780936909896.02,6856,9,599616038946.258,27025.25634765625
48,599616039430.8734,1780936909896.023,-4953,10,599616038953.9503,27032.948608398438
48,599616039430.8734,1780936909896.025,1203,11,599616038961.6427,27040.640991210938
48,599616039430.8734,1780936909896.028,3903,12,599616038969.335,27048.333251953125
48,599616039430.8734,1780936909896.031,-6215,13,599616038977.0272,27056.025512695312
48,599616039430.8734,1780936909896.033,6187,14,599616038984.7196,27063.717895507812
48,599616039430.8734,1780936909896.036,-2267,15,599616038992.4119,27071.41015625
48,599616039430.8734,1780936909896.038,-2012,16,599616039000.1041,27079.102416992188
48,599616039430.8734,1780936909896.041,6036,17,599616039007.7965,27086.794799804688
48,599616039430.8734,1780936909896.043,-6284,18,599616039015.4888,27094.487060546875
48,599616039430.8734,1780936909896.046,4121,19,599616039023.1812,27102.179443359375
48,599616039430.8734,1780936909896.048,894,20,599616039030.8734,27109.871704101562
48,599616039430.8734,1780936909896.051,-4728,21,599616039038.5657,27117.56396484375
48,599616039430.8734,1780936909896.054,6870,22,599616039046.258,27125.25634765625
48,599616039430.8734,1780936909896.056,-4890,23,599616039053.9503,27132.948608398438
48,599616039430.8734,1780936909896.059,1052,24,599616039061.6427,27140.640991210938
48,599616039430.8734,1780936909896.062,3938,25,599616039069.335,27148.333251953125
48,599616039430.8734,1780936909896.064,-6277,26,599616039077.0272,27156.025512695312
48,599616039430.8734,1780936909896.067,6131,27,599616039084.7196,27163.717895507812
48,599616039430.8734,1780936909896.069,-2172,28,599616039092.4119,27171.41015625
48,599616039430.8734,1780936909896.072,-2151,29,599616039100.1041,27179.102416992188
48,599616039430.8734,1780936909896.074,5994,30,599616039107.7965,27186.794799804688
48,599616039430.8734,1780936909896.077,-6328,31,599616039115.4888,27194.487060546875
48,599616039430.8734,1780936909896.079,4014,32,599616039123.1812,27202.179443359375
48,599616039430.8734,1780936909896.082,971,33,599616039130.8734,27209.871704101562
48,599616039430.8734,1780936909896.085,-4816,34,599616039138.5657,27217.56396484375
48,599616039430.8734,1780936909896.087,6881,35,599616039146.258,27225.25634765625
48,599616039430.8734,1780936909896.09,-4811,36,599616039153.9503,27232.948608398438
48,599616039430.8734,1780936909896.092,940,37,599616039161.6427,27240.640991210938
48,599616039430.8734,1780936909896.095,4031,38,599616039169.335,27248.333251953125
48,599616039430.8734,1780936909896.097,-6270,39,599616039177.0272,27256.025512695312
48,599616039430.8734,1780936909896.1,6112,40,599616039184.7196,27263.717895507812
48,599616039430.8734,1780936909896.102,-2051,41,599616039192.4119,27271.41015625
48,599616039430.8734,1780936909896.105,-2214,42,599616039200.1041,27279.102416992188
48,599616039430.8734,1780936909896.107,6084,43,599616039207.7965,27286.794799804688
48,599616039430.8734,1780936909896.11,-6303,44,599616039215.4888,27294.487060546875
48,599616039430.8734,1780936909896.113,3917,45,599616039223.1812,27302.179443359375
48,599616039430.8734,1780936909896.115,1094,46,599616039230.8734,27309.871704101562
48,599616039430.8734,1780936909896.118,-4867,47,599616039238.5657,27317.56396484375
48,599616039430.8734,1780936909896.12,6872,48,599616039246.258,27325.25634765625
48,599616039430.8734,1780936909896.123,-4753,49,599616039253.9503,27332.948608398438
48,599616039430.8734,1780936909896.125,850,50,599616039261.6427,27340.640991210938
48,599616039430.8734,1780936909896.128,4086,51,599616039269.335,27348.333251953125
48,599616039430.8734,1780936909896.131,-6405,52,599616039277.0272,27356.025512695312
48,599616039430.8734,1780936909896.133,5985,53,599616039284.7196,27363.717895507812
48,599616039430.8734,1780936909896.136,-1963,54,599616039292.4119,27371.41015625
48,599616039430.8734,1780936909896.138,-2314,55,599616039300.1041,27379.102416992188
48,599616039430.8734,1780936909896.141,6157,56,599616039307.7965,27386.794799804688
48,599616039430.8734,1780936909896.143,-6249,57,599616039315.4888,27394.487060546875
48,599616039430.8734,1780936909896.146,3780,58,599616039323.1812,27402.179443359375
48,599616039430.8734,1780936909896.148,1157,59,599616039330.8734,27409.871704101562
48,599616039430.8734,1780936909896.1511,-4895,60,599616039338.5657,27417.56396484375
48,599616039430.8734,1780936909896.153,6877,61,599616039346.258,27425.25634765625
48,599616039430.8734,1780936909896.156,-4735,62,599616039353.9503,27432.948608398438
48,599616039430.8734,1780936909896.159,690,63,599616039361.6427,27440.640991210938
48,599616039430.8734,1780936909896.1611,4161,64,599616039369.335,27448.333251953125
48,599616039430.8734,1780936909896.164,-6321,65,599616039377.0272,27456.025512695312
48,599616039430.8734,1780936909896.166,6008,66,599616039384.7196,27463.717895507812
48,599616039430.8734,1780936909896.169,-1937,67,599616039392.4119,27471.41015625
48,599616039430.8734,1780936909896.1711,-2460,68,599616039400.1041,27479.102416992188
48,599616039430.8734,1780936909896.174,6215,69,599616039407.7965,27486.794799804688
48,599616039430.8734,1780936909896.176,-6198,70,599616039415.4888,27494.487060546875
48,599616039430.8734,1780936909896.179,3701,71,599616039423.1812,27502.179443359375
48,599616039430.8734,1780936909896.1821,1136,72,599616039430.8734,27509.871704101562
49,599616039992.4758,1780936910437.1829,-5183,0,599616039438.6296,27517.6279296875
49,599616039992.4758,1780936910437.207,6821,1,599616039446.322,27525.3203125
49,599616039992.4758,1780936910437.21,-4542,2,599616039454.0143,27533.012573242188
49,599616039992.4758,1780936910437.213,643,3,599616039461.7065,27540.704833984375
49,599616039992.4758,1780936910437.349,4189,4,599616039469.3989,27548.397216796875
49,599616039992.4758,1780936910437.357,-6382,5,599616039477.0912,27556.089477539062
49,599616039992.4758,1780936910437.361,5966,6,599616039484.7836,27563.781860351562
49,599616039992.4758,1780936910437.364,-1837,7,599616039492.4758,27571.47412109375
49,599616039992.4758,1780936910437.426,-2572,8,599616039500.1681,27579.166381835938
49,599616039992.4758,1780936910437.4321,6249,9,599616039507.8605,27586.858764648438
49,599616039992.4758,1780936910437.4348,-6180,10,599616039515.5527,27594.551025390625
49,599616039992.4758,1780936910437.437,3654,11,599616039523.2451,27602.243408203125
49,599616039992.4758,1780936910437.44,1398,12,599616039530.9374,27609.935668945312
49,599616039992.4758,1780936910437.443,-5065,13,599616039538.6296,27617.6279296875
49,599616039992.4758,1780936910437.446,6926,14,599616039546.322,27625.3203125
49,599616039992.4758,1780936910437.448,-4381,15,599616039554.0143,27633.012573242188
49,599616039992.4758,1780936910437.451,557,16,599616039561.7065,27640.704833984375
49,599616039992.4758,1780936910437.454,4242,17,599616039569.3989,27648.397216796875
49,599616039992.4758,1780936910437.4558,-6361,18,599616039577.0912,27656.089477539062
49,599616039992.4758,1780936910437.459,5961,19,599616039584.7836,27663.781860351562
49,599616039992.4758,1780936910437.4622,-1705,20,599616039592.4758,27671.47412109375
49,599616039992.4758,1780936910437.5251,-2641,21,599616039600.1681,27679.166381835938
49,599616039992.4758,1780936910437.541,6254,22,599616039607.8605,27686.858764648438
49,599616039992.4758,1780936910437.549,-6180,23,599616039615.5527,27694.551025390625
49,599616039992.4758,1780936910437.626,3557,24,599616039623.2451,27702.243408203125
49,599616039992.4758,1780936910437.656,1489,25,599616039630.9374,27709.935668945312
49,599616039992.4758,1780936910437.6719,-5090,26,599616039638.6296,27717.6279296875
49,599616039992.4758,1780936910437.68,6830,27,599616039646.322,27725.3203125
49,599616039992.4758,1780936910437.6882,-4502,28,599616039654.0143,27733.012573242188
49,599616039992.4758,1780936910437.696,457,29,599616039661.7065,27740.704833984375
49,599616039992.4758,1780936910437.704,4393,30,599616039669.3989,27748.397216796875
49,599616039992.4758,1780936910437.749,-6475,31,599616039677.0912,27756.089477539062
49,599616039992.4758,1780936910437.758,5773,32,599616039684.7836,27763.781860351562
49,599616039992.4758,1780936910437.781,-1628,33,599616039692.4758,27771.47412109375
49,599616039992.4758,1780936910437.788,-2692,34,599616039700.1681,27779.166381835938
49,599616039992.4758,1780936910437.795,6310,35,599616039707.8605,27786.858764648438
49,599616039992.4758,1780936910437.802,-6173,36,599616039715.5527,27794.551025390625
49,599616039992.4758,1780936910437.808,3429,37,599616039723.2451,27802.243408203125
49,599616039992.4758,1780936910437.814,1538,38,599616039730.9374,27809.935668945312
49,599616039992.4758,1780936910437.8271,-5202,39,599616039738.6296,27817.6279296875
49,599616039992.4758,1780936910437.833,6856,40,599616039746.322,27825.3203125
49,599616039992.4758,1780936910437.839,-4337,41,599616039754.0143,27833.012573242188
49,599616039992.4758,1780936910437.845,355,42,599616039761.7065,27840.704833984375
49,599616039992.4758,1780936910437.8518,4437,43,599616039769.3989,27848.397216796875
49,599616039992.4758,1780936910437.8618,-6438,44,599616039777.0912,27856.089477539062
49,599616039992.4758,1780936910437.87,5755,45,599616039784.7836,27863.781860351562
49,599616039992.4758,1780936910437.876,-1570,46,599616039792.4758,27871.47412109375
49,599616039992.4758,1780936910437.8818,-2795,47,599616039800.1681,27879.166381835938
49,599616039992.4758,1780936910437.888,6368,48,599616039807.8605,27886.858764648438
49,599616039992.4758,1780936910437.894,-6161,49,599616039815.5527,27894.551025390625
49,599616039992.4758,1780936910437.9001,3361,50,599616039823.2451,27902.243408203125
49,599616039992.4758,1780936910437.906,1740,51,599616039830.9374,27909.935668945312
49,599616039992.4758,1780936910437.912,-5220,52,599616039838.6296,27917.6279296875
49,599616039992.4758,1780936910437.918,6779,53,599616039846.322,27925.3203125
49,599616039992.4758,1780936910437.9238,-4344,54,599616039854.0143,27933.012573242188
49,599616039992.4758,1780936910437.9312,211,55,599616039861.7065,27940.704833984375
49,599616039992.4758,1780936910437.94,4512,56,599616039869.3989,27948.397216796875
49,599616039992.4758,1780936910437.946,-6421,57,599616039877.0912,27956.089477539062
49,599616039992.4758,1780936910437.9521,5738,58,599616039884.7836,27963.781860351562
49,599616039992.4758,1780936910437.989,-1461,59,599616039892.4758,27971.47412109375
49,599616039992.4758,1780936910437.997,-2939,60,599616039900.1681,27979.166381835938
49,599616039992.4758,1780936910438.0022,6368,61,599616039907.8605,27986.858764648438
49,599616039992.4758,1780936910438.005,-6045,62,599616039915.5527,27994.551025390625
49,599616039992.4758,1780936910438.008,3287,63,599616039923.2451,28002.243408203125
49,599616039992.4758,1780936910438.01,1737,64,599616039930.9374,28009.935668945312
49,599616039992.4758,1780936910438.0132,-5292,65,599616039938.6296,28017.6279296875
49,599616039992.4758,1780936910438.0159,6788,66,599616039946.322,28025.3203125
49,599616039992.4758,1780936910438.022,-4309,67,599616039954.0143,28033.012573242188
49,599616039992.4758,1780936910438.025,109,68,599616039961.7065,28040.704833984375
49,599616039992.4758,1780936910438.051,4595,69,599616039969.3989,28048.397216796875
49,599616039992.4758,1780936910438.072,-6486,70,599616039977.0912,28056.089477539062
49,599616039992.4758,1780936910438.075,5655,71,599616039984.7836,28063.781860351562
49,599616039992.4758,1780936910438.078,-1375,72,599616039992.4758,28071.47412109375
50,599616040554.0885,1780936911023.308,-3041,0,599616040000.2423,28079.240600585938
50,599616040554.0885,1780936911023.3171,6405,1,599616040007.9347,28086.932983398438
50,599616040554.0885,1780936911023.32,-6073,2,599616040015.627,28094.625244140625
50,599616040554.0885,1780936911023.323,3173,3,599616040023.3192,28102.317504882812
50,599616040554.0885,1780936911023.326,1844,4,599616040031.0116,28110.009887695312
50,599616040554.0885,1780936911023.329,-5478,5,599616040038.7039,28117.7021484375
50,599616040554.0885,1780936911023.332,6691,6,599616040046.3962,28125.39453125
50,599616040554.0885,1780936911023.335,-4203,7,599616040054.0885,28133.086791992188
50,599616040554.0885,1780936911023.3381,-69,8,599616040061.7808,28140.779052734375
50,599616040554.0885,1780936911023.34,4574,9,599616040069.4731,28148.471435546875
50,599616040554.0885,1780936911023.343,-6477,10,599616040077.1654,28156.163696289062
50,599616040554.0885,1780936911023.4001,5634,11,599616040084.8578,28163.856079101562
50,599616040554.0885,1780936911023.4028,-1184,12,599616040092.55,28171.54833984375
50,599616040554.0885,1780936911023.406,-3039,13,599616040100.2423,28179.240600585938
50,599616040554.0885,1780936911023.408,6400,14,599616040107.9347,28186.932983398438
50,599616040554.0885,1780936911023.4111,-6043,15,599616040115.627,28194.625244140625
50,599616040554.0885,1780936911023.4138,3145,16,599616040123.3192,28202.317504882812
50,599616040554.0885,1780936911023.416,1960,17,599616040131.0116,28210.009887695312
50,599616040554.0885,1780936911023.419,-5506,18,599616040138.7039,28217.7021484375
50,599616040554.0885,1780936911023.4211,6726,19,599616040146.3962,28225.39453125
50,599616040554.0885,1780936911023.4238,-4049,20,599616040154.0885,28233.086791992188
50,599616040554.0885,1780936911023.427,-30,21,599616040161.7808,28240.779052734375
50,599616040554.0885,1780936911023.429,4732,22,599616040169.4731,28248.471435546875
50,599616040554.0885,1780936911023.4321,-6498,23,599616040177.1654,28256.163696289062
50,599616040554.0885,1780936911023.4338,5557,24,599616040184.8578,28263.856079101562
50,599616040554.0885,1780936911023.4622,-1147,25,599616040192.55,28271.54833984375
50,599616040554.0885,1780936911023.467,-3159,26,599616040200.2423,28279.240600585938
50,599616040554.0885,1780936911023.47,6482,27,599616040207.9347,28286.932983398438
50,599616040554.0885,1780936911023.4832,-6087,28,599616040215.627,28294.625244140625
50,599616040554.0885,1780936911023.6,2915,29,599616040223.3192,28302.317504882812
50,599616040554.0885,1780936911023.64,2107,30,599616040231.0116,28310.009887695312
50,599616040554.0885,1780936911023.643,-5450,31,599616040238.7039,28317.7021484375
50,599616040554.0885,1780936911023.672,6726,32,599616040246.3962,28325.39453125
50,599616040554.0885,1780936911023.73,-4003,33,599616040254.0885,28333.086791992188
50,599616040554.0885,1780936911023.733,-167,34,599616040261.7808,28340.779052734375
50,599616040554.0885,1780936911023.735,4807,35,599616040269.4731,28348.471435546875
50,599616040554.0885,1780936911023.739,-6482,36,599616040277.1654,28356.163696289062
50,599616040554.0885,1780936911023.742,5471,37,599616040284.8578,28363.856079101562
50,599616040554.0885,1780936911023.7441,-1087,38,599616040292.55,28371.54833984375
50,599616040554.0885,1780936911023.747,-3255,39,599616040300.2423,28379.240600585938
50,599616040554.0885,1780936911023.808,6533,40,599616040307.9347,28386.932983398438
50,599616040554.0885,1780936911023.8171,-5978,41,599616040315.627,28394.625244140625
50,599616040554.0885,1780936911023.8198,2885,42,599616040323.3192,28402.317504882812
50,599616040554.0885,1780936911023.823,2128,43,599616040331.0116,28410.009887695312
50,599616040554.0885,1780936911023.826,-5641,44,599616040338.7039,28417.7021484375
50,599616040554.0885,1780936911023.8281,6705,45,599616040346.3962,28425.39453125
50,599616040554.0885,1780936911023.8308,-3928,46,599616040354.0885,28433.086791992188
50,599616040554.0885,1780936911023.834,-367,47,599616040361.7808,28440.779052734375
50,599616040554.0885,1780936911023.844,4886,48,599616040369.4731,28448.471435546875
50,599616040554.0885,1780936911023.849,-6466,49,599616040377.1654,28456.163696289062
50,599616040554.0885,1780936911023.8508,5315,50,599616040384.8578,28463.856079101562
50,599616040554.0885,1780936911023.854,-1029,51,599616040392.55,28471.54833984375
50,599616040554.0885,1780936911023.8572,-3322,52,599616040400.2423,28479.240600585938
50,599616040554.0885,1780936911023.8599,6549,53,599616040407.9347,28486.932983398438
50,599616040554.0885,1780936911023.894,-5945,54,599616040415.627,28494.625244140625
50,599616040554.0885,1780936911023.907,2799,55,599616040423.3192,28502.317504882812
50,599616040554.0885,1780936911023.918,2269,56,599616040431.0116,28510.009887695312
50,599616040554.0885,1780936911023.926,-5620,57,599616040438.7039,28517.7021484375
50,599616040554.0885,1780936911023.9329,6721,58,599616040446.3962,28525.39453125
50,599616040554.0885,1780936911023.9402,-3824,59,599616040454.0885,28533.086791992188
50,599616040554.0885,1780936911023.946,-439,60,599616040461.7808,28540.779052734375
50,599616040554.0885,1780936911023.972,4930,61,599616040469.4731,28548.471435546875
50,599616040554.0885,1780936911023.976,-6475,62,599616040477.1654,28556.163696289062
50,599616040554.0885,1780936911023.979,5334,63,599616040484.8578,28563.856079101562
50,599616040554.0885,1780936911023.9812,-899,64,599616040492.55,28571.54833984375
50,599616040554.0885,1780936911023.984,-3440,65,599616040500.2423,28579.240600585938
50,599616040554.0885,1780936911023.987,6579,66,599616040507.9347,28586.932983398438
50,599616040554.0885,1780936911023.989,-5892,67,599616040515.627,28594.625244140625
50,599616040554.0885,1780936911023.992,2732,68,599616040523.3192,28602.317504882812
50,599616040554.0885,1780936911023.994,2441,69,599616040531.0116,28610.009887695312
50,599616040554.0885,1780936911023.997,-5643,70,599616040538.7039,28617.7021484375
50,599616040554.0885,1780936911023.999,6596,71,599616040546.3962,28625.39453125
50,599616040554.0885,1780936911024.002,-3833,72,599616040554.0885,28633.086791992188
51,599616041115.701,1780936911652.432,-527,0,599616040561.8549,28640.853149414062
51,599616041115.701,1780936911652.437,5006,1,599616040569.5472,28648.545532226562
51,599616041115.701,1780936911652.4392,-6542,2,599616040577.2395,28656.23779296875
51,599616041115.701,1780936911652.442,5218,3,599616040584.9318,28663.930053710938
51,599616041115.701,1780936911652.445,-803,4,599616040592.6241,28671.622436523438
51,599616041115.701,1780936911652.4502,-3552,5,599616040600.3164,28679.314697265625
51,599616041115.701,1780936911652.453,6565,6,599616040608.0088,28687.007080078125
51,599616041115.701,1780936911652.456,-5866,7,599616040615.701,28694.699340820312
51,599616041115.701,1780936911652.458,2567,8,599616040623.3933,28702.3916015625
51,599616041115.701,1780936911652.461,2390,9,599616040631.0857,28710.083984375
51,599616041115.701,1780936911652.463,-5759,10,599616040638.778,28717.776245117188
51,599616041115.701,1780936911652.466,6628,11,599616040646.4703,28725.468627929688
51,599616041115.701,1780936911652.468,-3729,12,599616040654.1626,28733.160888671875
51,599616041115.701,1780936911652.471,-624,13,599616040661.8549,28740.853149414062
51,599616041115.701,1780936911652.473,5097,14,599616040669.5472,28748.545532226562
51,599616041115.701,1780936911652.476,-6633,15,599616040677.2395,28756.23779296875
51,599616041115.701,1780936911652.478,5030,16,599616040684.9318,28763.930053710938
51,599616041115.701,1780936911652.481,-657,17,599616040692.6241,28771.622436523438
51,599616041115.701,1780936911652.483,-3552,18,599616040700.3164,28779.314697265625
51,599616041115.701,1780936911652.486,6572,19,599616040708.0088,28787.007080078125
51,599616041115.701,1780936911652.489,-5836,20,599616040715.701,28794.699340820312
51,599616041115.701,1780936911652.4912,2511,21,599616040723.3933,28802.3916015625
51,599616041115.701,1780936911652.494,2523,22,599616040731.0857,28810.083984375
51,599616041115.701,1780936911652.496,-5799,23,599616040738.778,28817.776245117188
51,599616041115.701,1780936911652.499,6619,24,599616040746.4703,28825.468627929688
51,599616041115.701,1780936911652.502,-3617,25,599616040754.1626,28833.160888671875
51,599616041115.701,1780936911652.504,-736,26,599616040761.8549,28840.853149414062
51,599616041115.701,1780936911652.507,5160,27,599616040769.5472,28848.545532226562
51,599616041115.701,1780936911652.509,-6512,28,599616040777.2395,28856.23779296875
51,599616041115.701,1780936911652.512,5099,29,599616040784.9318,28863.930053710938
51,599616041115.701,1780936911652.514,-580,30,599616040792.6241,28871.622436523438
51,599616041115.701,1780936911652.539,-3698,31,599616040800.3164,28879.314697265625
51,599616041115.701,1780936911652.544,6626,32,599616040808.0088,28887.007080078125
51,599616041115.701,1780936911652.5469,-5755,33,599616040815.701,28894.699340820312
51,599616041115.701,1780936911652.55,2420,34,599616040823.3933,28902.3916015625
51,599616041115.701,1780936911652.553,2611,35,599616040831.0857,28910.083984375
51,599616041115.701,1780936911652.556,-5922,36,599616040838.778,28917.776245117188
51,599616041115.701,1780936911652.56,6528,37,599616040846.4703,28925.468627929688
51,599616041115.701,1780936911652.562,-3494,38,599616040854.1626,28933.160888671875
51,599616041115.701,1780936911652.565,-817,39,599616040861.8549,28940.853149414062
51,599616041115.701,1780936911652.568,5167,40,599616040869.5472,28948.545532226562
51,599616041115.701,1780936911652.571,-6603,41,599616040877.2395,28956.23779296875
51,599616041115.701,1780936911652.573,4976,42,599616040884.9318,28963.930053710938
51,599616041115.701,1780936911652.576,-476,43,599616040892.6241,28971.622436523438
51,599616041115.701,1780936911652.5781,-3787,44,599616040900.3164,28979.314697265625
51,599616041115.701,1780936911652.581,6626,45,599616040908.0088,28987.007080078125
51,599616041115.701,1780936911652.584,-5720,46,599616040915.701,28994.699340820312
51,599616041115.701,1780936911652.586,2297,47,599616040923.3933,29002.3916015625
51,599616041115.701,1780936911652.589,2685,48,599616040931.0857,29010.083984375
51,599616041115.701,1780936911652.591,-5903,49,599616040938.778,29017.776245117188
51,599616041115.701,1780936911652.594,6584,50,599616040946.4703,29025.468627929688
51,599616041115.701,1780936911652.596,-3475,51,599616040954.1626,29033.160888671875
51,599616041115.701,1780936911652.599,-1019,52,599616040961.8549,29040.853149414062
51,599616041115.701,1780936911652.602,5288,53,599616040969.5472,29048.545532226562
51,599616041115.701,1780936911652.604,-6489,54,599616040977.2395,29056.23779296875
51,599616041115.701,1780936911652.607,4911,55,599616040984.9318,29063.930053710938
51,599616041115.701,1780936911652.6091,-381,56,599616040992.6241,29071.622436523438
51,599616041115.701,1780936911652.612,-3810,57,599616041000.3164,29079.314697265625
51,599616041115.701,1780936911652.615,6668,58,599616041008.0088,29087.007080078125
51,599616041115.701,1780936911652.617,-5685,59,599616041015.701,29094.699340820312
51,599616041115.701,1780936911652.677,2244,60,599616041023.3933,29102.3916015625
51,599616041115.701,1780936911652.68,2860,61,599616041031.0857,29110.083984375
51,599616041115.701,1780936911652.683,-5901,62,599616041038.778,29117.776245117188
51,599616041115.701,1780936911652.686,6554,63,599616041046.4703,29125.468627929688
51,599616041115.701,1780936911652.688,-3366,64,599616041054.1626,29133.160888671875
51,599616041115.701,1780936911652.691,-1043,65,599616041061.8549,29140.853149414062
51,599616041115.701,1780936911652.693,5357,66,599616041069.5472,29148.545532226562
51,599616041115.701,1780936911652.6958,-6554,67,599616041077.2395,29156.23779296875
51,599616041115.701,1780936911652.715,4881,68,599616041084.9318,29163.930053710938
51,599616041115.701,1780936911652.719,-225,69,599616041092.6241,29171.622436523438
51,599616041115.701,1780936911652.722,-3963,70,599616041100.3164,29179.314697265625
51,599616041115.701,1780936911652.724,6661,71,599616041108.0088,29187.007080078125
51,599616041115.701,1780936911652.7268,-5608,72,599616041115.701,29194.699340820312
52,599616041677.3035,1780936912100.667,2109,0,599616041123.4573,29202.45556640625
52,599616041677.3035,1780936912100.678,2950,1,599616041131.1497,29210.14794921875
52,599616041677.3035,1780936912100.6812,-5982,2,599616041138.8419,29217.840209960938
52,599616041677.3035,1780936912100.6838,6380,3,599616041146.5342,29225.532470703125
52,599616041677.3035,1780936912100.686,-3331,4,599616041154.2266,29233.224853515625
52,599616041677.3035,1780936912100.689,-1126,5,599616041161.9188,29240.917114257812
52,599616041677.3035,1780936912100.6921,5383,6,599616041169.6112,29248.609497070312
52,599616041677.3035,1780936912100.6948,-6561,7,599616041177.3035,29256.3017578125
52,599616041677.3035,1780936912100.697,4811,8,599616041184.9957,29263.994018554688
52,599616041677.3035,1780936912100.7,-171,9,599616041192.6881,29271.686401367188
52,599616041677.3035,1780936912100.7021,-4091,10,599616041200.3804,29279.378662109375
52,599616041677.3035,1780936912100.7039,6668,11,599616041208.0728,29287.071044921875
52,599616041677.3035,1780936912100.707,-5550,12,599616041215.765,29294.763305664062
52,599616041677.3035,1780936912100.709,1981,13,599616041223.4573,29302.45556640625
52,599616041677.3035,1780936912100.7122,2934,14,599616041231.1497,29310.14794921875
52,599616041677.3035,1780936912100.7139,-6050,15,599616041238.8419,29317.840209960938
52,599616041677.3035,1780936912100.716,6470,16,599616041246.5342,29325.532470703125
52,599616041677.3035,1780936912100.719,-3241,17,599616041254.2266,29333.224853515625
52,599616041677.3035,1780936912100.721,-1308,18,599616041261.9188,29340.917114257812
52,599616041677.3035,1780936912100.7231,5469,19,599616041269.6112,29348.609497070312
52,599616041677.3035,1780936912100.7258,-6556,20,599616041277.3035,29356.3017578125
52,599616041677.3035,1780936912100.728,4704,21,599616041284.9957,29363.994018554688
52,599616041677.3035,1780936912100.73,-58,22,599616041292.6881,29371.686401367188
52,599616041677.3035,1780936912100.7332,-4235,23,599616041300.3804,29379.378662109375
52,599616041677.3035,1780936912100.7349,6649,24,599616041308.0728,29387.071044921875
52,599616041677.3035,1780936912100.738,-5394,25,599616041315.765,29394.763305664062
52,599616041677.3035,1780936912100.74,1935,26,599616041323.4573,29402.45556640625
52,599616041677.3035,1780936912100.7422,3022,27,599616041331.1497,29410.14794921875
52,599616041677.3035,1780936912100.744,-6061,28,599616041338.8419,29417.840209960938
52,599616041677.3035,1780936912100.747,6463,29,599616041346.5342,29425.532470703125
52,599616041677.3035,1780936912100.749,-3099,30,599616041354.2266,29433.224853515625
52,599616041677.3035,1780936912100.751,-1352,31,599616041361.9188,29440.917114257812
52,599616041677.3035,1780936912100.754,5545,32,599616041369.6112,29448.609497070312
52,599616041677.3035,1780936912100.7559,-6524,33,599616041377.3035,29456.3017578125
52,599616041677.3035,1780936912100.758,4670,34,599616041384.9957,29463.994018554688
52,599616041677.3035,1780936912100.761,83,35,599616041392.6881,29471.686401367188
52,599616041677.3035,1780936912100.7632,-4230,36,599616041400.3804,29479.378662109375
52,599616041677.3035,1780936912100.7659,6719,37,599616041408.0728,29487.071044921875
52,599616041677.3035,1780936912100.768,-5422,38,599616041415.765,29494.763305664062
52,599616041677.3035,1780936912100.771,1775,39,599616041423.4573,29502.45556640625
52,599616041677.3035,1780936912100.7732,3155,40,599616041431.1497,29510.14794921875
52,599616041677.3035,1780936912100.775,-6098,41,599616041438.8419,29517.840209960938
52,599616041677.3035,1780936912100.778,6405,42,599616041446.5342,29525.532470703125
52,599616041677.3035,1780936912100.78,-3057,43,599616041454.2266,29533.224853515625
52,599616041677.3035,1780936912100.782,-1577,44,599616041461.9188,29540.917114257812
52,599616041677.3035,1780936912100.7842,5555,45,599616041469.6112,29548.609497070312
52,599616041677.3035,1780936912100.7869,-6510,46,599616041477.3035,29556.3017578125
52,599616041677.3035,1780936912100.789,4530,47,599616041484.9957,29563.994018554688
52,599616041677.3035,1780936912100.791,141,48,599616041492.6881,29571.686401367188
52,599616041677.3035,1780936912100.7942,-4305,49,599616041500.3804,29579.378662109375
52,599616041677.3035,1780936912100.796,6742,50,599616041508.0728,29587.071044921875
52,599616041677.3035,1780936912100.7979,-5376,51,599616041515.765,29594.763305664062
52,599616041677.3035,1780936912100.801,1635,52,599616041523.4573,29602.45556640625
52,599616041677.3035,1780936912100.803,3243,53,599616041531.1497,29610.14794921875
52,599616041677.3035,1780936912100.805,-6126,54,599616041538.8419,29617.840209960938
52,599616041677.3035,1780936912100.8079,6296,55,599616041546.5342,29625.532470703125
52,599616041677.3035,1780936912100.81,-3015,56,599616041554.2266,29633.224853515625
52,599616041677.3035,1780936912100.812,-1561,57,599616041561.9188,29640.917114257812
52,599616041677.3035,1780936912100.815,5710,58,599616041569.6112,29648.609497070312
52,599616041677.3035,1780936912100.822,-6542,59,599616041577.3035,29656.3017578125
52,599616041677.3035,1780936912100.8242,4446,60,599616041584.9957,29663.994018554688
52,599616041677.3035,1780936912100.827,285,61,599616041592.6881,29671.686401367188
52,599616041677.3035,1780936912100.8289,-4398,62,599616041600.3804,29679.378662109375
52,599616041677.3035,1780936912100.831,6775,63,599616041608.0728,29687.071044921875
52,599616041677.3035,1780936912100.834,-5332,64,599616041615.765,29694.763305664062
52,599616041677.3035,1780936912100.836,1468,65,599616041623.4573,29702.45556640625
52,599616041677.3035,1780936912100.838,3392,66,599616041631.1497,29710.14794921875
52,599616041677.3035,1780936912100.841,-6080,67,599616041638.8419,29717.840209960938
52,599616041677.3035,1780936912100.843,6333,68,599616041646.5342,29725.532470703125
52,599616041677.3035,1780936912100.846,-2832,69,599616041654.2266,29733.224853515625
52,599616041677.3035,1780936912100.85,-1675,70,599616041661.9188,29740.917114257812
52,599616041677.3035,1780936912100.852,5724,71,599616041669.6112,29748.609497070312
52,599616041677.3035,1780936912100.854,-6524,72,599616041677.3035,29756.3017578125
53,599616042238.9261,1780936912640.811,4388,0,599616041685.08,29764.078247070312
53,599616042238.9261,1780936912640.822,406,1,599616041692.7723,29771.770629882812
53,599616042238.9261,1780936912640.824,-4495,2,599616041700.4646,29779.462890625
53,599616042238.9261,1780936912640.827,6788,3,599616041708.1569,29787.155151367188
53,599616042238.9261,1780936912640.83,-5197,4,599616041715.8492,29794.847534179688
53,599616042238.9261,1780936912640.833,1431,5,599616041723.5415,29802.539794921875
53,599616042238.9261,1780936912640.836,3468,6,599616041731.2339,29810.232177734375
53,599616042238.9261,1780936912640.838,-6180,7,599616041738.9261,29817.924438476562
53,599616042238.9261,1780936912640.841,6303,8,599616041746.6184,29825.61669921875
53,599616042238.9261,1780936912640.843,-2671,9,599616041754.3108,29833.30908203125
53,599616042238.9261,1780936912640.846,-1779,10,599616041762.003,29841.001342773438
53,599616042238.9261,1780936912640.849,5764,11,599616041769.6954,29848.693725585938
53,599616042238.9261,1780936912640.851,-6491,12,599616041777.3877,29856.385986328125
53,599616042238.9261,1780936912640.854,4305,13,599616041785.08,29864.078247070312
53,599616042238.9261,1780936912640.856,469,14,599616041792.7723,29871.770629882812
53,599616042238.9261,1780936912640.859,-4628,15,599616041800.4646,29879.462890625
53,599616042238.9261,1780936912640.861,6772,16,599616041808.1569,29887.155151367188
53,599616042238.9261,1780936912640.864,-5144,17,599616041815.8492,29894.847534179688
53,599616042238.9261,1780936912640.867,1331,18,599616041823.5415,29902.539794921875
53,599616042238.9261,1780936912640.869,3585,19,599616041831.2339,29910.232177734375
53,599616042238.9261,1780936912640.872,-6261,20,599616041838.9261,29917.924438476562
53,599616042238.9261,1780936912640.875,6180,21,599616041846.6184,29925.61669921875
53,599616042238.9261,1780936912640.877,-2627,22,599616041854.3108,29933.30908203125
53,599616042238.9261,1780936912640.8801,-1942,23,599616041862.003,29941.001342773438
53,599616042238.9261,1780936912640.882,5796,24,599616041869.6954,29948.693725585938
53,599616042238.9261,1780936912640.885,-6489,25,599616041877.3877,29956.385986328125
53,599616042238.9261,1780936912640.887,4137,26,599616041885.08,29964.078247070312
53,599616042238.9261,1780936912640.89,527,27,599616041892.7723,29971.770629882812
53,599616042238.9261,1780936912640.892,-4667,28,599616041900.4646,29979.462890625
53,599616042238.9261,1780936912640.8948,6770,29,599616041908.1569,29987.155151367188
53,599616042238.9261,1780936912640.898,-5162,30,599616041915.8492,29994.847534179688
53,599616042238.9261,1780936912640.9,1170,31,599616041923.5415,30002.539794921875
53,599616042238.9261,1780936912640.903,3675,32,599616041931.2339,30010.232177734375
53,599616042238.9261,1780936912640.9048,-6310,33,599616041938.9261,30017.924438476562
53,599616042238.9261,1780936912640.908,6122,34,599616041946.6184,30025.61669921875
53,599616042238.9261,1780936912640.91,-2495,35,599616041954.3108,30033.30908203125
53,599616042238.9261,1780936912640.913,-2026,36,599616041962.003,30041.001342773438
53,599616042238.9261,1780936912640.915,5841,37,599616041969.6954,30048.693725585938
53,599616042238.9261,1780936912640.918,-6459,38,599616041977.3877,30056.385986328125
53,599616042238.9261,1780936912640.9211,4117,39,599616041985.08,30064.078247070312
53,599616042238.9261,1780936912640.923,708,40,599616041992.7723,30071.770629882812
53,599616042238.9261,1780936912640.9258,-4735,41,599616042000.4646,30079.462890625
53,599616042238.9261,1780936912640.928,6800,42,599616042008.1569,30087.155151367188
53,599616042238.9261,1780936912640.931,-5053,43,599616042015.8492,30094.847534179688
53,599616042238.9261,1780936912640.933,1059,44,599616042023.5415,30102.539794921875
53,599616042238.9261,1780936912640.9358,3775,45,599616042031.2339,30110.232177734375
53,599616042238.9261,1780936912640.938,-6315,46,599616042038.9261,30117.924438476562
53,599616042238.9261,1780936912640.941,6073,47,599616042046.6184,30125.61669921875
53,599616042238.9261,1780936912640.943,-2400,48,599616042054.3108,30133.30908203125
53,599616042238.9261,1780936912640.9458,-2114,49,599616042062.003,30141.001342773438
53,599616042238.9261,1780936912640.948,5901,50,599616042069.6954,30148.693725585938
53,599616042238.9261,1780936912640.951,-6456,51,599616042077.3877,30156.385986328125
53,599616042238.9261,1780936912640.9531,4012,52,599616042085.08,30164.078247070312
53,599616042238.9261,1780936912640.9558,806,53,599616042092.7723,30171.770629882812
53,599616042238.9261,1780936912640.958,-4825,54,599616042100.4646,30179.462890625
53,599616042238.9261,1780936912640.961,6821,55,599616042108.1569,30187.155151367188
53,599616042238.9261,1780936912640.9631,-4946,56,599616042115.8492,30194.847534179688
53,599616042238.9261,1780936912640.9658,940,57,599616042123.5415,30202.539794921875
53,599616042238.9261,1780936912640.968,3833,58,599616042131.2339,30210.232177734375
53,599616042238.9261,1780936912640.971,-6338,59,599616042138.9261,30217.924438476562
53,599616042238.9261,1780936912640.974,6064,60,599616042146.6184,30225.61669921875
53,599616042238.9261,1780936912640.976,-2309,61,599616042154.3108,30233.30908203125
53,599616042238.9261,1780936912640.978,-2269,62,599616042162.003,30241.001342773438
53,599616042238.9261,1780936912640.981,5973,63,599616042169.6954,30248.693725585938
53,599616042238.9261,1780936912640.9832,-6389,64,599616042177.3877,30256.385986328125
53,599616042238.9261,1780936912640.986,3917,65,599616042185.08,30264.078247070312
53,599616042238.9261,1780936912640.988,899,66,599616042192.7723,30271.770629882812
53,599616042238.9261,1780936912640.991,-4920,67,599616042200.4646,30279.462890625
53,599616042238.9261,1780936912640.9941,6772,68,599616042208.1569,30287.155151367188
53,599616042238.9261,1780936912640.996,-4976,69,599616042215.8492,30294.847534179688
53,599616042238.9261,1780936912640.9978,759,70,599616042223.5415,30302.539794921875
53,599616042238.9261,1780936912641.001,3945,71,599616042231.2339,30310.232177734375
53,599616042238.9261,1780936912641.0042,-6382,72,599616042238.9261,30317.924438476562
54,599616042800.5236,1780936913225.6921,5978,0,599616042246.6774,30325.675659179688
54,599616042800.5236,1780936913225.7021,-2151,1,599616042254.3698,30333.368041992188
54,599616042800.5236,1780936913225.7048,-2321,2,599616042262.062,30341.060302734375
54,599616042800.5236,1780936913225.707,6022,3,599616042269.7543,30348.752563476562
54,599616042800.5236,1780936913225.71,-6347,4,599616042277.4467,30356.444946289062
54,599616042800.5236,1780936913225.7131,3896,5,599616042285.1389,30364.13720703125
54,599616042800.5236,1780936913225.716,1129,6,599616042292.8313,30371.82958984375
54,599616042800.5236,1780936913225.719,-4900,7,599616042300.5236,30379.521850585938
54,599616042800.5236,1780936913225.7222,6816,8,599616042308.2158,30387.214111328125
54,599616042800.5236,1780936913225.7239,-4779,9,599616042315.9082,30394.906494140625
54,599616042800.5236,1780936913225.727,813,10,599616042323.6005,30402.598754882812
54,599616042800.5236,1780936913225.729,4079,11,599616042331.2928,30410.291137695312
54,599616042800.5236,1780936913225.7332,-6424,12,599616042338.9851,30417.9833984375
54,599616042800.5236,1780936913225.7349,5989,13,599616042346.6774,30425.675659179688
54,599616042800.5236,1780936913225.738,-1984,14,599616042354.3698,30433.368041992188
54,599616042800.5236,1780936913225.74,-2446,15,599616042362.062,30441.060302734375
54,599616042800.5236,1780936913225.7432,6087,16,599616042369.7543,30448.752563476562
54,599616042800.5236,1780936913225.7458,-6280,17,599616042377.4467,30456.444946289062
54,599616042800.5236,1780936913225.748,3743,18,599616042385.1389,30464.13720703125
54,599616042800.5236,1780936913225.751,1129,19,599616042392.8313,30471.82958984375
54,599616042800.5236,1780936913225.7532,-5039,20,599616042400.5236,30479.521850585938
54,599616042800.5236,1780936913225.7559,6798,21,599616042408.2158,30487.214111328125
54,599616042800.5236,1780936913225.758,-4716,22,599616042415.9082,30494.906494140625
54,599616042800.5236,1780936913225.761,657,23,599616042423.6005,30502.598754882812
54,599616042800.5236,1780936913225.7632,4144,24,599616042431.2928,30510.291137695312
54,599616042800.5236,1780936913225.7659,-6414,25,599616042438.9851,30517.9833984375
54,599616042800.5236,1780936913225.768,5922,26,599616042446.6774,30525.675659179688
54,599616042800.5236,1780936913225.771,-1949,27,599616042454.3698,30533.368041992188
54,599616042800.5236,1780936913225.7732,-2565,28,599616042462.062,30541.060302734375
54,599616042800.5236,1780936913225.776,6212,29,599616042469.7543,30548.752563476562
54,599616042800.5236,1780936913225.778,-6182,30,599616042477.4467,30556.444946289062
54,599616042800.5236,1780936913225.781,3619,31,599616042485.1389,30564.13720703125
54,599616042800.5236,1780936913225.7842,1231,32,599616042492.8313,30571.82958984375
54,599616042800.5236,1780936913225.786,-5051,33,599616042500.5236,30579.521850585938
54,599616042800.5236,1780936913225.789,6798,34,599616042508.2158,30587.214111328125
54,599616042800.5236,1780936913225.791,-4714,35,599616042515.9082,30594.906494140625
54,599616042800.5236,1780936913225.7942,494,36,599616042523.6005,30602.598754882812
54,599616042800.5236,1780936913225.796,4207,37,599616042531.2928,30610.291137695312
54,599616042800.5236,1780936913225.799,-6528,38,599616042538.9851,30617.9833984375
54,599616042800.5236,1780936913225.801,5775,39,599616042546.6774,30625.675659179688
54,599616042800.5236,1780936913225.812,-1854,40,599616042554.3698,30633.368041992188
54,599616042800.5236,1780936913225.8142,-2664,41,599616042562.062,30641.060302734375
54,599616042800.5236,1780936913225.817,6201,42,599616042569.7543,30648.752563476562
54,599616042800.5236,1780936913225.819,-6240,43,599616042577.4467,30656.444946289062
54,599616042800.5236,1780936913225.822,3524,44,599616042585.1389,30664.13720703125
54,599616042800.5236,1780936913225.825,1375,45,599616042592.8313,30671.82958984375
54,599616042800.5236,1780936913225.827,-5153,46,599616042600.5236,30679.521850585938
54,599616042800.5236,1780936913225.83,6805,47,599616042608.2158,30687.214111328125
54,599616042800.5236,1780936913225.832,-4516,48,599616042615.9082,30694.906494140625
54,599616042800.5236,1780936913225.8352,467,49,599616042623.6005,30702.598754882812
54,599616042800.5236,1780936913225.837,4337,50,599616042631.2928,30710.291137695312
54,599616042800.5236,1780936913225.84,-6433,51,599616042638.9851,30717.9833984375
54,599616042800.5236,1780936913225.843,5836,52,599616042646.6774,30725.675659179688
54,599616042800.5236,1780936913225.8452,-1703,53,599616042654.3698,30733.368041992188
54,599616042800.5236,1780936913225.848,-2734,54,599616042662.062,30741.060302734375
54,599616042800.5236,1780936913225.85,6252,55,599616042669.7543,30748.752563476562
54,599616042800.5236,1780936913225.853,-6245,56,599616042677.4467,30756.444946289062
54,599616042800.5236,1780936913225.8552,3401,57,599616042685.1389,30764.13720703125
54,599616042800.5236,1780936913225.858,1473,58,599616042692.8313,30771.82958984375
54,599616042800.5236,1780936913225.86,-5246,59,599616042700.5236,30779.521850585938
54,599616042800.5236,1780936913225.863,6761,60,599616042708.2158,30787.214111328125
54,599616042800.5236,1780936913225.865,-4502,61,599616042715.9082,30794.906494140625
54,599616042800.5236,1780936913225.868,295,62,599616042723.6005,30802.598754882812
54,599616042800.5236,1780936913225.871,4391,63,599616042731.2928,30810.291137695312
54,599616042800.5236,1780936913225.873,-6517,64,599616042738.9851,30817.9833984375
54,599616042800.5236,1780936913225.876,5708,65,599616042746.6774,30825.675659179688
54,599616042800.5236,1780936913225.878,-1633,66,599616042754.3698,30833.368041992188
54,599616042800.5236,1780936913225.881,-2860,67,599616042762.062,30841.060302734375
54,599616042800.5236,1780936913225.883,6315,68,599616042769.7543,30848.752563476562
54,599616042800.5236,1780936913225.886,-6189,69,599616042777.4467,30856.444946289062
54,599616042800.5236,1780936913225.888,3280,70,599616042785.1389,30864.13720703125
54,599616042800.5236,1780936913225.891,1603,71,599616042792.8313,30871.82958984375
54,599616042800.5236,1780936913225.893,-5264,72,599616042800.5236,30879.521850585938
55,599616043362.1208,1780936913766.703,6723,0,599616042808.2747,30887.27294921875
55,599616043362.1208,1780936913766.713,-4479,1,599616042815.967,30894.96533203125
55,599616043362.1208,1780936913766.716,174,2,599616042823.6593,30902.657592773438
55,599616043362.1208,1780936913766.719,4488,3,599616042831.3516,30910.349853515625
55,599616043362.1208,1780936913766.722,-6558,4,599616042839.044,30918.042236328125
55,599616043362.1208,1780936913766.724,5599,5,599616042846.7362,30925.734497070312
55,599616043362.1208,1780936913766.727,-1565,6,599616042854.4286,30933.426879882812
55,599616043362.1208,1780936913766.729,-3036,7,599616042862.1208,30941.119140625
55,599616043362.1208,1780936913766.732,6233,8,599616042869.8131,30948.811401367188
55,599616043362.1208,1780936913766.734,-6280,9,599616042877.5055,30956.503784179688
55,599616043362.1208,1780936913766.737,3115,10,599616042885.1978,30964.196044921875
55,599616043362.1208,1780936913766.7388,1710,11,599616042892.8901,30971.888427734375
55,599616043362.1208,1780936913766.742,-5348,12,599616042900.5824,30979.580688476562
55,599616043362.1208,1780936913766.744,6707,13,599616042908.2747,30987.27294921875
55,599616043362.1208,1780936913766.746,-4326,14,599616042915.967,30994.96533203125
55,599616043362.1208,1780936913766.749,97,15,599616042923.6593,31002.657592773438
55,599616043362.1208,1780936913766.751,4551,16,599616042931.3516,31010.349853515625
55,599616043362.1208,1780936913766.754,-6521,17,599616042939.044,31018.042236328125
55,599616043362.1208,1780936913766.757,5634,18,599616042946.7362,31025.734497070312
55,599616043362.1208,1780936913766.759,-1424,19,599616042954.4286,31033.426879882812
55,599616043362.1208,1780936913766.761,-3087,20,599616042962.1208,31041.119140625
55,599616043362.1208,1780936913766.764,6454,21,599616042969.8131,31048.811401367188
55,599616043362.1208,1780936913766.766,-6043,22,599616042977.5055,31056.503784179688
55,599616043362.1208,1780936913766.768,3073,23,599616042985.1978,31064.196044921875
55,599616043362.1208,1780936913766.771,1795,24,599616042992.8901,31071.888427734375
55,599616043362.1208,1780936913766.773,-5432,25,599616043000.5824,31079.580688476562
55,599616043362.1208,1780936913766.7761,6744,26,599616043008.2747,31087.27294921875
55,599616043362.1208,1780936913766.778,-4144,27,599616043015.967,31094.96533203125
55,599616043362.1208,1780936913766.7798,-25,28,599616043023.6593,31102.657592773438
55,599616043362.1208,1780936913766.783,4565,29,599616043031.3516,31110.349853515625
55,599616043362.1208,1780936913766.785,-6542,30,599616043039.044,31118.042236328125
55,599616043362.1208,1780936913766.787,5562,31,599616043046.7362,31125.734497070312
55,599616043362.1208,1780936913766.7898,-1349,32,599616043054.4286,31133.426879882812
55,599616043362.1208,1780936913766.792,-3215,33,599616043062.1208,31141.119140625
55,599616043362.1208,1780936913766.795,6414,34,599616043069.8131,31148.811401367188
55,599616043362.1208,1780936913766.797,-6091,35,599616043077.5055,31156.503784179688
55,599616043362.1208,1780936913766.799,3006,36,599616043085.1978,31164.196044921875
55,599616043362.1208,1780936913766.802,1979,37,599616043092.8901,31171.888427734375
55,599616043362.1208,1780936913766.804,-5518,38,599616043100.5824,31179.580688476562
55,599616043362.1208,1780936913766.806,6626,39,599616043108.2747,31187.27294921875
55,599616043362.1208,1780936913766.809,-4133,40,599616043115.967,31194.96533203125
55,599616043362.1208,1780936913766.8108,-125,41,599616043123.6593,31202.657592773438
55,599616043362.1208,1780936913766.813,4665,42,599616043131.3516,31210.349853515625
55,599616043362.1208,1780936913766.816,-6579,43,599616043139.044,31218.042236328125
55,599616043362.1208,1780936913766.818,5487,44,599616043146.7362,31225.734497070312
55,599616043362.1208,1780936913766.8208,-1201,45,599616043154.4286,31233.426879882812
55,599616043362.1208,1780936913766.823,-3280,46,599616043162.1208,31241.119140625
55,599616043362.1208,1780936913766.825,6421,47,599616043169.8131,31248.811401367188
55,599616043362.1208,1780936913766.8281,-6129,48,599616043177.5055,31256.503784179688
55,599616043362.1208,1780936913766.83,2802,49,599616043185.1978,31264.196044921875
55,599616043362.1208,1780936913766.833,1967,50,599616043192.8901,31271.888427734375
55,599616043362.1208,1780936913766.835,-5613,51,599616043200.5824,31279.580688476562
55,599616043362.1208,1780936913766.837,6642,52,599616043208.2747,31287.27294921875
55,599616043362.1208,1780936913766.84,-4100,53,599616043215.967,31294.96533203125
55,599616043362.1208,1780936913766.8418,-304,54,599616043223.6593,31302.657592773438
55,599616043362.1208,1780936913766.844,4767,55,599616043231.3516,31310.349853515625
55,599616043362.1208,1780936913766.847,-6628,56,599616043239.044,31318.042236328125
55,599616043362.1208,1780936913766.849,5346,57,599616043246.7362,31325.734497070312
55,599616043362.1208,1780936913766.8518,-1052,58,599616043254.4286,31333.426879882812
55,599616043362.1208,1780936913766.854,-3320,59,599616043262.1208,31341.119140625
55,599616043362.1208,1780936913766.856,6482,60,599616043269.8131,31348.811401367188
55,599616043362.1208,1780936913766.8591,-6036,61,599616043277.5055,31356.503784179688
55,599616043362.1208,1780936913766.8608,2769,62,599616043285.1978,31364.196044921875
55,599616043362.1208,1780936913766.864,2160,63,599616043292.8901,31371.888427734375
55,599616043362.1208,1780936913766.866,-5620,64,599616043300.5824,31379.580688476562
55,599616043362.1208,1780936913766.8691,6670,65,599616043308.2747,31387.27294921875
55,599616043362.1208,1780936913766.871,-3952,66,599616043315.967,31394.96533203125
55,599616043362.1208,1780936913766.8728,-408,67,599616043323.6593,31402.657592773438
55,599616043362.1208,1780936913766.876,4844,68,599616043331.3516,31410.349853515625
55,599616043362.1208,1780936913766.8792,-6605,69,599616043339.044,31418.042236328125
55,599616043362.1208,1780936913766.8818,5278,70,599616043346.7362,31425.734497070312
55,599616043362.1208,1780936913766.884,-992,71,599616043354.4286,31433.426879882812
55,599616043362.1208,1780936913766.886,-3457,72,599616043362.1208,31441.119140625
56,599616043923.7334,1780936914350.7732,6570,0,599616043369.8872,31448.885498046875
56,599616043923.7334,1780936914350.7842,-5880,1,599616043377.5796,31456.577880859375
56,599616043923.7334,1780936914350.7869,2678,2,599616043385.2719,31464.270141601562
56,599616043923.7334,1780936914350.79,2207,3,599616043392.9641,31471.96240234375
56,599616043923.7334,1780936914350.793,-5696,4,599616043400.6565,31479.65478515625
56,599616043923.7334,1780936914350.796,6621,5,599616043408.3488,31487.347045898438
56,599616043923.7334,1780936914350.7979,-4031,6,599616043416.0411,31495.039428710938
56,599616043923.7334,1780936914350.801,-715,7,599616043423.7334,31502.731689453125
56,599616043923.7334,1780936914350.8042,4937,8,599616043431.4257,31510.423950195312
56,599616043923.7334,1780936914350.8142,-6510,9,599616043439.118,31518.116333007812
56,599616043923.7334,1780936914350.816,5195,10,599616043446.8103,31525.80859375
56,599616043923.7334,1780936914350.819,-929,11,599616043454.5027,31533.5009765625
56,599616043923.7334,1780936914350.822,-3587,12,599616043462.195,31541.193237304688
56,599616043923.7334,1780936914350.8242,6517,13,599616043469.8872,31548.885498046875
56,599616043923.7334,1780936914350.827,-5924,14,599616043477.5796,31556.577880859375
56,599616043923.7334,1780936914350.83,2539,15,599616043485.2719,31564.270141601562
56,599616043923.7334,1780936914350.832,2288,16,599616043492.9641,31571.96240234375
56,599616043923.7334,1780936914350.8352,-5813,17,599616043500.6565,31579.65478515625
56,599616043923.7334,1780936914350.837,6575,18,599616043508.3488,31587.347045898438
56,599616043923.7334,1780936914350.84,-3842,19,599616043516.0411,31595.039428710938
56,599616043923.7334,1780936914350.843,-734,20,599616043523.7334,31602.731689453125
56,599616043923.7334,1780936914350.848,4944,21,599616043531.4257,31610.423950195312
56,599616043923.7334,1780936914350.851,-6603,22,599616043539.118,31618.116333007812
56,599616043923.7334,1780936914350.854,5146,23,599616043546.8103,31625.80859375
56,599616043923.7334,1780936914350.856,-755,24,599616043554.5027,31633.5009765625
56,599616043923.7334,1780936914350.859,-3622,25,599616043562.195,31641.193237304688
56,599616043923.7334,1780936914350.862,6568,26,599616043569.8872,31648.885498046875
56,599616043923.7334,1780936914350.864,-5892,27,599616043577.5796,31656.577880859375
56,599616043923.7334,1780936914350.867,2458,28,599616043585.2719,31664.270141601562
56,599616043923.7334,1780936914350.8699,2434,29,599616043592.9641,31671.96240234375
56,599616043923.7334,1780936914350.873,-5868,30,599616043600.6565,31679.65478515625
56,599616043923.7334,1780936914350.875,6563,31,599616043608.3488,31687.347045898438
56,599616043923.7334,1780936914350.878,-3673,32,599616043616.0411,31695.039428710938
56,599616043923.7334,1780936914350.88,-752,33,599616043623.7334,31702.731689453125
56,599616043923.7334,1780936914350.883,5083,34,599616043631.4257,31710.423950195312
56,599616043923.7334,1780936914350.886,-6591,35,599616043639.118,31718.116333007812
56,599616043923.7334,1780936914350.888,5053,36,599616043646.8103,31725.80859375
56,599616043923.7334,1780936914350.892,-652,37,599616043654.5027,31733.5009765625
56,599616043923.7334,1780936914350.895,-3726,38,599616043662.195,31741.193237304688
56,599616043923.7334,1780936914350.898,6579,39,599616043669.8872,31748.885498046875
56,599616043923.7334,1780936914350.9,-5817,40,599616043677.5796,31756.577880859375
56,599616043923.7334,1780936914350.905,2397,41,599616043685.2719,31764.270141601562
56,599616043923.7334,1780936914350.908,2590,42,599616043692.9641,31771.96240234375
56,599616043923.7334,1780936914350.91,-5861,43,599616043700.6565,31779.65478515625
56,599616043923.7334,1780936914350.913,6552,44,599616043708.3488,31787.347045898438
56,599616043923.7334,1780936914350.915,-3610,45,599616043716.0411,31795.039428710938
56,599616043923.7334,1780936914350.918,-859,46,599616043723.7334,31802.731689453125
56,599616043923.7334,1780936914350.921,5204,47,599616043731.4257,31810.423950195312
56,599616043923.7334,1780936914350.923,-6565,48,599616043739.118,31818.116333007812
56,599616043923.7334,1780936914350.926,4958,49,599616043746.8103,31825.80859375
56,599616043923.7334,1780936914350.928,-548,50,599616043754.5027,31833.5009765625
56,599616043923.7334,1780936914350.931,-3794,51,599616043762.195,31841.193237304688
56,599616043923.7334,1780936914350.934,6582,52,599616043769.8872,31848.885498046875
56,599616043923.7334,1780936914350.936,-5836,53,599616043777.5796,31856.577880859375
56,599616043923.7334,1780936914350.939,2246,54,599616043785.2719,31864.270141601562
56,599616043923.7334,1780936914350.941,2674,55,599616043792.9641,31871.96240234375
56,599616043923.7334,1780936914350.944,-5924,56,599616043800.6565,31879.65478515625
56,599616043923.7334,1780936914350.947,6493,57,599616043808.3488,31887.347045898438
56,599616043923.7334,1780936914350.949,-3594,58,599616043816.0411,31895.039428710938
56,599616043923.7334,1780936914350.952,-1036,59,599616043823.7334,31902.731689453125
56,599616043923.7334,1780936914350.954,5262,60,599616043831.4257,31910.423950195312
56,599616043923.7334,1780936914350.957,-6600,61,599616043839.118,31918.116333007812
56,599616043923.7334,1780936914350.96,4841,62,599616043846.8103,31925.80859375
56,599616043923.7334,1780936914350.962,-422,63,599616043854.5027,31933.5009765625
56,599616043923.7334,1780936914350.965,-3866,64,599616043862.195,31941.193237304688
56,599616043923.7334,1780936914350.967,6637,65,599616043869.8872,31948.885498046875
56,599616043923.7334,1780936914350.97,-5720,66,599616043877.5796,31956.577880859375
56,599616043923.7334,1780936914350.973,2170,67,599616043885.2719,31964.270141601562
56,599616043923.7334,1780936914350.975,2778,68,599616043892.9641,31971.96240234375
56,599616043923.7334,1780936914350.9778,-5938,69,599616043900.6565,31979.65478515625
56,599616043923.7334,1780936914350.98,6547,70,599616043908.3488,31987.347045898438
56,599616043923.7334,1780936914350.983,-3389,71,599616043916.0411,31995.039428710938
56,599616043923.7334,1780936914350.986,-1075,72,599616043923.7334,32002.731689453125
57,599616044485.346,1780936914891.772,5320,0,599616043931.4998,32010.498046875
57,599616044485.346,1780936914891.783,-6577,1,599616043939.1921,32018.1904296875
57,599616044485.346,1780936914891.7861,4848,2,599616043946.8844,32025.882690429688
57,599616044485.346,1780936914891.789,-313,3,599616043954.5767,32033.574951171875
57,599616044485.346,1780936914891.791,-4049,4,599616043962.269,32041.267333984375
57,599616044485.346,1780936914891.794,6626,5,599616043969.9613,32048.959594726562
57,599616044485.346,1780936914891.7961,-5648,6,599616043977.6537,32056.651977539062
57,599616044485.346,1780936914891.799,2016,7,599616043985.346,32064.34423828125
57,599616044485.346,1780936914891.801,2818,8,599616043993.0382,32072.036499023438
57,599616044485.346,1780936914891.804,-6061,9,599616044000.7306,32079.728881835938
57,599616044485.346,1780936914891.806,6384,10,599616044008.4229,32087.421142578125
57,599616044485.346,1780936914891.808,-3352,11,599616044016.1152,32095.113525390625
57,599616044485.346,1780936914891.8108,-1175,12,599616044023.8075,32102.805786132812
57,599616044485.346,1780936914891.813,5371,13,599616044031.4998,32110.498046875
57,599616044485.346,1780936914891.816,-6568,14,599616044039.1921,32118.1904296875
57,599616044485.346,1780936914891.818,4811,15,599616044046.8844,32125.882690429688
57,599616044485.346,1780936914891.8208,-160,16,599616044054.5767,32133.574951171875
57,599616044485.346,1780936914891.823,-4131,17,599616044062.269,32141.267333984375
57,599616044485.346,1780936914891.826,6596,18,599616044069.9613,32148.959594726562
57,599616044485.346,1780936914891.8281,-5622,19,599616044077.6537,32156.651977539062
57,599616044485.346,1780936914891.8308,1940,20,599616044085.346,32164.34423828125
57,599616044485.346,1780936914891.833,2946,21,599616044093.0382,32172.036499023438
57,599616044485.346,1780936914891.835,-6080,22,599616044100.7306,32179.728881835938
57,599616044485.346,1780936914891.8381,6347,23,599616044108.4229,32187.421142578125
57,599616044485.346,1780936914891.84,-3327,24,599616044116.1152,32195.113525390625
57,599616044485.346,1780936914891.8418,-1301,25,599616044123.8075,32202.805786132812
57,599616044485.346,1780936914891.845,5429,26,599616044131.4998,32210.498046875
57,599616044485.346,1780936914891.847,-6691,27,599616044139.1921,32218.1904296875
57,599616044485.346,1780936914891.849,4623,28,599616044146.8844,32225.882690429688
57,599616044485.346,1780936914891.8518,-65,29,599616044154.5767,32233.574951171875
57,599616044485.346,1780936914891.854,-4198,30,599616044162.269,32241.267333984375
57,599616044485.346,1780936914891.856,6700,31,599616044169.9613,32248.959594726562
57,599616044485.346,1780936914891.8591,-5464,32,599616044177.6537,32256.651977539062
57,599616044485.346,1780936914891.8608,1870,33,599616044185.346,32264.34423828125
57,599616044485.346,1780936914891.863,3055,34,599616044193.0382,32272.036499023438
57,599616044485.346,1780936914891.866,-6082,35,599616044200.7306,32279.728881835938
57,599616044485.346,1780936914891.8682,6447,36,599616044208.4229,32287.421142578125
57,599616044485.346,1780936914891.876,-3094,37,599616044216.1152,32295.113525390625
57,599616044485.346,1780936914891.8792,-1368,38,599616044223.8075,32302.805786132812
57,599616044485.346,1780936914891.881,5585,39,599616044231.4998,32310.498046875
57,599616044485.346,1780936914891.884,-6552,40,599616044239.1921,32318.1904296875
57,599616044485.346,1780936914891.886,4609,41,599616044246.8844,32325.882690429688
57,599616044485.346,1780936914891.888,72,42,599616044254.5767,32333.574951171875
57,599616044485.346,1780936914891.891,-4277,43,599616044262.269,32341.267333984375
57,599616044485.346,1780936914891.8928,6737,44,599616044269.9613,32348.959594726562
57,599616044485.346,1780936914891.896,-5401,45,599616044277.6537,32356.651977539062
57,599616044485.346,1780936914891.898,1719,46,599616044285.346,32364.34423828125
57,599616044485.346,1780936914891.9001,3150,47,599616044293.0382,32372.036499023438
57,599616044485.346,1780936914891.9028,-6101,48,599616044300.7306,32379.728881835938
57,599616044485.346,1780936914891.905,6396,49,599616044308.4229,32387.421142578125
57,599616044485.346,1780936914891.907,-3057,50,599616044316.1152,32395.113525390625
57,599616044485.346,1780936914891.9102,-1561,51,599616044323.8075,32402.805786132812
57,599616044485.346,1780936914891.9119,5587,52,599616044331.4998,32410.498046875
57,599616044485.346,1780936914891.9138,-6565,53,599616044339.1921,32418.1904296875
57,599616044485.346,1780936914891.917,4507,54,599616044346.8844,32425.882690429688
57,599616044485.346,1780936914891.919,162,55,599616044354.5767,32433.574951171875
57,599616044485.346,1780936914891.9211,-4393,56,599616044362.269,32441.267333984375
57,599616044485.346,1780936914891.9238,6726,57,599616044369.9613,32448.959594726562
57,599616044485.346,1780936914891.926,-5374,58,599616044377.6537,32456.651977539062
57,599616044485.346,1780936914891.928,1582,59,599616044385.346,32464.34423828125
57,599616044485.346,1780936914891.9312,3224,60,599616044393.0382,32472.036499023438
57,599616044485.346,1780936914891.9329,-6226,61,599616044400.7306,32479.728881835938
57,599616044485.346,1780936914891.935,6312,62,599616044408.4229,32487.421142578125
57,599616044485.346,1780936914891.938,-2934,63,599616044416.1152,32495.113525390625
57,599616044485.346,1780936914891.9402,-1689,64,599616044423.8075,32502.805786132812
57,599616044485.346,1780936914891.9421,5627,65,599616044431.4998,32510.498046875
57,599616044485.346,1780936914891.9448,-6552,66,599616044439.1921,32518.1904296875
57,599616044485.346,1780936914891.947,4407,67,599616044446.8844,32525.882690429688
57,599616044485.346,1780936914891.949,264,68,599616044454.5767,32533.574951171875
57,599616044485.346,1780936914891.9521,-4467,69,599616044462.269,32541.267333984375
57,599616044485.346,1780936914891.9539,6740,70,599616044469.9613,32548.959594726562
57,599616044485.346,1780936914891.956,-5336,71,599616044477.6537,32556.651977539062
57,599616044485.346,1780936914891.959,1489,72,599616044485.346,32564.34423828125
58,599616045046.9434,1780936915431.629,3480,0,599616044493.0972,32572.095458984375
58,599616045046.9434,1780936915431.641,-6112,1,599616044500.7896,32579.787841796875
58,599616045046.9434,1780936915431.6511,6259,2,599616044508.4818,32587.480102539062
58,599616045046.9434,1780936915431.654,-2841,3,599616044516.1741,32595.17236328125
58,599616045046.9434,1780936915431.657,-1723,4,599616044523.8665,32602.86474609375
58,599616045046.9434,1780936915431.66,5727,5,599616044531.5587,32610.557006835938
58,599616045046.9434,1780936915431.665,-6591,6,599616044539.2511,32618.249389648438
58,599616045046.9434,1780936915431.667,4235,7,599616044546.9434,32625.941650390625
58,599616045046.9434,1780936915431.67,383,8,599616044554.6356,32633.633911132812
58,599616045046.9434,1780936915431.672,-4498,9,599616044562.328,32641.326293945312
58,599616045046.9434,1780936915431.675,6749,10,599616044570.0203,32649.0185546875
58,599616045046.9434,1780936915431.678,-5276,11,599616044577.7126,32656.7109375
58,599616045046.9434,1780936915431.68,1375,12,599616044585.4049,32664.403198242188
58,599616045046.9434,1780936915431.683,3531,13,599616044593.0972,32672.095458984375
58,599616045046.9434,1780936915431.686,-6215,14,599616044600.7896,32679.787841796875
58,599616045046.9434,1780936915431.688,6189,15,599616044608.4818,32687.480102539062
58,599616045046.9434,1780936915431.691,-2736,16,599616044616.1741,32695.17236328125
58,599616045046.9434,1780936915431.693,-1823,17,599616044623.8665,32702.86474609375
58,599616045046.9434,1780936915431.696,5794,18,599616044631.5587,32710.557006835938
58,599616045046.9434,1780936915431.699,-6512,19,599616044639.2511,32718.249389648438
58,599616045046.9434,1780936915431.702,4240,20,599616044646.9434,32725.941650390625
58,599616045046.9434,1780936915431.704,473,21,599616044654.6356,32733.633911132812
58,599616045046.9434,1780936915431.7068,-4653,22,599616044662.328,32741.326293945312
58,599616045046.9434,1780936915431.709,6744,23,599616044670.0203,32749.0185546875
58,599616045046.9434,1780936915431.712,-5220,24,599616044677.7126,32756.7109375
58,599616045046.9434,1780936915431.715,1191,25,599616044685.4049,32764.403198242188
58,599616045046.9434,1780936915431.7168,3508,26,599616044693.0972,32772.095458984375
58,599616045046.9434,1780936915431.72,-6345,27,599616044700.7896,32779.787841796875
58,599616045046.9434,1780936915431.722,6119,28,599616044708.4818,32787.48010253906
58,599616045046.9434,1780936915431.725,-2662,29,599616044716.1741,32795.17236328125
58,599616045046.9434,1780936915431.7278,-2016,30,599616044723.8665,32802.86474609375
58,599616045046.9434,1780936915431.73,5757,31,599616044731.5587,32810.55700683594
58,599616045046.9434,1780936915431.733,-6561,32,599616044739.2511,32818.24938964844
58,599616045046.9434,1780936915431.735,4128,33,599616044746.9434,32825.941650390625
58,599616045046.9434,1780936915431.7378,594,34,599616044754.6356,32833.63391113281
58,599616045046.9434,1780936915431.741,-4711,35,599616044762.328,32841.32629394531
58,599616045046.9434,1780936915431.743,6819,36,599616044770.0203,32849.0185546875
58,599616045046.9434,1780936915431.746,-5088,37,599616044777.7126,32856.7109375
58,599616045046.9434,1780936915431.7478,1105,38,599616044785.4049,32864.40319824219
58,599616045046.9434,1780936915431.751,3659,39,599616044793.0972,32872.095458984375
58,599616045046.9434,1780936915431.753,-6321,40,599616044800.7896,32879.787841796875
58,599616045046.9434,1780936915431.756,6122,41,599616044808.4818,32887.48010253906
58,599616045046.9434,1780936915431.759,-2469,42,599616044816.1741,32895.17236328125
58,599616045046.9434,1780936915431.761,-2046,43,599616044823.8665,32902.86474609375
58,599616045046.9434,1780936915431.764,5854,44,599616044831.5587,32910.55700683594
58,599616045046.9434,1780936915431.766,-6500,45,599616044839.2511,32918.24938964844
58,599616045046.9434,1780936915431.7688,4077,46,599616044846.9434,32925.941650390625
58,599616045046.9434,1780936915431.771,717,47,599616044854.6356,32933.63391113281
58,599616045046.9434,1780936915431.774,-4837,48,599616044862.328,32941.32629394531
58,599616045046.9434,1780936915431.777,6756,49,599616044870.0203,32949.0185546875
58,599616045046.9434,1780936915431.7788,-5051,50,599616044877.7126,32956.7109375
58,599616045046.9434,1780936915431.782,1019,51,599616044885.4049,32964.40319824219
58,599616045046.9434,1780936915431.7852,3784,52,599616044893.0972,32972.095458984375
58,599616045046.9434,1780936915431.787,-6394,53,599616044900.7896,32979.787841796875
58,599616045046.9434,1780936915431.79,6024,54,599616044908.4818,32987.48010253906
58,599616045046.9434,1780936915431.793,-2362,55,599616044916.1741,32995.17236328125
58,599616045046.9434,1780936915431.795,-2151,56,599616044923.8665,33002.86474609375
58,599616045046.9434,1780936915431.798,5917,57,599616044931.5587,33010.55700683594
58,599616045046.9434,1780936915431.7998,-6470,58,599616044939.2511,33018.24938964844
58,599616045046.9434,1780936915431.803,4000,59,599616044946.9434,33025.941650390625
58,599616045046.9434,1780936915431.8062,892,60,599616044954.6356,33033.63391113281
58,599616045046.9434,1780936915431.808,-4872,61,599616044962.328,33041.32629394531
58,599616045046.9434,1780936915431.811,6740,62,599616044970.0203,33049.0185546875
58,599616045046.9434,1780936915431.813,-4992,63,599616044977.7126,33056.7109375
58,599616045046.9434,1780936915431.8162,885,64,599616044985.4049,33064.40319824219
58,599616045046.9434,1780936915431.8188,3791,65,599616044993.0972,33072.095458984375
58,599616045046.9434,1780936915431.821,-6528,66,599616045000.7896,33079.787841796875
58,599616045046.9434,1780936915431.824,5938,67,599616045008.4818,33087.48010253906
58,599616045046.9434,1780936915431.8262,-2262,68,599616045016.1741,33095.17236328125
58,599616045046.9434,1780936915431.8289,-2304,69,599616045023.8665,33102.86474609375
58,599616045046.9434,1780936915431.8308,5936,70,599616045031.5587,33110.55700683594
58,599616045046.9434,1780936915431.834,-6440,71,599616045039.2511,33118.24938964844
58,599616045046.9434,1780936915431.8372,3859,72,599616045046.9434,33125.941650390625
59,599616045608.5406,1780936916060.568,913,0,599616045054.6945,33133.69274902344
59,599616045608.5406,1780936916060.582,-4981,1,599616045062.3868,33141.38513183594
59,599616045608.5406,1780936916060.585,6740,2,599616045070.0791,33149.077392578125
59,599616045608.5406,1780936916060.588,-4986,3,599616045077.7714,33156.76965332031
59,599616045608.5406,1780936916060.592,671,4,599616045085.4637,33164.46203613281
59,599616045608.5406,1780936916060.595,3942,5,599616045093.156,33172.154296875
59,599616045608.5406,1780936916060.598,-6356,6,599616045100.8484,33179.8466796875
59,599616045608.5406,1780936916060.601,5989,7,599616045108.5406,33187.53894042969
59,599616045608.5406,1780936916060.6091,-2165,8,599616045116.2329,33195.231201171875
59,599616045608.5406,1780936916060.611,-2383,9,599616045123.9253,33202.923583984375
59,599616045608.5406,1780936916060.614,6073,10,599616045131.6176,33210.61584472656
59,599616045608.5406,1780936916060.617,-6333,11,599616045139.3099,33218.30822753906
59,599616045608.5406,1780936916060.6191,3782,12,599616045147.0022,33226.00048828125
59,599616045608.5406,1780936916060.622,1019,13,599616045154.6945,33233.69274902344
59,599616045608.5406,1780936916060.625,-5002,14,599616045162.3868,33241.38513183594
59,599616045608.5406,1780936916060.627,6814,15,599616045170.0791,33249.077392578125
59,599616045608.5406,1780936916060.6301,-4797,16,599616045177.7714,33256.76965332031
59,599616045608.5406,1780936916060.632,708,17,599616045185.4637,33264.46203613281
59,599616045608.5406,1780936916060.635,4038,18,599616045193.156,33272.154296875
59,599616045608.5406,1780936916060.637,-6470,19,599616045200.8484,33279.8466796875
59,599616045608.5406,1780936916060.6401,5931,20,599616045208.5406,33287.53894042969
59,599616045608.5406,1780936916060.642,-2072,21,599616045216.2329,33295.231201171875
59,599616045608.5406,1780936916060.645,-2558,22,599616045223.9253,33302.923583984375
59,599616045608.5406,1780936916060.647,6089,23,599616045231.6176,33310.61584472656
59,599616045608.5406,1780936916060.6501,-6319,24,599616045239.3099,33318.30822753906
59,599616045608.5406,1780936916060.653,3680,25,599616045247.0022,33326.00048828125
59,599616045608.5406,1780936916060.655,1126,26,599616045254.6945,33333.69274902344
59,599616045608.5406,1780936916060.658,-5130,27,599616045262.3868,33341.38513183594
59,599616045608.5406,1780936916060.66,6747,28,599616045270.0791,33349.077392578125
59,599616045608.5406,1780936916060.663,-4762,29,599616045277.7714,33356.76965332031
59,599616045608.5406,1780936916060.6648,513,30,599616045285.4637,33364.46203613281
59,599616045608.5406,1780936916060.668,4024,31,599616045293.156,33372.154296875
59,599616045608.5406,1780936916060.67,-6549,32,599616045300.8484,33379.8466796875
59,599616045608.5406,1780936916060.673,5859,33,599616045308.5406,33387.53894042969
59,599616045608.5406,1780936916060.6748,-1981,34,599616045316.2329,33395.231201171875
59,599616045608.5406,1780936916060.678,-2683,35,599616045323.9253,33402.923583984375
59,599616045608.5406,1780936916060.68,6117,36,599616045331.6176,33410.61584472656
59,599616045608.5406,1780936916060.683,-6331,37,599616045339.3099,33418.30822753906
59,599616045608.5406,1780936916060.686,3571,38,599616045347.0022,33426.00048828125
59,599616045608.5406,1780936916060.688,1340,39,599616045354.6945,33433.69274902344
59,599616045608.5406,1780936916060.6912,-5090,40,599616045362.3868,33441.38513183594
59,599616045608.5406,1780936916060.693,6742,41,599616045370.0791,33449.077392578125
59,599616045608.5406,1780936916060.6958,-4681,42,599616045377.7714,33456.76965332031
59,599616045608.5406,1780936916060.698,501,43,599616045385.4637,33464.46203613281
59,599616045608.5406,1780936916060.701,4233,44,599616045393.156,33472.154296875
59,599616045608.5406,1780936916060.7031,-6531,45,599616045400.8484,33479.8466796875
59,599616045608.5406,1780936916060.7058,5801,46,599616045408.5406,33487.53894042969
59,599616045608.5406,1780936916060.708,-1840,47,599616045416.2329,33495.231201171875
59,599616045608.5406,1780936916060.711,-2718,48,599616045423.9253,33502.923583984375
59,599616045608.5406,1780936916060.7131,6215,49,599616045431.6176,33510.61584472656
59,599616045608.5406,1780936916060.7158,-6315,50,599616045439.3099,33518.30822753906
59,599616045608.5406,1780936916060.718,3424,51,599616045447.0022,33526.00048828125
59,599616045608.5406,1780936916060.721,1405,52,599616045454.6945,33533.69274902344
59,599616045608.5406,1780936916060.7231,-5185,53,599616045462.3868,33541.38513183594
59,599616045608.5406,1780936916060.7258,6742,54,599616045470.0791,33549.077392578125
59,599616045608.5406,1780936916060.728,-4621,55,599616045477.7714,33556.76965332031
59,599616045608.5406,1780936916060.7332,369,56,599616045485.4637,33564.46203613281
59,599616045608.5406,1780936916060.7358,4374,57,599616045493.156,33572.154296875
59,599616045608.5406,1780936916060.738,-6549,58,599616045500.8484,33579.8466796875
59,599616045608.5406,1780936916060.741,5662,59,599616045508.5406,33587.53894042969
59,599616045608.5406,1780936916060.7432,-1740,60,599616045516.2329,33595.231201171875
59,599616045608.5406,1780936916060.7458,-2802,61,599616045523.9253,33602.923583984375
59,599616045608.5406,1780936916060.749,6229,62,599616045531.6176,33610.61584472656
59,599616045608.5406,1780936916060.7568,-6280,63,599616045539.3099,33618.30822753906
59,599616045608.5406,1780936916060.76,3348,64,599616045547.0022,33626.00048828125
59,599616045608.5406,1780936916060.762,1526,65,599616045554.6945,33633.69274902344
59,599616045608.5406,1780936916060.7651,-5248,66,599616045562.3868,33641.38513183594
59,599616045608.5406,1780936916060.7668,6696,67,599616045570.0791,33649.077392578125
59,599616045608.5406,1780936916060.77,-4618,68,599616045577.7714,33656.76965332031
59,599616045608.5406,1780936916060.773,155,69,599616045585.4637,33664.46203613281
59,599616045608.5406,1780936916060.7751,4354,70,599616045593.156,33672.154296875
59,599616045608.5406,1780936916060.7778,-6577,71,599616045600.8484,33679.8466796875
59,599616045608.5406,1780936916060.78,5655,72,599616045608.5406,33687.53894042969
60,599616046170.1685,1780936916603.502,-1672,0,599616045616.3223,33695.320556640625
60,599616046170.1685,1780936916603.524,-2957,1,599616045624.0146,33703.012939453125
60,599616046170.1685,1780936916603.528,6298,2,599616045631.7069,33710.70520019531
60,599616046170.1685,1780936916603.5308,-6212,3,599616045639.3992,33718.3974609375
60,599616046170.1685,1780936916603.534,3266,4,599616045647.0916,33726.08984375
60,599616046170.1685,1780936916603.538,1633,5,599616045654.7838,33733.78210449219
60,599616046170.1685,1780936916603.541,-5332,6,599616045662.4762,33741.47448730469
60,599616046170.1685,1780936916603.543,6751,7,599616045670.1685,33749.166748046875
60,599616046170.1685,1780936916603.546,-4419,8,599616045677.8607,33756.85900878906
60,599616046170.1685,1780936916603.549,113,9,599616045685.5531,33764.55139160156
60,599616046170.1685,1780936916603.551,4477,10,599616045693.2454,33772.24365234375
60,599616046170.1685,1780936916603.554,-6556,11,599616045700.9377,33779.93603515625
60,599616046170.1685,1780936916603.5571,5713,12,599616045708.63,33787.62829589844
60,599616046170.1685,1780936916603.559,-1340,13,599616045716.3223,33795.320556640625
60,599616046170.1685,1780936916603.562,-2985,14,599616045724.0146,33803.012939453125
60,599616046170.1685,1780936916603.564,6233,15,599616045731.7069,33810.70520019531
60,599616046170.1685,1780936916603.567,-6184,16,599616045739.3992,33818.3974609375
60,599616046170.1685,1780936916603.569,3220,17,599616045747.0916,33826.08984375
60,599616046170.1685,1780936916603.5718,1696,18,599616045754.7838,33833.78210449219
60,599616046170.1685,1780936916603.575,-5464,19,599616045762.4762,33841.47448730469
60,599616046170.1685,1780936916603.577,6703,20,599616045770.1685,33849.166748046875
60,599616046170.1685,1780936916603.58,-4337,21,599616045777.8607,33856.85900878906
60,599616046170.1685,1780936916603.5818,9,22,599616045785.5531,33864.55139160156
60,599616046170.1685,1780936916603.585,4523,23,599616045793.2454,33872.24365234375
60,599616046170.1685,1780936916603.5881,-6635,24,599616045800.9377,33879.93603515625
60,599616046170.1685,1780936916603.59,5529,25,599616045808.63,33887.62829589844
60,599616046170.1685,1780936916603.6292,-1417,26,599616045816.3223,33895.320556640625
60,599616046170.1685,1780936916603.6602,-3124,27,599616045824.0146,33903.012939453125
60,599616046170.1685,1780936916603.6638,6377,28,599616045831.7069,33910.70520019531
60,599616046170.1685,1780936916603.667,-6161,29,599616045839.3992,33918.3974609375
60,599616046170.1685,1780936916603.67,3059,30,599616045847.0916,33926.08984375
60,599616046170.1685,1780936916603.672,1849,31,599616045854.7838,33933.78210449219
60,599616046170.1685,1780936916603.6748,-5529,32,599616045862.4762,33941.47448730469
60,599616046170.1685,1780936916603.678,6637,33,599616045870.1685,33949.166748046875
60,599616046170.1685,1780936916603.68,-4284,34,599616045877.8607,33956.85900878906
60,599616046170.1685,1780936916603.683,-148,35,599616045885.5531,33964.55139160156
60,599616046170.1685,1780936916603.6848,4644,36,599616045893.2454,33972.24365234375
60,599616046170.1685,1780936916603.688,-6568,37,599616045900.9377,33979.93603515625
60,599616046170.1685,1780936916603.69,5432,38,599616045908.63,33987.62829589844
60,599616046170.1685,1780936916603.693,-1347,39,599616045916.3223,33995.320556640625
60,599616046170.1685,1780936916603.696,-3206,40,599616045924.0146,34003.012939453125
60,599616046170.1685,1780936916603.699,6394,41,599616045931.7069,34010.70520019531
60,599616046170.1685,1780936916603.7012,-6161,42,599616045939.3992,34018.3974609375
60,599616046170.1685,1780936916603.7039,2976,43,599616045947.0916,34026.08984375
60,599616046170.1685,1780936916603.7058,2012,44,599616045954.7838,34033.78210449219
60,599616046170.1685,1780936916603.709,-5548,45,599616045962.4762,34041.47448730469
60,599616046170.1685,1780936916603.718,6686,46,599616045970.1685,34049.166748046875
60,599616046170.1685,1780936916603.721,-4110,47,599616045977.8607,34056.85900878906
60,599616046170.1685,1780936916603.724,-223,48,599616045985.5531,34064.55139160156
60,599616046170.1685,1780936916603.786,4688,49,599616045993.2454,34072.24365234375
60,599616046170.1685,1780936916603.799,-6633,50,599616046000.9377,34079.93603515625
60,599616046170.1685,1780936916603.807,5371,51,599616046008.63,34087.62829589844
60,599616046170.1685,1780936916603.814,-1187,52,599616046016.3223,34095.320556640625
60,599616046170.1685,1780936916603.821,-3301,53,599616046024.0146,34103.012939453125
60,599616046170.1685,1780936916603.827,6410,54,599616046031.7069,34110.70520019531
60,599616046170.1685,1780936916603.833,-6089,55,599616046039.3992,34118.3974609375
60,599616046170.1685,1780936916603.84,2862,56,599616046047.0916,34126.08984375
60,599616046170.1685,1780936916603.8462,2056,57,599616046054.7838,34133.78210449219
60,599616046170.1685,1780936916603.8562,-5599,58,599616046062.4762,34141.47448730469
60,599616046170.1685,1780936916603.862,6756,59,599616046070.1685,34149.166748046875
60,599616046170.1685,1780936916603.868,-3947,60,599616046077.8607,34156.85900878906
60,599616046170.1685,1780936916603.874,-341,61,599616046085.5531,34164.55139160156
60,599616046170.1685,1780936916603.88,4762,62,599616046093.2454,34172.24365234375
60,599616046170.1685,1780936916603.887,-6542,63,599616046100.9377,34179.93603515625
60,599616046170.1685,1780936916603.893,5383,64,599616046108.63,34187.62829589844
60,599616046170.1685,1780936916603.899,-1119,65,599616046116.3223,34195.320556640625
60,599616046170.1685,1780936916603.905,-3415,66,599616046124.0146,34203.012939453125
60,599616046170.1685,1780936916603.911,6489,67,599616046131.7069,34210.70520019531
60,599616046170.1685,1780936916603.952,-6050,68,599616046139.3992,34218.3974609375
60,599616046170.1685,1780936916603.9988,2750,69,599616046147.0916,34226.08984375
60,599616046170.1685,1780936916604.01,2181,70,599616046154.7838,34233.78210449219
60,599616046170.1685,1780936916604.0298,-5692,71,599616046162.4762,34241.47448730469
60,599616046170.1685,1780936916604.053,6626,72,599616046170.1685,34249.166748046875
61,599616046731.7861,1780936917146.006,-4024,0,599616046177.94,34256.938232421875
61,599616046731.7861,1780936917146.018,-552,1,599616046185.6323,34264.630615234375
61,599616046731.7861,1780936917146.021,4837,2,599616046193.3246,34272.32287597656
61,599616046731.7861,1780936917146.024,-6598,3,599616046201.0168,34280.01513671875
61,599616046731.7861,1780936917146.027,5236,4,599616046208.7092,34287.70751953125
61,599616046731.7861,1780936917146.029,-1010,5,599616046216.4015,34295.39978027344
61,599616046731.7861,1780936917146.032,-3485,6,599616046224.0939,34303.09216308594
61,599616046731.7861,1780936917146.034,6549,7,599616046231.7861,34310.784423828125
61,599616046731.7861,1780936917146.037,-5952,8,599616046239.4784,34318.47668457031
61,599616046731.7861,1780936917146.039,2736,9,599616046247.1708,34326.16906738281
61,599616046731.7861,1780936917146.042,2448,10,599616046254.863,34333.861328125
61,599616046731.7861,1780936917146.045,-5636,11,599616046262.5554,34341.5537109375
61,599616046731.7861,1780936917146.048,6586,12,599616046270.2477,34349.24597167969
61,599616046731.7861,1780936917146.051,-3898,13,599616046277.94,34356.938232421875
61,599616046731.7861,1780936917146.053,-548,14,599616046285.6323,34364.630615234375
61,599616046731.7861,1780936917146.056,5006,15,599616046293.3246,34372.32287597656
61,599616046731.7861,1780936917146.059,-6521,16,599616046301.0168,34380.01513671875
61,599616046731.7861,1780936917146.061,5211,17,599616046308.7092,34387.70751953125
61,599616046731.7861,1780936917146.064,-882,18,599616046316.4015,34395.39978027344
61,599616046731.7861,1780936917146.066,-3564,19,599616046324.0939,34403.09216308594
61,599616046731.7861,1780936917146.069,6554,20,599616046331.7861,34410.784423828125
61,599616046731.7861,1780936917146.072,-5931,21,599616046339.4784,34418.47668457031
61,599616046731.7861,1780936917146.074,2560,22,599616046347.1708,34426.16906738281
61,599616046731.7861,1780936917146.077,2369,23,599616046354.863,34433.861328125
61,599616046731.7861,1780936917146.079,-5785,24,599616046362.5554,34441.5537109375
61,599616046731.7861,1780936917146.081,6635,25,599616046370.2477,34449.24597167969
61,599616046731.7861,1780936917146.084,-3775,26,599616046377.94,34456.938232421875
61,599616046731.7861,1780936917146.086,-673,27,599616046385.6323,34464.630615234375
61,599616046731.7861,1780936917146.089,5078,28,599616046393.3246,34472.32287597656
61,599616046731.7861,1780936917146.091,-6552,29,599616046401.0168,34480.01513671875
61,599616046731.7861,1780936917146.0928,5120,30,599616046408.7092,34487.70751953125
61,599616046731.7861,1780936917146.096,-762,31,599616046416.4015,34495.39978027344
61,599616046731.7861,1780936917146.098,-3638,32,599616046424.0939,34503.09216308594
61,599616046731.7861,1780936917146.101,6633,33,599616046431.7861,34510.784423828125
61,599616046731.7861,1780936917146.103,-5815,34,599616046439.4784,34518.47668457031
61,599616046731.7861,1780936917146.106,2458,35,599616046447.1708,34526.16906738281
61,599616046731.7861,1780936917146.108,2441,36,599616046454.863,34533.861328125
61,599616046731.7861,1780936917146.116,-5864,37,599616046462.5554,34541.5537109375
61,599616046731.7861,1780936917146.1191,6554,38,599616046470.2477,34549.24597167969
61,599616046731.7861,1780936917146.121,-3731,39,599616046477.94,34556.938232421875
61,599616046731.7861,1780936917146.1238,-808,40,599616046485.6323,34564.630615234375
61,599616046731.7861,1780936917146.126,5116,41,599616046493.3246,34572.32287597656
61,599616046731.7861,1780936917146.128,-6630,42,599616046501.0168,34580.01513671875
61,599616046731.7861,1780936917146.131,4999,43,599616046508.7092,34587.70751953125
61,599616046731.7861,1780936917146.133,-597,44,599616046516.4015,34595.39978027344
61,599616046731.7861,1780936917146.135,-3694,45,599616046524.0939,34603.09216308594
61,599616046731.7861,1780936917146.138,6586,46,599616046531.7861,34610.784423828125
61,599616046731.7861,1780936917146.1401,-5827,47,599616046539.4784,34618.47668457031
61,599616046731.7861,1780936917146.143,2390,48,599616046547.1708,34626.16906738281
61,599616046731.7861,1780936917146.145,2634,49,599616046554.863,34633.861328125
61,599616046731.7861,1780936917146.148,-5822,50,599616046562.5554,34641.5537109375
61,599616046731.7861,1780936917146.1501,6628,51,599616046570.2477,34649.24597167969
61,599616046731.7861,1780936917146.153,-3533,52,599616046577.94,34656.938232421875
61,599616046731.7861,1780936917146.155,-850,53,599616046585.6323,34664.630615234375
61,599616046731.7861,1780936917146.158,5209,54,599616046593.3246,34672.32287597656
61,599616046731.7861,1780936917146.16,-6582,55,599616046601.0168,34680.01513671875
61,599616046731.7861,1780936917146.162,5023,56,599616046608.7092,34687.70751953125
61,599616046731.7861,1780936917146.1648,-394,57,599616046616.4015,34695.39978027344
61,599616046731.7861,1780936917146.167,-3752,58,599616046624.0939,34703.09216308594
61,599616046731.7861,1780936917146.169,6584,59,599616046631.7861,34710.784423828125
61,599616046731.7861,1780936917146.172,-5775,60,599616046639.4784,34718.47668457031
61,599616046731.7861,1780936917146.174,2309,61,599616046647.1708,34726.16906738281
61,599616046731.7861,1780936917146.177,2699,62,599616046654.863,34733.861328125
61,599616046731.7861,1780936917146.179,-5927,63,599616046662.5554,34741.5537109375
61,599616046731.7861,1780936917146.1821,6561,64,599616046670.2477,34749.24597167969
61,599616046731.7861,1780936917146.1848,-3492,65,599616046677.94,34756.938232421875
61,599616046731.7861,1780936917146.187,-966,66,599616046685.6323,34764.630615234375
61,599616046731.7861,1780936917146.19,5318,67,599616046693.3246,34772.32287597656
61,599616046731.7861,1780936917146.1921,-6584,68,599616046701.0168,34780.01513671875
61,599616046731.7861,1780936917146.194,4890,69,599616046708.7092,34787.70751953125
61,599616046731.7861,1780936917146.197,-364,70,599616046716.4015,34795.39978027344
61,599616046731.7861,1780936917146.199,-3903,71,599616046724.0939,34803.09216308594
61,599616046731.7861,1780936917146.2021,6610,72,599616046731.7861,34810.784423828125
62,599616047293.3937,1780936917725.7432,-5743,0,599616046739.5475,34818.54577636719
62,599616047293.3937,1780936917725.754,2074,1,599616046747.2399,34826.23815917969
62,599616047293.3937,1780936917725.758,2674,2,599616046754.9321,34833.930419921875
62,599616047293.3937,1780936917725.761,-6017,3,599616046762.6244,34841.62268066406
62,599616047293.3937,1780936917725.764,6503,4,599616046770.3168,34849.31506347656
62,599616047293.3937,1780936917725.7668,-3482,5,599616046778.009,34857.00732421875
62,599616047293.3937,1780936917725.77,-1184,6,599616046785.7014,34864.69970703125
62,599616047293.3937,1780936917725.7732,5429,7,599616046793.3937,34872.39196777344
62,599616047293.3937,1780936917725.7769,-6442,8,599616046801.0859,34880.084228515625
62,599616047293.3937,1780936917725.78,4774,9,599616046808.7783,34887.776611328125
62,599616047293.3937,1780936917725.7832,-318,10,599616046816.4706,34895.46887207031
62,599616047293.3937,1780936917725.786,-3931,11,599616046824.163,34903.16125488281
62,599616047293.3937,1780936917725.789,6672,12,599616046831.8552,34910.853515625
62,599616047293.3937,1780936917725.792,-5629,13,599616046839.5475,34918.54577636719
62,599616047293.3937,1780936917725.795,2098,14,599616046847.2399,34926.23815917969
62,599616047293.3937,1780936917725.7979,2878,15,599616046854.9321,34933.930419921875
62,599616047293.3937,1780936917725.801,-6010,16,599616046862.6244,34941.62268066406
62,599616047293.3937,1780936917725.803,6512,17,599616046870.3168,34949.31506347656
62,599616047293.3937,1780936917725.806,-3334,18,599616046878.009,34957.00732421875
62,599616047293.3937,1780936917725.809,-1238,19,599616046885.7014,34964.69970703125
62,599616047293.3937,1780936917725.812,5418,20,599616046893.3937,34972.39196777344
62,599616047293.3937,1780936917725.815,-6572,21,599616046901.0859,34980.084228515625
62,599616047293.3937,1780936917725.8179,4756,22,599616046908.7783,34987.776611328125
62,599616047293.3937,1780936917725.82,-162,23,599616046916.4706,34995.46887207031
62,599616047293.3937,1780936917725.823,-4137,24,599616046924.163,35003.16125488281
62,599616047293.3937,1780936917725.826,6637,25,599616046931.8552,35010.853515625
62,599616047293.3937,1780936917725.8289,-5555,26,599616046939.5475,35018.54577636719
62,599616047293.3937,1780936917725.832,1960,27,599616046947.2399,35026.23815917969
62,599616047293.3937,1780936917725.8352,2941,28,599616046954.9321,35033.930419921875
62,599616047293.3937,1780936917725.838,-6071,29,599616046962.6244,35041.62268066406
62,599616047293.3937,1780936917725.84,6496,30,599616046970.3168,35049.31506347656
62,599616047293.3937,1780936917725.843,-3150,31,599616046978.009,35057.00732421875
62,599616047293.3937,1780936917725.846,-1287,32,599616046985.7014,35064.69970703125
62,599616047293.3937,1780936917725.8489,5441,33,599616046993.3937,35072.39196777344
62,599616047293.3937,1780936917725.852,-6589,34,599616047001.0859,35080.084228515625
62,599616047293.3937,1780936917725.8552,4709,35,599616047008.7783,35087.776611328125
62,599616047293.3937,1780936917725.857,-30,36,599616047016.4706,35095.46887207031
62,599616047293.3937,1780936917725.86,-4230,37,599616047024.163,35103.16125488281
62,599616047293.3937,1780936917725.863,6612,38,599616047031.8552,35110.853515625
62,599616047293.3937,1780936917725.866,-5548,39,599616047039.5475,35118.54577636719
62,599616047293.3937,1780936917725.869,1809,40,599616047047.2399,35126.23815917969
62,599616047293.3937,1780936917725.872,2999,41,599616047054.9321,35133.930419921875
62,599616047293.3937,1780936917725.881,-6136,42,599616047062.6244,35141.62268066406
62,599616047293.3937,1780936917725.884,6405,43,599616047070.3168,35149.31506347656
62,599616047293.3937,1780936917725.887,-3120,44,599616047078.009,35157.00732421875
62,599616047293.3937,1780936917725.89,-1370,45,599616047085.7014,35164.69970703125
62,599616047293.3937,1780936917725.893,5571,46,599616047093.3937,35172.39196777344
62,599616047293.3937,1780936917725.896,-6549,47,599616047101.0859,35180.084228515625
62,599616047293.3937,1780936917725.899,4649,48,599616047108.7783,35187.776611328125
62,599616047293.3937,1780936917725.901,74,49,599616047116.4706,35195.46887207031
62,599616047293.3937,1780936917725.904,-4295,50,599616047124.163,35203.16125488281
62,599616047293.3937,1780936917725.907,6735,51,599616047131.8552,35210.853515625
62,599616047293.3937,1780936917725.91,-5399,52,599616047139.5475,35218.54577636719
62,599616047293.3937,1780936917725.913,1751,53,599616047147.2399,35226.23815917969
62,599616047293.3937,1780936917725.916,3213,54,599616047154.9321,35233.930419921875
62,599616047293.3937,1780936917725.919,-6040,55,599616047162.6244,35241.62268066406
62,599616047293.3937,1780936917725.921,6394,56,599616047170.3168,35249.31506347656
62,599616047293.3937,1780936917725.924,-3055,57,599616047178.009,35257.00732421875
62,599616047293.3937,1780936917725.927,-1477,58,599616047185.7014,35264.69970703125
62,599616047293.3937,1780936917725.93,5624,59,599616047193.3937,35272.39196777344
62,599616047293.3937,1780936917725.933,-6572,60,599616047201.0859,35280.084228515625
62,599616047293.3937,1780936917725.936,4530,61,599616047208.7783,35287.776611328125
62,599616047293.3937,1780936917725.938,176,62,599616047216.4706,35295.46887207031
62,599616047293.3937,1780936917725.941,-4349,63,599616047224.163,35303.16125488281
62,599616047293.3937,1780936917725.944,6765,64,599616047231.8552,35310.853515625
62,599616047293.3937,1780936917725.947,-5367,65,599616047239.5475,35318.54577636719
62,599616047293.3937,1780936917725.95,1603,66,599616047247.2399,35326.23815917969
62,599616047293.3937,1780936917725.9531,3264,67,599616047254.9321,35333.930419921875
62,599616047293.3937,1780936917725.956,-6129,68,599616047262.6244,35341.62268066406
62,599616047293.3937,1780936917725.958,6361,69,599616047270.3168,35349.31506347656
62,599616047293.3937,1780936917725.961,-2953,70,599616047278.009,35357.00732421875
62,599616047293.3937,1780936917725.965,-1640,71,599616047285.7014,35364.69970703125
62,599616047293.3937,1780936917725.972,5676,72,599616047293.3937,35372.39196777344
63,599616047855.0215,1780936918266.55,-6517,0,599616047301.1753,35380.173583984375
63,599616047855.0215,1780936918266.56,4433,1,599616047308.8677,35387.865966796875
63,599616047855.0215,1780936918266.563,241,2,599616047316.5599,35395.55822753906
63,599616047855.0215,1780936918266.5688,-4446,3,599616047324.2522,35403.25048828125
63,599616047855.0215,1780936918266.571,6765,4,599616047331.9446,35410.94287109375
63,599616047855.0215,1780936918266.574,-5369,5,599616047339.6368,35418.63513183594
63,599616047855.0215,1780936918266.5762,1375,6,599616047347.3292,35426.32751464844
63,599616047855.0215,1780936918266.584,3301,7,599616047355.0215,35434.019775390625
63,599616047855.0215,1780936918266.587,-6173,8,599616047362.7137,35441.71203613281
63,599616047855.0215,1780936918266.5889,6282,9,599616047370.4061,35449.40441894531
63,599616047855.0215,1780936918266.592,-2876,10,599616047378.0984,35457.0966796875
63,599616047855.0215,1780936918266.594,-1730,11,599616047385.7908,35464.7890625
63,599616047855.0215,1780936918266.597,5738,12,599616047393.483,35472.48132324219
63,599616047855.0215,1780936918266.601,-6482,13,599616047401.1753,35480.173583984375
63,599616047855.0215,1780936918266.603,4409,14,599616047408.8677,35487.865966796875
63,599616047855.0215,1780936918266.6062,392,15,599616047416.5599,35495.55822753906
63,599616047855.0215,1780936918266.608,-4516,16,599616047424.2522,35503.25048828125
63,599616047855.0215,1780936918266.6099,6791,17,599616047431.9446,35510.94287109375
63,599616047855.0215,1780936918266.615,-5243,18,599616047439.6368,35518.63513183594
63,599616047855.0215,1780936918266.617,1398,19,599616047447.3292,35526.32751464844
63,599616047855.0215,1780936918266.619,3487,20,599616047455.0215,35534.019775390625
63,599616047855.0215,1780936918266.622,-6215,21,599616047462.7137,35541.71203613281
63,599616047855.0215,1780936918266.624,6233,22,599616047470.4061,35549.40441894531
63,599616047855.0215,1780936918266.627,-2757,23,599616047478.0984,35557.0966796875
63,599616047855.0215,1780936918266.629,-1830,24,599616047485.7908,35564.7890625
63,599616047855.0215,1780936918266.632,5771,25,599616047493.483,35572.48132324219
63,599616047855.0215,1780936918266.634,-6528,26,599616047501.1753,35580.173583984375
63,599616047855.0215,1780936918266.636,4282,27,599616047508.8677,35587.865966796875
63,599616047855.0215,1780936918266.639,487,28,599616047516.5599,35595.55822753906
63,599616047855.0215,1780936918266.6409,-4656,29,599616047524.2522,35603.25048828125
63,599616047855.0215,1780936918266.644,6714,30,599616047531.9446,35610.94287109375
63,599616047855.0215,1780936918266.646,-5202,31,599616047539.6368,35618.63513183594
63,599616047855.0215,1780936918266.648,1296,32,599616047547.3292,35626.32751464844
63,599616047855.0215,1780936918266.651,3540,33,599616047555.0215,35634.019775390625
63,599616047855.0215,1780936918266.653,-6324,34,599616047562.7137,35641.71203613281
63,599616047855.0215,1780936918266.655,6147,35,599616047570.4061,35649.40441894531
63,599616047855.0215,1780936918266.658,-2646,36,599616047578.0984,35657.0966796875
63,599616047855.0215,1780936918266.66,-1909,37,599616047585.7908,35664.7890625
63,599616047855.0215,1780936918266.663,5815,38,599616047593.483,35672.48132324219
63,599616047855.0215,1780936918266.665,-6552,39,599616047601.1753,35680.173583984375
63,599616047855.0215,1780936918266.667,4165,40,599616047608.8677,35687.865966796875
63,599616047855.0215,1780936918266.67,550,41,599616047616.5599,35695.55822753906
63,599616047855.0215,1780936918266.6719,-4790,42,599616047624.2522,35703.25048828125
63,599616047855.0215,1780936918266.674,6689,43,599616047631.9446,35710.94287109375
63,599616047855.0215,1780936918266.677,-5204,44,599616047639.6368,35718.63513183594
63,599616047855.0215,1780936918266.679,1119,45,599616047647.3292,35726.32751464844
63,599616047855.0215,1780936918266.689,3619,46,599616047655.0215,35734.019775390625
63,599616047855.0215,1780936918266.691,-6377,47,599616047662.7137,35741.71203613281
63,599616047855.0215,1780936918266.694,6110,48,599616047670.4061,35749.40441894531
63,599616047855.0215,1780936918266.696,-2476,49,599616047678.0984,35757.0966796875
63,599616047855.0215,1780936918266.699,-1951,50,599616047685.7908,35764.7890625
63,599616047855.0215,1780936918266.701,5954,51,599616047693.483,35772.48132324219
63,599616047855.0215,1780936918266.703,-6426,52,599616047701.1753,35780.173583984375
63,599616047855.0215,1780936918266.706,4142,53,599616047708.8677,35787.865966796875
63,599616047855.0215,1780936918266.708,729,54,599616047716.5599,35795.55822753906
63,599616047855.0215,1780936918266.71,-4746,55,599616047724.2522,35803.25048828125
63,599616047855.0215,1780936918266.713,6823,56,599616047731.9446,35810.94287109375
63,599616047855.0215,1780936918266.715,-5053,57,599616047739.6368,35818.63513183594
63,599616047855.0215,1780936918266.717,1066,58,599616047747.3292,35826.32751464844
63,599616047855.0215,1780936918266.72,3796,59,599616047755.0215,35834.019775390625
63,599616047855.0215,1780936918266.722,-6345,60,599616047762.7137,35841.71203613281
63,599616047855.0215,1780936918266.724,6096,61,599616047770.4061,35849.40441894531
63,599616047855.0215,1780936918266.727,-2372,62,599616047778.0984,35857.0966796875
63,599616047855.0215,1780936918266.729,-2137,63,599616047785.7908,35864.7890625
63,599616047855.0215,1780936918266.731,5889,64,599616047793.483,35872.48132324219
63,599616047855.0215,1780936918266.734,-6489,65,599616047801.1753,35880.173583984375
63,599616047855.0215,1780936918266.736,4017,66,599616047808.8677,35887.865966796875
63,599616047855.0215,1780936918266.738,806,67,599616047816.5599,35895.55822753906
63,599616047855.0215,1780936918266.741,-4883,68,599616047824.2522,35903.25048828125
63,599616047855.0215,1780936918266.743,6784,69,599616047831.9446,35910.94287109375
63,599616047855.0215,1780936918266.745,-5006,70,599616047839.6368,35918.63513183594
63,599616047855.0215,1780936918266.748,913,71,599616047847.3292,35926.32751464844
63,599616047855.0215,1780936918266.75,3847,72,599616047855.0215,35934.019775390625
64,599616048416.6188,1780936918806.736,-6398,0,599616047862.7726,35941.77087402344
64,599616048416.6188,1780936918806.759,6061,1,599616047870.465,35949.46325683594
64,599616048416.6188,1780936918806.763,-2235,2,599616047878.1572,35957.155517578125
64,599616048416.6188,1780936918806.7651,-2246,3,599616047885.8495,35964.84777832031
64,599616048416.6188,1780936918806.7678,5947,4,599616047893.5419,35972.54016113281
64,599616048416.6188,1780936918806.771,-6447,5,599616047901.2341,35980.232421875
64,599616048416.6188,1780936918806.774,3838,6,599616047908.9265,35987.9248046875
64,599616048416.6188,1780936918806.7761,787,7,599616047916.6188,35995.61706542969
64,599616048416.6188,1780936918806.7788,-5011,8,599616047924.311,36003.309326171875
64,599616048416.6188,1780936918806.783,6726,9,599616047932.0034,36011.001708984375
64,599616048416.6188,1780936918806.7861,-5034,10,599616047939.6957,36018.69396972656
64,599616048416.6188,1780936918806.788,757,11,599616047947.3881,36026.38635253906
64,599616048416.6188,1780936918806.791,3945,12,599616047955.0803,36034.07861328125
64,599616048416.6188,1780936918806.794,-6442,13,599616047962.7726,36041.77087402344
64,599616048416.6188,1780936918806.7961,5989,14,599616047970.465,36049.46325683594
64,599616048416.6188,1780936918806.7988,-2153,15,599616047978.1572,36057.155517578125
64,599616048416.6188,1780936918806.801,-2365,16,599616047985.8495,36064.84777832031
64,599616048416.6188,1780936918806.804,6033,17,599616047993.5419,36072.54016113281
64,599616048416.6188,1780936918806.8062,-6384,18,599616048001.2341,36080.232421875
64,599616048416.6188,1780936918806.8088,3840,19,599616048008.9265,36087.9248046875
64,599616048416.6188,1780936918806.812,1040,20,599616048016.6188,36095.61706542969
64,599616048416.6188,1780936918806.814,-5065,21,599616048024.311,36103.309326171875
64,599616048416.6188,1780936918806.8171,6747,22,599616048032.0034,36111.001708984375
64,599616048416.6188,1780936918806.8188,-4814,23,599616048039.6957,36118.69396972656
64,599616048416.6188,1780936918806.822,710,24,599616048047.3881,36126.38635253906
64,599616048416.6188,1780936918806.825,4012,25,599616048055.0803,36134.07861328125
64,599616048416.6188,1780936918806.8271,-6438,26,599616048062.7726,36141.77087402344
64,599616048416.6188,1780936918806.8298,5943,27,599616048070.465,36149.46325683594
64,599616048416.6188,1780936918806.832,-2125,28,599616048078.1572,36157.155517578125
64,599616048416.6188,1780936918806.835,-2537,29,599616048085.8495,36164.84777832031
64,599616048416.6188,1780936918806.8381,6075,30,599616048093.5419,36172.54016113281
64,599616048416.6188,1780936918806.8398,-6363,31,599616048101.2341,36180.232421875
64,599616048416.6188,1780936918806.843,3675,32,599616048108.9265,36187.9248046875
64,599616048416.6188,1780936918806.846,1073,33,599616048116.6188,36195.61706542969
64,599616048416.6188,1780936918806.8481,-5130,34,599616048124.311,36203.309326171875
64,599616048416.6188,1780936918806.8508,6765,35,599616048132.0034,36211.001708984375
64,599616048416.6188,1780936918806.853,-4800,36,599616048139.6957,36218.69396972656
64,599616048416.6188,1780936918806.856,550,37,599616048147.3881,36226.38635253906
64,599616048416.6188,1780936918806.8591,4063,38,599616048155.0803,36234.07861328125
64,599616048416.6188,1780936918806.8608,-6577,39,599616048162.7726,36241.77087402344
64,599616048416.6188,1780936918806.864,5743,40,599616048170.465,36249.46325683594
64,599616048416.6188,1780936918806.867,-2130,41,599616048178.1572,36257.155517578125
64,599616048416.6188,1780936918806.8691,-2692,42,599616048185.8495,36264.84777832031
64,599616048416.6188,1780936918806.8718,6080,43,599616048193.5419,36272.54016113281
64,599616048416.6188,1780936918806.874,-6433,44,599616048201.2341,36280.232421875
64,599616048416.6188,1780936918806.877,3515,45,599616048208.9265,36287.9248046875
64,599616048416.6188,1780936918806.88,1222,46,599616048216.6188,36295.61706542969
64,599616048416.6188,1780936918806.8818,-5155,47,599616048224.311,36303.309326171875
64,599616048416.6188,1780936918806.885,6782,48,599616048232.0034,36311.001708984375
64,599616048416.6188,1780936918806.887,-4677,49,599616048239.6957,36318.69396972656
64,599616048416.6188,1780936918806.89,476,50,599616048247.3881,36326.38635253906
64,599616048416.6188,1780936918806.893,4163,51,599616048255.0803,36334.07861328125
64,599616048416.6188,1780936918806.895,-6584,52,599616048262.7726,36341.77087402344
64,599616048416.6188,1780936918806.8982,5782,53,599616048270.465,36349.46325683594
64,599616048416.6188,1780936918806.901,-1865,54,599616048278.1572,36357.155517578125
64,599616048416.6188,1780936918806.9028,-2718,55,599616048285.8495,36364.84777832031
64,599616048416.6188,1780936918806.906,6159,56,599616048293.5419,36372.54016113281
64,599616048416.6188,1780936918806.908,-6333,57,599616048301.2341,36380.232421875
64,599616048416.6188,1780936918806.911,3471,58,599616048308.9265,36387.9248046875
64,599616048416.6188,1780936918806.9128,1331,59,599616048316.6188,36395.61706542969
64,599616048416.6188,1780936918806.916,-5241,60,599616048324.311,36403.309326171875
64,599616048416.6188,1780936918806.9192,6758,61,599616048332.0034,36411.001708984375
64,599616048416.6188,1780936918806.921,-4632,62,599616048339.6957,36418.69396972656
64,599616048416.6188,1780936918806.924,346,63,599616048347.3881,36426.38635253906
64,599616048416.6188,1780936918806.926,4291,64,599616048355.0803,36434.07861328125
64,599616048416.6188,1780936918806.9292,-6552,65,599616048362.7726,36441.77087402344
64,599616048416.6188,1780936918806.932,5722,66,599616048370.465,36449.46325683594
64,599616048416.6188,1780936918806.934,-1798,67,599616048378.1572,36457.155517578125
64,599616048416.6188,1780936918806.937,-2818,68,599616048385.8495,36464.84777832031
64,599616048416.6188,1780936918806.9402,6240,69,599616048393.5419,36472.54016113281
64,599616048416.6188,1780936918806.942,-6312,70,599616048401.2341,36480.232421875
64,599616048416.6188,1780936918806.945,3324,71,599616048408.9265,36487.9248046875
64,599616048416.6188,1780936918806.953,1482,72,599616048416.6188,36495.61706542969
65,599616048978.2162,1780936919390.599,-5220,0,599616048424.37,36503.36828613281
65,599616048978.2162,1780936919390.6091,6730,1,599616048432.0624,36511.06066894531
65,599616048978.2162,1780936919390.6118,-4600,2,599616048439.7546,36518.7529296875
65,599616048978.2162,1780936919390.615,257,3,599616048447.4469,36526.44519042969
65,599616048978.2162,1780936919390.6182,4407,4,599616048455.1393,36534.13757324219
65,599616048978.2162,1780936919390.6208,-6554,5,599616048462.8315,36541.829833984375
65,599616048978.2162,1780936919390.624,5652,6,599616048470.5239,36549.522216796875
65,599616048978.2162,1780936919390.626,-1703,7,599616048478.2162,36557.21447753906
65,599616048978.2162,1780936919390.6292,-2899,8,599616048485.9084,36564.90673828125
65,599616048978.2162,1780936919390.633,6291,9,599616048493.6008,36572.59912109375
65,599616048978.2162,1780936919390.636,-6275,10,599616048501.2931,36580.29138183594
65,599616048978.2162,1780936919390.6392,3262,11,599616048508.9855,36587.98376464844
65,599616048978.2162,1780936919390.6409,1545,12,599616048516.6777,36595.676025390625
65,599616048978.2162,1780936919390.644,-5462,13,599616048524.37,36603.36828613281
65,599616048978.2162,1780936919390.646,6630,14,599616048532.0624,36611.06066894531
65,599616048978.2162,1780936919390.6492,-4498,15,599616048539.7546,36618.7529296875
65,599616048978.2162,1780936919390.651,88,16,599616048547.4469,36626.44519042969
65,599616048978.2162,1780936919390.654,4402,17,599616048555.1393,36634.13757324219
65,599616048978.2162,1780936919390.657,-6561,18,599616048562.8315,36641.829833984375
65,599616048978.2162,1780936919390.6602,5643,19,599616048570.5239,36649.522216796875
65,599616048978.2162,1780936919390.6619,-1593,20,599616048578.2162,36657.21447753906
65,599616048978.2162,1780936919390.665,-3027,21,599616048585.9084,36664.90673828125
65,599616048978.2162,1780936919390.667,6324,22,599616048593.6008,36672.59912109375
65,599616048978.2162,1780936919390.6702,-6208,23,599616048601.2931,36680.29138183594
65,599616048978.2162,1780936919390.6729,3164,24,599616048608.9855,36687.98376464844
65,599616048978.2162,1780936919390.675,1658,25,599616048616.6777,36695.676025390625
65,599616048978.2162,1780936919390.678,-5415,26,599616048624.37,36703.36828613281
65,599616048978.2162,1780936919390.681,6705,27,599616048632.0624,36711.06066894531
65,599616048978.2162,1780936919390.6829,-4377,28,599616048639.7546,36718.7529296875
65,599616048978.2162,1780936919390.686,53,29,599616048647.4469,36726.44519042969
65,599616048978.2162,1780936919390.688,4491,30,599616048655.1393,36734.13757324219
65,599616048978.2162,1780936919390.6912,-6633,31,599616048662.8315,36741.829833984375
65,599616048978.2162,1780936919390.6938,5569,32,599616048670.5239,36749.522216796875
65,599616048978.2162,1780936919390.696,-1512,33,599616048678.2162,36757.21447753906
65,599616048978.2162,1780936919390.699,-3162,34,599616048685.9084,36764.90673828125
65,599616048978.2162,1780936919390.7012,6340,35,599616048693.6008,36772.59912109375
65,599616048978.2162,1780936919390.7039,-6226,36,599616048701.2931,36780.29138183594
65,599616048978.2162,1780936919390.707,3048,37,599616048708.9855,36787.98376464844
65,599616048978.2162,1780936919390.709,1761,38,599616048716.6777,36795.676025390625
65,599616048978.2162,1780936919390.712,-5583,39,599616048724.37,36803.36828613281
65,599616048978.2162,1780936919390.7148,6607,40,599616048732.0624,36811.06066894531
65,599616048978.2162,1780936919390.717,-4307,41,599616048739.7546,36818.7529296875
65,599616048978.2162,1780936919390.72,-72,42,599616048747.4469,36826.44519042969
65,599616048978.2162,1780936919390.723,4600,43,599616048755.1393,36834.13757324219
65,599616048978.2162,1780936919390.7249,-6621,44,599616048762.8315,36841.829833984375
65,599616048978.2162,1780936919390.728,5469,45,599616048770.5239,36849.522216796875
65,599616048978.2162,1780936919390.73,-1387,46,599616048778.2162,36857.21447753906
65,599616048978.2162,1780936919390.733,-3227,47,599616048785.9084,36864.90673828125
65,599616048978.2162,1780936919390.736,6328,48,599616048793.6008,36872.59912109375
65,599616048978.2162,1780936919390.738,-6226,49,599616048801.2931,36880.29138183594
65,599616048978.2162,1780936919390.7412,2976,50,599616048808.9855,36887.98376464844
65,599616048978.2162,1780936919390.743,1891,51,599616048816.6777,36895.676025390625
65,599616048978.2162,1780936919390.746,-5638,52,599616048824.37,36903.36828613281
65,599616048978.2162,1780936919390.749,6612,53,599616048832.0624,36911.06066894531
65,599616048978.2162,1780936919390.751,-4230,54,599616048839.7546,36918.7529296875
65,599616048978.2162,1780936919390.754,-236,55,599616048847.4469,36926.44519042969
65,599616048978.2162,1780936919390.7559,4586,56,599616048855.1393,36934.13757324219
65,599616048978.2162,1780936919390.759,-6733,57,599616048862.8315,36941.829833984375
65,599616048978.2162,1780936919390.7622,5364,58,599616048870.5239,36949.522216796875
65,599616048978.2162,1780936919390.764,-1305,59,599616048878.2162,36957.21447753906
65,599616048978.2162,1780936919390.767,-3371,60,599616048885.9084,36964.90673828125
65,599616048978.2162,1780936919390.769,6361,61,599616048893.6008,36972.59912109375
65,599616048978.2162,1780936919390.7722,-6201,62,599616048901.2931,36980.29138183594
65,599616048978.2162,1780936919390.775,2797,63,599616048908.9855,36987.98376464844
65,599616048978.2162,1780936919390.777,1949,64,599616048916.6777,36995.676025390625
65,599616048978.2162,1780936919390.78,-5680,65,599616048924.37,37003.36828613281
65,599616048978.2162,1780936919390.7822,6626,66,599616048932.0624,37011.06066894531
65,599616048978.2162,1780936919390.785,-4147,67,599616048939.7546,37018.7529296875
65,599616048978.2162,1780936919390.788,-374,68,599616048947.4469,37026.44519042969
65,599616048978.2162,1780936919390.79,4723,69,599616048955.1393,37034.13757324219
65,599616048978.2162,1780936919390.793,-6612,70,599616048962.8315,37041.829833984375
65,599616048978.2162,1780936919390.795,5329,71,599616048970.5239,37049.522216796875
65,599616048978.2162,1780936919390.798,-1222,72,599616048978.2162,37057.21447753906
66,599616049539.8389,1780936919979.2,-3427,0,599616048985.9927,37064.990966796875
66,599616049539.8389,1780936919979.2139,6419,1,599616048993.685,37072.683349609375
66,599616049539.8389,1780936919979.218,-6196,2,599616049001.3773,37080.37561035156
66,599616049539.8389,1780936919979.2212,2667,3,599616049009.0696,37088.06787109375
66,599616049539.8389,1780936919979.2239,2014,4,599616049016.762,37095.76025390625
66,599616049539.8389,1780936919979.226,-5913,5,599616049024.4542,37103.45251464844
66,599616049539.8389,1780936919979.229,6382,6,599616049032.1466,37111.14489746094
66,599616049539.8389,1780936919979.2322,-4277,7,599616049039.8389,37118.837158203125
66,599616049539.8389,1780936919979.2349,-827,8,599616049047.5311,37126.52941894531
66,599616049539.8389,1780936919979.238,4458,9,599616049055.2235,37134.22180175781
66,599616049539.8389,1780936919979.24,-6828,10,599616049062.9158,37141.9140625
66,599616049539.8389,1780936919979.243,5044,11,599616049070.6082,37149.6064453125
66,599616049539.8389,1780936919979.2458,-1421,12,599616049078.3004,37157.29870605469
66,599616049539.8389,1780936919979.248,-3835,13,599616049085.9927,37164.990966796875
66,599616049539.8389,1780936919979.2522,6261,14,599616049093.685,37172.683349609375
66,599616049539.8389,1780936919979.255,-6212,15,599616049101.3773,37180.37561035156
66,599616049539.8389,1780936919979.258,2476,16,599616049109.0696,37188.06787109375
66,599616049539.8389,1780936919979.26,2014,17,599616049116.762,37195.76025390625
66,599616049539.8389,1780936919979.2632,-5903,18,599616049124.4542,37203.45251464844
66,599616049539.8389,1780936919979.2659,6475,19,599616049132.1466,37211.14489746094
66,599616049539.8389,1780936919979.268,-4114,20,599616049139.8389,37218.837158203125
66,599616049539.8389,1780936919979.271,-727,21,599616049147.5311,37226.52941894531
66,599616049539.8389,1780936919979.2732,4762,22,599616049155.2235,37234.22180175781
66,599616049539.8389,1780936919979.276,-6714,23,599616049162.9158,37241.9140625
66,599616049539.8389,1780936919979.278,5148,24,599616049170.6082,37249.6064453125
66,599616049539.8389,1780936919979.281,-1040,25,599616049178.3004,37257.29870605469
66,599616049539.8389,1780936919979.284,-3680,26,599616049185.9927,37264.990966796875
66,599616049539.8389,1780936919979.286,6428,27,599616049193.685,37272.683349609375
66,599616049539.8389,1780936919979.289,-6084,28,599616049201.3773,37280.37561035156
66,599616049539.8389,1780936919979.291,2479,29,599616049209.0696,37288.06787109375
66,599616049539.8389,1780936919979.294,2186,30,599616049216.762,37295.76025390625
66,599616049539.8389,1780936919979.296,-5938,31,599616049224.4542,37303.45251464844
66,599616049539.8389,1780936919979.299,6531,32,599616049232.1466,37311.14489746094
66,599616049539.8389,1780936919979.301,-3942,33,599616049239.8389,37318.837158203125
66,599616049539.8389,1780936919979.304,-808,34,599616049247.5311,37326.52941894531
66,599616049539.8389,1780936919979.306,4895,35,599616049255.2235,37334.22180175781
66,599616049539.8389,1780936919979.309,-6689,36,599616049262.9158,37341.9140625
66,599616049539.8389,1780936919979.312,5037,37,599616049270.6082,37349.6064453125
66,599616049539.8389,1780936919979.3142,-934,38,599616049278.3004,37357.29870605469
66,599616049539.8389,1780936919979.317,-3733,39,599616049285.9927,37364.990966796875
66,599616049539.8389,1780936919979.319,6486,40,599616049293.685,37372.683349609375
66,599616049539.8389,1780936919979.322,-6019,41,599616049301.3773,37380.37561035156
66,599616049539.8389,1780936919979.3242,2393,42,599616049309.0696,37388.06787109375
66,599616049539.8389,1780936919979.327,2339,43,599616049316.762,37395.76025390625
66,599616049539.8389,1780936919979.329,-5943,44,599616049324.4542,37403.45251464844
66,599616049539.8389,1780936919979.332,6493,45,599616049332.1466,37411.14489746094
66,599616049539.8389,1780936919979.3342,-3873,46,599616049339.8389,37418.837158203125
66,599616049539.8389,1780936919979.337,-878,47,599616049347.5311,37426.52941894531
66,599616049539.8389,1780936919979.34,4997,48,599616049355.2235,37434.22180175781
66,599616049539.8389,1780936919979.342,-6751,49,599616049362.9158,37441.9140625
66,599616049539.8389,1780936919979.345,4925,50,599616049370.6082,37449.6064453125
66,599616049539.8389,1780936919979.347,-836,51,599616049378.3004,37457.29870605469
66,599616049539.8389,1780936919979.35,-3891,52,599616049385.9927,37464.990966796875
66,599616049539.8389,1780936919979.361,6452,53,599616049393.685,37472.683349609375
66,599616049539.8389,1780936919979.364,-6082,54,599616049401.3773,37480.37561035156
66,599616049539.8389,1780936919979.366,2144,55,599616049409.0696,37488.06787109375
66,599616049539.8389,1780936919979.369,2348,56,599616049416.762,37495.76025390625
66,599616049539.8389,1780936919979.371,-6129,57,599616049424.4542,37503.45251464844
66,599616049539.8389,1780936919979.374,6347,58,599616049432.1466,37511.14489746094
66,599616049539.8389,1780936919979.376,-3914,59,599616049439.8389,37518.837158203125
66,599616049539.8389,1780936919979.379,-1194,60,599616049447.5311,37526.52941894531
66,599616049539.8389,1780936919979.381,4930,61,599616049455.2235,37534.22180175781
66,599616049539.8389,1780936919979.384,-6905,62,599616049462.9158,37541.9140625
66,599616049539.8389,1780936919979.387,4656,63,599616049470.6082,37549.6064453125
66,599616049539.8389,1780936919979.389,-871,64,599616049478.3004,37557.29870605469
66,599616049539.8389,1780936919979.392,-4135,65,599616049485.9927,37564.990966796875
66,599616049539.8389,1780936919979.394,6382,66,599616049493.685,37572.683349609375
66,599616049539.8389,1780936919979.397,-6038,67,599616049501.3773,37580.37561035156
66,599616049539.8389,1780936919979.399,1981,68,599616049509.0696,37588.06787109375
66,599616049539.8389,1780936919979.402,2374,69,599616049516.762,37595.76025390625
66,599616049539.8389,1780936919979.404,-6215,70,599616049524.4542,37603.45251464844
66,599616049539.8389,1780936919979.407,6298,71,599616049532.1466,37611.14489746094
66,599616049539.8389,1780936919979.409,-3803,72,599616049539.8389,37618.837158203125
67,599616050101.4413,1780936920515.773,-1256,0,599616049547.5951,37626.59338378906
67,599616050101.4413,1780936920515.783,5025,1,599616049555.2875,37634.28576660156
67,599616050101.4413,1780936920515.7869,-6870,2,599616049562.9797,37641.97802734375
67,599616050101.4413,1780936920515.789,4639,3,599616049570.672,37649.67028808594
67,599616050101.4413,1780936920515.792,-720,4,599616049578.3644,37657.36267089844
67,599616050101.4413,1780936920515.795,-4228,5,599616049586.0566,37665.054931640625
67,599616050101.4413,1780936920515.798,6375,6,599616049593.749,37672.747314453125
67,599616050101.4413,1780936920515.8,-6015,7,599616049601.4413,37680.43957519531
67,599616050101.4413,1780936920515.803,1888,8,599616049609.1335,37688.1318359375
67,599616050101.4413,1780936920515.805,2527,9,599616049616.8259,37695.82421875
67,599616050101.4413,1780936920515.808,-6270,10,599616049624.5182,37703.51647949219
67,599616050101.4413,1780936920515.811,6229,11,599616049632.2106,37711.20886230469
67,599616050101.4413,1780936920515.815,-3610,12,599616049639.9028,37718.901123046875
67,599616050101.4413,1780936920515.817,-1240,13,599616049647.5951,37726.59338378906
67,599616050101.4413,1780936920515.82,5097,14,599616049655.2875,37734.28576660156
67,599616050101.4413,1780936920515.823,-6819,15,599616049662.9797,37741.97802734375
67,599616050101.4413,1780936920515.825,4690,16,599616049670.672,37749.67028808594
67,599616050101.4413,1780936920515.828,-453,17,599616049678.3644,37757.36267089844
67,599616050101.4413,1780936920515.831,-4124,18,599616049686.0566,37765.054931640625
67,599616050101.4413,1780936920515.833,6540,19,599616049693.749,37772.747314453125
67,599616050101.4413,1780936920515.836,-5789,20,599616049701.4413,37780.43957519531
67,599616050101.4413,1780936920515.839,1998,21,599616049709.1335,37788.1318359375
67,599616050101.4413,1780936920515.841,2771,22,599616049716.8259,37795.82421875
67,599616050101.4413,1780936920515.844,-6112,23,599616049724.5182,37803.51647949219
67,599616050101.4413,1780936920515.846,6421,24,599616049732.2106,37811.20886230469
67,599616050101.4413,1780936920515.849,-3489,25,599616049739.9028,37818.901123046875
67,599616050101.4413,1780936920515.852,-1324,26,599616049747.5951,37826.59338378906
67,599616050101.4413,1780936920515.854,5336,27,599616049755.2875,37834.28576660156
67,599616050101.4413,1780936920515.857,-6698,28,599616049762.9797,37841.97802734375
67,599616050101.4413,1780936920515.86,4681,29,599616049770.672,37849.67028808594
67,599616050101.4413,1780936920515.862,-232,30,599616049778.3644,37857.36267089844
67,599616050101.4413,1780936920515.865,-4151,31,599616049786.0566,37865.054931640625
67,599616050101.4413,1780936920515.868,6600,32,599616049793.749,37872.747314453125
67,599616050101.4413,1780936920515.87,-5648,33,599616049801.4413,37880.43957519531
67,599616050101.4413,1780936920515.873,1965,34,599616049809.1335,37888.1318359375
67,599616050101.4413,1780936920515.876,2915,35,599616049816.8259,37895.82421875
67,599616050101.4413,1780936920515.878,-6126,36,599616049824.5182,37903.51647949219
67,599616050101.4413,1780936920515.881,6456,37,599616049832.2106,37911.20886230469
67,599616050101.4413,1780936920515.884,-3278,38,599616049839.9028,37918.901123046875
67,599616050101.4413,1780936920515.886,-1349,39,599616049847.5951,37926.59338378906
67,599616050101.4413,1780936920515.889,5450,40,599616049855.2875,37934.28576660156
67,599616050101.4413,1780936920515.892,-6614,41,599616049862.9797,37941.97802734375
67,599616050101.4413,1780936920515.894,4679,42,599616049870.672,37949.67028808594
67,599616050101.4413,1780936920515.897,-123,43,599616049878.3644,37957.36267089844
67,599616050101.4413,1780936920515.9,-4270,44,599616049886.0566,37965.054931640625
67,599616050101.4413,1780936920515.902,6675,45,599616049893.749,37972.747314453125
67,599616050101.4413,1780936920515.9048,-5536,46,599616049901.4413,37980.43957519531
67,599616050101.4413,1780936920515.908,1814,47,599616049909.1335,37988.1318359375
67,599616050101.4413,1780936920515.91,2978,48,599616049916.8259,37995.82421875
67,599616050101.4413,1780936920515.913,-6191,49,599616049924.5182,38003.51647949219
67,599616050101.4413,1780936920515.915,6389,50,599616049932.2106,38011.20886230469
67,599616050101.4413,1780936920515.918,-3227,51,599616049939.9028,38018.901123046875
67,599616050101.4413,1780936920515.9211,-1510,52,599616049947.5951,38026.59338378906
67,599616050101.4413,1780936920515.924,5494,53,599616049955.2875,38034.28576660156
67,599616050101.4413,1780936920515.935,-6640,54,599616049962.9797,38041.97802734375
67,599616050101.4413,1780936920515.938,4574,55,599616049970.672,38049.67028808594
67,599616050101.4413,1780936920515.94,-9,56,599616049978.3644,38057.36267089844
67,599616050101.4413,1780936920515.943,-4414,57,599616049986.0566,38065.054931640625
67,599616050101.4413,1780936920515.9458,6633,58,599616049993.749,38072.747314453125
67,599616050101.4413,1780936920515.948,-5513,59,599616050001.4413,38080.43957519531
67,599616050101.4413,1780936920515.951,1663,60,599616050009.1335,38088.1318359375
67,599616050101.4413,1780936920515.954,3076,61,599616050016.8259,38095.82421875
67,599616050101.4413,1780936920515.9558,-6266,62,599616050024.5182,38103.51647949219
67,599616050101.4413,1780936920515.959,6284,63,599616050032.2106,38111.20886230469
67,599616050101.4413,1780936920515.962,-3238,64,599616050039.9028,38118.901123046875
67,599616050101.4413,1780936920515.965,-1798,65,599616050047.5951,38126.59338378906
67,599616050101.4413,1780936920515.9668,5492,66,599616050055.2875,38134.28576660156
67,599616050101.4413,1780936920515.97,-6675,67,599616050062.9797,38141.97802734375
67,599616050101.4413,1780936920515.9731,4384,68,599616050070.672,38149.67028808594
67,599616050101.4413,1780936920515.975,88,69,599616050078.3644,38157.36267089844
67,599616050101.4413,1780936920515.978,-4512,70,599616050086.0566,38165.054931640625
67,599616050101.4413,1780936920515.981,6577,71,599616050093.749,38172.747314453125
67,599616050101.4413,1780936920515.9832,-5532,72,599616050101.4413,38180.43957519531
68,599616050663.0386,1780936921102.556,1438,0,599616050109.1924,38188.190673828125
68,599616050663.0386,1780936921102.575,3085,1,599616050116.8848,38195.883056640625
68,599616050663.0386,1780936921102.578,-6356,2,599616050124.577,38203.57531738281
68,599616050663.0386,1780936921102.581,6210,3,599616050132.2693,38211.267578125
68,599616050663.0386,1780936921102.584,-3090,4,599616050139.9617,38218.9599609375
68,599616050663.0386,1780936921102.587,-1816,5,599616050147.6539,38226.65222167969
68,599616050663.0386,1780936921102.59,5552,6,599616050155.3463,38234.34460449219
68,599616050663.0386,1780936921102.592,-6747,7,599616050163.0386,38242.036865234375
68,599616050663.0386,1780936921102.595,4172,8,599616050170.7308,38249.72912597656
68,599616050663.0386,1780936921102.597,97,9,599616050178.4232,38257.42150878906
68,599616050663.0386,1780936921102.6,-4604,10,599616050186.1155,38265.11376953125
68,599616050663.0386,1780936921102.603,6591,11,599616050193.8079,38272.80615234375
68,599616050663.0386,1780936921102.6052,-5555,12,599616050201.5001,38280.49841308594
68,599616050663.0386,1780936921102.608,1240,13,599616050209.1924,38288.190673828125
68,599616050663.0386,1780936921102.61,3197,14,599616050216.8848,38295.883056640625
68,599616050663.0386,1780936921102.613,-6368,15,599616050224.577,38303.57531738281
68,599616050663.0386,1780936921102.616,6143,16,599616050232.2693,38311.267578125
68,599616050663.0386,1780936921102.6199,-3013,17,599616050239.9617,38318.9599609375
68,599616050663.0386,1780936921102.623,-1940,18,599616050247.6539,38326.65222167969
68,599616050663.0386,1780936921102.625,5611,19,599616050255.3463,38334.34460449219
68,599616050663.0386,1780936921102.628,-6668,20,599616050263.0386,38342.036865234375
68,599616050663.0386,1780936921102.63,4117,21,599616050270.7308,38349.72912597656
68,599616050663.0386,1780936921102.633,134,22,599616050278.4232,38357.42150878906
68,599616050663.0386,1780936921102.636,-4728,23,599616050286.1155,38365.11376953125
68,599616050663.0386,1780936921102.68,6619,24,599616050293.8079,38372.80615234375
68,599616050663.0386,1780936921102.695,-5508,25,599616050301.5001,38380.49841308594
68,599616050663.0386,1780936921102.698,1089,26,599616050309.1924,38388.190673828125
68,599616050663.0386,1780936921102.702,3243,27,599616050316.8848,38395.883056640625
68,599616050663.0386,1780936921102.705,-6493,28,599616050324.577,38403.57531738281
68,599616050663.0386,1780936921102.707,5989,29,599616050332.2693,38411.267578125
68,599616050663.0386,1780936921102.71,-3015,30,599616050339.9617,38418.9599609375
68,599616050663.0386,1780936921102.7131,-2149,31,599616050347.6539,38426.65222167969
68,599616050663.0386,1780936921102.715,5527,32,599616050355.3463,38434.34460449219
68,599616050663.0386,1780936921102.718,-6795,33,599616050363.0386,38442.036865234375
68,599616050663.0386,1780936921102.725,3982,34,599616050370.7308,38449.72912597656
68,599616050663.0386,1780936921102.7278,192,35,599616050378.4232,38457.42150878906
68,599616050663.0386,1780936921102.731,-4962,36,599616050386.1155,38465.11376953125
68,599616050663.0386,1780936921102.733,6505,37,599616050393.8079,38472.80615234375
68,599616050663.0386,1780936921102.736,-5453,38,599616050401.5001,38480.49841308594
68,599616050663.0386,1780936921102.739,961,39,599616050409.1924,38488.190673828125
68,599616050663.0386,1780936921102.741,3271,40,599616050416.8848,38495.883056640625
68,599616050663.0386,1780936921102.7441,-6563,41,599616050424.577,38503.57531738281
68,599616050663.0386,1780936921102.746,5959,42,599616050432.2693,38511.267578125
68,599616050663.0386,1780936921102.749,-2864,43,599616050439.9617,38518.9599609375
68,599616050663.0386,1780936921102.751,-2188,44,599616050447.6539,38526.65222167969
68,599616050663.0386,1780936921102.7542,5627,45,599616050455.3463,38534.34460449219
68,599616050663.0386,1780936921102.757,-6756,46,599616050463.0386,38542.036865234375
68,599616050663.0386,1780936921102.7588,3954,47,599616050470.7308,38549.72912597656
68,599616050663.0386,1780936921102.762,378,48,599616050478.4232,38557.42150878906
68,599616050663.0386,1780936921102.764,-4997,49,599616050486.1155,38565.11376953125
68,599616050663.0386,1780936921102.767,6552,50,599616050493.8079,38572.80615234375
68,599616050663.0386,1780936921102.7688,-5355,51,599616050501.5001,38580.49841308594
68,599616050663.0386,1780936921102.772,901,52,599616050509.1924,38588.190673828125
68,599616050663.0386,1780936921102.7751,3452,53,599616050516.8848,38595.883056640625
68,599616050663.0386,1780936921102.777,-6589,54,599616050524.577,38603.57531738281
68,599616050663.0386,1780936921102.78,5878,55,599616050532.2693,38611.267578125
68,599616050663.0386,1780936921102.782,-2753,56,599616050539.9617,38618.9599609375
68,599616050663.0386,1780936921102.7852,-2332,57,599616050547.6539,38626.65222167969
68,599616050663.0386,1780936921102.787,5648,58,599616050555.3463,38634.34460449219
68,599616050663.0386,1780936921102.79,-6672,59,599616050563.0386,38642.036865234375
68,599616050663.0386,1780936921102.792,3905,60,599616050570.7308,38649.72912597656
68,599616050663.0386,1780936921102.795,534,61,599616050578.4232,38657.42150878906
68,599616050663.0386,1780936921102.797,-4958,62,599616050586.1155,38665.11376953125
68,599616050663.0386,1780936921102.7998,6614,63,599616050593.8079,38672.80615234375
68,599616050663.0386,1780936921102.803,-5264,64,599616050601.5001,38680.49841308594
68,599616050663.0386,1780936921102.805,873,65,599616050609.1924,38688.190673828125
68,599616050663.0386,1780936921102.808,3640,66,599616050616.8848,38695.883056640625
68,599616050663.0386,1780936921102.8098,-6531,67,599616050624.577,38703.57531738281
68,599616050663.0386,1780936921102.813,5908,68,599616050632.2693,38711.267578125
68,599616050663.0386,1780936921102.815,-2574,69,599616050639.9617,38718.9599609375
68,599616050663.0386,1780936921102.818,-2330,70,599616050647.6539,38726.65222167969
68,599616050663.0386,1780936921102.8198,5743,71,599616050655.3463,38734.34460449219
68,599616050663.0386,1780936921102.823,-6705,72,599616050663.0386,38742.036865234375
69,599616051224.636,1780936921641.0178,3798,0,599616050670.7898,38749.7880859375
69,599616051224.636,1780936921641.034,657,1,599616050678.4822,38757.48046875
69,599616051224.636,1780936921641.0378,-5041,2,599616050686.1744,38765.17272949219
69,599616051224.636,1780936921641.041,6644,3,599616050693.8667,38772.864990234375
69,599616051224.636,1780936921641.0452,-5183,4,599616050701.5591,38780.557373046875
69,599616051224.636,1780936921641.0479,717,5,599616050709.2513,38788.24963378906
69,599616051224.636,1780936921641.05,3687,6,599616050716.9437,38795.94201660156
69,599616051224.636,1780936921641.053,-6617,7,599616050724.636,38803.63427734375
69,599616051224.636,1780936921641.0552,5817,8,599616050732.3282,38811.32653808594
69,599616051224.636,1780936921641.0579,-2469,9,599616050740.0206,38819.01892089844
69,599616051224.636,1780936921641.063,-2420,10,599616050747.7129,38826.711181640625
69,599616051224.636,1780936921641.065,5913,11,599616050755.4053,38834.403564453125
69,599616051224.636,1780936921641.0679,-6512,12,599616050763.0975,38842.09582519531
69,599616051224.636,1780936921641.0698,3703,13,599616050770.7898,38849.7880859375
69,599616051224.636,1780936921641.073,697,14,599616050778.4822,38857.48046875
69,599616051224.636,1780936921641.0762,-5088,15,599616050786.1744,38865.17272949219
69,599616051224.636,1780936921641.078,6663,16,599616050793.8667,38872.864990234375
69,599616051224.636,1780936921641.081,-5127,17,599616050801.5591,38880.557373046875
69,599616051224.636,1780936921641.084,606,18,599616050809.2513,38888.24963378906
69,599616051224.636,1780936921641.0862,3773,19,599616050816.9437,38895.94201660156
69,599616051224.636,1780936921641.0889,-6610,20,599616050824.636,38903.63427734375
69,599616051224.636,1780936921641.091,5820,21,599616050832.3282,38911.32653808594
69,599616051224.636,1780936921641.094,-2420,22,599616050840.0206,38919.01892089844
69,599616051224.636,1780936921641.0962,-2653,23,599616050847.7129,38926.711181640625
69,599616051224.636,1780936921641.0989,5836,24,599616050855.4053,38934.403564453125
69,599616051224.636,1780936921641.1008,-6568,25,599616050863.0975,38942.09582519531
69,599616051224.636,1780936921641.104,3643,26,599616050870.7898,38949.7880859375
69,599616051224.636,1780936921641.1072,815,27,599616050878.4822,38957.48046875
69,599616051224.636,1780936921641.109,-5257,28,599616050886.1744,38965.17272949219
69,599616051224.636,1780936921641.112,6589,29,599616050893.8667,38972.864990234375
69,599616051224.636,1780936921641.114,-5055,30,599616050901.5591,38980.557373046875
69,599616051224.636,1780936921641.1172,485,31,599616050909.2513,38988.24963378906
69,599616051224.636,1780936921641.119,3805,32,599616050916.9437,38995.94201660156
69,599616051224.636,1780936921641.122,-6679,33,599616050924.636,39003.63427734375
69,599616051224.636,1780936921641.124,5775,34,599616050932.3282,39011.32653808594
69,599616051224.636,1780936921641.1272,-2321,35,599616050940.0206,39019.01892089844
69,599616051224.636,1780936921641.13,-2790,36,599616050947.7129,39026.711181640625
69,599616051224.636,1780936921641.132,5866,37,599616050955.4053,39034.403564453125
69,599616051224.636,1780936921641.135,-6575,38,599616050963.0975,39042.09582519531
69,599616051224.636,1780936921641.137,3510,39,599616050970.7898,39049.7880859375
69,599616051224.636,1780936921641.14,971,40,599616050978.4822,39057.48046875
69,599616051224.636,1780936921641.1418,-5283,41,599616050986.1744,39065.17272949219
69,599616051224.636,1780936921641.145,6540,42,599616050993.8667,39072.864990234375
69,599616051224.636,1780936921641.147,-5004,43,599616051001.5591,39080.557373046875
69,599616051224.636,1780936921641.15,408,44,599616051009.2513,39088.24963378906
69,599616051224.636,1780936921641.153,3891,45,599616051016.9437,39095.94201660156
69,599616051224.636,1780936921641.155,-6749,46,599616051024.636,39103.63427734375
69,599616051224.636,1780936921641.1582,5710,47,599616051032.3282,39111.32653808594
69,599616051224.636,1780936921641.16,-2156,48,599616051040.0206,39119.01892089844
69,599616051224.636,1780936921641.1692,-2864,49,599616051047.7129,39126.711181640625
69,599616051224.636,1780936921641.1719,5906,50,599616051055.4053,39134.403564453125
69,599616051224.636,1780936921641.175,-6489,51,599616051063.0975,39142.09582519531
69,599616051224.636,1780936921641.177,3385,52,599616051070.7898,39149.7880859375
69,599616051224.636,1780936921641.18,994,53,599616051078.4822,39157.48046875
69,599616051224.636,1780936921641.182,-5250,54,599616051086.1744,39165.17272949219
69,599616051224.636,1780936921641.185,6661,55,599616051093.8667,39172.864990234375
69,599616051224.636,1780936921641.188,-4825,56,599616051101.5591,39180.557373046875
69,599616051224.636,1780936921641.19,334,57,599616051109.2513,39188.24963378906
69,599616051224.636,1780936921641.1929,3931,58,599616051116.9437,39195.94201660156
69,599616051224.636,1780936921641.195,-6577,59,599616051124.636,39203.63427734375
69,599616051224.636,1780936921641.198,5671,60,599616051132.3282,39211.32653808594
69,599616051224.636,1780936921641.2,-2125,61,599616051140.0206,39219.01892089844
69,599616051224.636,1780936921641.203,-2692,62,599616051147.7129,39226.711181640625
69,599616051224.636,1780936921641.205,5999,63,599616051155.4053,39234.403564453125
69,599616051224.636,1780936921641.208,-6361,64,599616051163.0975,39242.09582519531
69,599616051224.636,1780936921641.21,3489,65,599616051170.7898,39249.7880859375
69,599616051224.636,1780936921641.213,1047,66,599616051178.4822,39257.48046875
69,599616051224.636,1780936921641.215,-5171,67,599616051186.1744,39265.17272949219
69,599616051224.636,1780936921641.218,6656,68,599616051193.8667,39272.864990234375
69,599616051224.636,1780936921641.221,-4867,69,599616051201.5591,39280.557373046875
69,599616051224.636,1780936921641.223,404,70,599616051209.2513,39288.24963378906
69,599616051224.636,1780936921641.226,4103,71,599616051216.9437,39295.94201660156
69,599616051224.636,1780936921641.228,-6549,72,599616051224.636,39303.63427734375
70,599616051786.2333,1780936922181.89,5615,0,599616051232.3871,39311.38537597656
70,599616051786.2333,1780936922181.934,-2002,1,599616051240.0795,39319.07775878906
70,599616051786.2333,1780936922182.127,-2657,2,599616051247.7717,39326.77001953125
70,599616051786.2333,1780936922182.141,5882,3,599616051255.464,39334.46228027344
70,599616051786.2333,1780936922182.149,-6333,4,599616051263.1564,39342.15466308594
70,599616051786.2333,1780936922182.156,3559,5,599616051270.8486,39349.846923828125
70,599616051786.2333,1780936922182.164,1073,6,599616051278.541,39357.539306640625
70,599616051786.2333,1780936922182.1711,-5116,7,599616051286.2333,39365.23156738281
70,599616051786.2333,1780936922182.178,6728,8,599616051293.9255,39372.923828125
70,599616051786.2333,1780936922182.1858,-4735,9,599616051301.6179,39380.6162109375
70,599616051786.2333,1780936922182.193,485,10,599616051309.3102,39388.30847167969
70,599616051786.2333,1780936922182.219,4072,11,599616051317.0026,39396.00085449219
70,599616051786.2333,1780936922182.2268,-6512,12,599616051324.6948,39403.693115234375
70,599616051786.2333,1780936922182.2468,5787,13,599616051332.3871,39411.38537597656
70,599616051786.2333,1780936922182.2551,-1944,14,599616051340.0795,39419.07775878906
70,599616051786.2333,1780936922182.2668,-2685,15,599616051347.7717,39426.77001953125
70,599616051786.2333,1780936922182.2742,6075,16,599616051355.464,39434.46228027344
70,599616051786.2333,1780936922182.282,-6326,17,599616051363.1564,39442.15466308594
70,599616051786.2333,1780936922182.2888,3457,18,599616051370.8486,39449.846923828125
70,599616051786.2333,1780936922182.2969,1164,19,599616051378.541,39457.539306640625
70,599616051786.2333,1780936922182.304,-5327,20,599616051386.2333,39465.23156738281
70,599616051786.2333,1780936922182.331,6598,21,599616051393.9255,39472.923828125
70,599616051786.2333,1780936922182.3398,-4700,22,599616051401.6179,39480.6162109375
70,599616051786.2333,1780936922182.348,325,23,599616051409.3102,39488.30847167969
70,599616051786.2333,1780936922182.355,4121,24,599616051417.0026,39496.00085449219
70,599616051786.2333,1780936922182.362,-6545,25,599616051424.6948,39503.693115234375
70,599616051786.2333,1780936922182.369,5694,26,599616051432.3871,39511.38537597656
70,599616051786.2333,1780936922182.3772,-1893,27,599616051440.0795,39519.07775878906
70,599616051786.2333,1780936922182.384,-2832,28,599616051447.7717,39526.77001953125
70,599616051786.2333,1780936922182.3909,6084,29,599616051455.464,39534.46228027344
70,599616051786.2333,1780936922182.399,-6352,30,599616051463.1564,39542.15466308594
70,599616051786.2333,1780936922182.406,3313,31,599616051470.8486,39549.846923828125
70,599616051786.2333,1780936922182.413,1354,32,599616051478.541,39557.539306640625
70,599616051786.2333,1780936922182.42,-5255,33,599616051486.2333,39565.23156738281
70,599616051786.2333,1780936922182.428,6610,34,599616051493.9255,39572.923828125
70,599616051786.2333,1780936922182.435,-4635,35,599616051501.6179,39580.6162109375
70,599616051786.2333,1780936922182.4739,283,36,599616051509.3102,39588.30847167969
70,599616051786.2333,1780936922182.482,4293,37,599616051517.0026,39596.00085449219
70,599616051786.2333,1780936922182.489,-6526,38,599616051524.6948,39603.693115234375
70,599616051786.2333,1780936922182.497,5604,39,599616051532.3871,39611.38537597656
70,599616051786.2333,1780936922182.504,-1812,40,599616051540.0795,39619.07775878906
70,599616051786.2333,1780936922182.511,-2894,41,599616051547.7717,39626.77001953125
70,599616051786.2333,1780936922182.519,6196,42,599616051555.464,39634.46228027344
70,599616051786.2333,1780936922182.5261,-6263,43,599616051563.1564,39642.15466308594
70,599616051786.2333,1780936922182.533,3190,44,599616051570.8486,39649.846923828125
70,599616051786.2333,1780936922182.54,1401,45,599616051578.541,39657.539306640625
70,599616051786.2333,1780936922182.547,-5353,46,599616051586.2333,39665.23156738281
70,599616051786.2333,1780936922182.555,6591,47,599616051593.9255,39672.923828125
70,599616051786.2333,1780936922182.562,-4574,48,599616051601.6179,39680.6162109375
70,599616051786.2333,1780936922182.569,106,49,599616051609.3102,39688.30847167969
70,599616051786.2333,1780936922182.577,4275,50,599616051617.0026,39696.00085449219
70,599616051786.2333,1780936922182.585,-6614,51,599616051624.6948,39703.693115234375
70,599616051786.2333,1780936922182.5918,5543,52,599616051632.3871,39711.38537597656
70,599616051786.2333,1780936922182.599,-1705,53,599616051640.0795,39719.07775878906
70,599616051786.2333,1780936922182.606,-3022,54,599616051647.7717,39726.77001953125
70,599616051786.2333,1780936922182.614,6196,55,599616051655.464,39734.46228027344
70,599616051786.2333,1780936922182.621,-6263,56,599616051663.1564,39742.15466308594
70,599616051786.2333,1780936922182.628,3113,57,599616051670.8486,39749.846923828125
70,599616051786.2333,1780936922182.635,1524,58,599616051678.541,39757.539306640625
70,599616051786.2333,1780936922182.6428,-5432,59,599616051686.2333,39765.23156738281
70,599616051786.2333,1780936922182.6501,6640,60,599616051693.9255,39772.923828125
70,599616051786.2333,1780936922182.658,-4391,61,599616051701.6179,39780.6162109375
70,599616051786.2333,1780936922182.665,-9,62,599616051709.3102,39788.30847167969
70,599616051786.2333,1780936922182.672,4326,63,599616051717.0026,39796.00085449219
70,599616051786.2333,1780936922182.68,-6582,64,599616051724.6948,39803.693115234375
70,599616051786.2333,1780936922182.687,5501,65,599616051732.3871,39811.38537597656
70,599616051786.2333,1780936922182.6938,-1649,66,599616051740.0795,39819.07775878906
70,599616051786.2333,1780936922182.7021,-3173,67,599616051747.7717,39826.77001953125
70,599616051786.2333,1780936922182.709,6215,68,599616051755.464,39834.46228027344
70,599616051786.2333,1780936922182.7158,-6252,69,599616051763.1564,39842.15466308594
70,599616051786.2333,1780936922182.7231,3008,70,599616051770.8486,39849.846923828125
70,599616051786.2333,1780936922182.73,1640,71,599616051778.541,39857.539306640625
70,599616051786.2333,1780936922182.738,-5543,72,599616051786.2333,39865.23156738281
71,599616052347.8306,1780936922720.6309,6540,0,599616051793.9844,39872.982666015625
71,599616052347.8306,1780936922720.642,-4361,1,599616051801.6768,39880.675048828125
71,599616052347.8306,1780936922720.645,-88,2,599616051809.369,39888.36730957031
71,599616052347.8306,1780936922720.648,4453,3,599616051817.0613,39896.0595703125
71,599616052347.8306,1780936922720.651,-6598,4,599616051824.7537,39903.751953125
71,599616052347.8306,1780936922720.654,5466,5,599616051832.4459,39911.44421386719
71,599616052347.8306,1780936922720.656,-1449,6,599616051840.1383,39919.13659667969
71,599616052347.8306,1780936922720.658,-3215,7,599616051847.8306,39926.828857421875
71,599616052347.8306,1780936922720.661,6236,8,599616051855.5228,39934.52111816406
71,599616052347.8306,1780936922720.663,-6226,9,599616051863.2152,39942.21350097656
71,599616052347.8306,1780936922720.666,2955,10,599616051870.9075,39949.90576171875
71,599616052347.8306,1780936922720.6719,1856,11,599616051878.5999,39957.59814453125
71,599616052347.8306,1780936922720.674,-5527,12,599616051886.2921,39965.29040527344
71,599616052347.8306,1780936922720.676,6503,13,599616051893.9844,39972.982666015625
71,599616052347.8306,1780936922720.679,-4298,14,599616051901.6768,39980.675048828125
71,599616052347.8306,1780936922720.681,-195,15,599616051909.369,39988.36730957031
71,599616052347.8306,1780936922720.684,4495,16,599616051917.0613,39996.0595703125
71,599616052347.8306,1780936922720.686,-6672,17,599616051924.7537,40003.751953125
71,599616052347.8306,1780936922720.688,5362,18,599616051932.4459,40011.44421386719
71,599616052347.8306,1780936922720.691,-1380,19,599616051940.1383,40019.13659667969
71,599616052347.8306,1780936922720.693,-3338,20,599616051947.8306,40026.828857421875
71,599616052347.8306,1780936922720.695,6315,21,599616051955.5228,40034.52111816406
71,599616052347.8306,1780936922720.698,-6136,22,599616051963.2152,40042.21350097656
71,599616052347.8306,1780936922720.7,2769,23,599616051970.9075,40049.90576171875
71,599616052347.8306,1780936922720.703,1805,24,599616051978.5999,40057.59814453125
71,599616052347.8306,1780936922720.705,-5636,25,599616051986.2921,40065.29040527344
71,599616052347.8306,1780936922720.708,6519,26,599616051993.9844,40072.982666015625
71,599616052347.8306,1780936922720.71,-4270,27,599616052001.6768,40080.675048828125
71,599616052347.8306,1780936922720.713,-388,28,599616052009.369,40088.36730957031
71,599616052347.8306,1780936922720.715,4600,29,599616052017.0613,40096.0595703125
71,599616052347.8306,1780936922720.717,-6670,30,599616052024.7537,40103.751953125
71,599616052347.8306,1780936922720.72,5248,31,599616052032.4459,40111.44421386719
71,599616052347.8306,1780936922720.722,-1287,32,599616052040.1383,40119.13659667969
71,599616052347.8306,1780936922720.724,-3440,33,599616052047.8306,40126.828857421875
71,599616052347.8306,1780936922720.727,6280,34,599616052055.5228,40134.52111816406
71,599616052347.8306,1780936922720.729,-6203,35,599616052063.2152,40142.21350097656
71,599616052347.8306,1780936922720.732,2674,36,599616052070.9075,40149.90576171875
71,599616052347.8306,1780936922720.734,2009,37,599616052078.5999,40157.59814453125
71,599616052347.8306,1780936922720.736,-5678,38,599616052086.2921,40165.29040527344
71,599616052347.8306,1780936922720.7388,6510,39,599616052093.9844,40172.982666015625
71,599616052347.8306,1780936922720.741,-4193,40,599616052101.6768,40180.675048828125
71,599616052347.8306,1780936922720.743,-550,41,599616052109.369,40188.36730957031
71,599616052347.8306,1780936922720.746,4737,42,599616052117.0613,40196.0595703125
71,599616052347.8306,1780936922720.748,-6593,43,599616052124.7537,40203.751953125
71,599616052347.8306,1780936922720.751,5241,44,599616052132.4459,40211.44421386719
71,599616052347.8306,1780936922720.753,-1229,45,599616052140.1383,40219.13659667969
71,599616052347.8306,1780936922720.761,-3724,46,599616052147.8306,40226.828857421875
71,599616052347.8306,1780936922720.764,6287,47,599616052155.5228,40234.52111816406
71,599616052347.8306,1780936922720.766,-6182,48,599616052163.2152,40242.21350097656
71,599616052347.8306,1780936922720.769,2430,49,599616052170.9075,40249.90576171875
71,599616052347.8306,1780936922720.771,1988,50,599616052178.5999,40257.59814453125
71,599616052347.8306,1780936922720.773,-5957,51,599616052186.2921,40265.29040527344
71,599616052347.8306,1780936922720.7761,6382,52,599616052193.9844,40272.982666015625
71,599616052347.8306,1780936922720.778,-4156,53,599616052201.6768,40280.675048828125
71,599616052347.8306,1780936922720.781,-885,54,599616052209.369,40288.36730957031
71,599616052347.8306,1780936922720.783,4674,55,599616052217.0613,40296.0595703125
71,599616052347.8306,1780936922720.785,-6735,56,599616052224.7537,40303.751953125
71,599616052347.8306,1780936922720.788,5018,57,599616052232.4459,40311.44421386719
71,599616052347.8306,1780936922720.7898,-1038,58,599616052240.1383,40319.13659667969
71,599616052347.8306,1780936922720.792,-3736,59,599616052247.8306,40326.828857421875
71,599616052347.8306,1780936922720.795,6233,60,599616052255.5228,40334.52111816406
71,599616052347.8306,1780936922720.797,-6147,61,599616052263.2152,40342.21350097656
71,599616052347.8306,1780936922720.7998,2388,62,599616052270.9075,40349.90576171875
71,599616052347.8306,1780936922720.802,2095,63,599616052278.5999,40357.59814453125
71,599616052347.8306,1780936922720.804,-6010,64,599616052286.2921,40365.29040527344
71,599616052347.8306,1780936922720.8071,6382,65,599616052293.9844,40372.982666015625
71,599616052347.8306,1780936922720.809,-4014,66,599616052301.6768,40380.675048828125
71,599616052347.8306,1780936922720.8108,-743,67,599616052309.369,40388.36730957031
71,599616052347.8306,1780936922720.814,4986,68,599616052317.0613,40396.0595703125
71,599616052347.8306,1780936922720.8208,-6928,69,599616052324.7537,40403.751953125
71,599616052347.8306,1780936922720.823,4807,70,599616052332.4459,40411.44421386719
71,599616052347.8306,1780936922720.826,-855,71,599616052340.1383,40419.13659667969
71,599616052347.8306,1780936922720.8281,-3900,72,599616052347.8306,40426.828857421875
72,599616052909.4229,1780936923353.5818,6342,0,599616052355.5767,40434.574951171875
72,599616052909.4229,1780936923353.591,-6010,1,599616052363.269,40442.267333984375
72,599616052909.4229,1780936923353.594,2525,2,599616052370.9613,40449.95959472656
72,599616052909.4229,1780936923353.5981,2578,3,599616052378.6536,40457.65185546875
72,599616052909.4229,1780936923353.601,-6247,4,599616052386.346,40465.34423828125
72,599616052909.4229,1780936923353.604,6507,5,599616052394.0382,40473.03649902344
72,599616052909.4229,1780936923353.606,-3673,6,599616052401.7306,40480.72888183594
72,599616052909.4229,1780936923353.6091,-1205,7,599616052409.4229,40488.421142578125
72,599616052909.4229,1780936923353.612,5262,8,599616052417.1151,40496.11340332031
72,599616052909.4229,1780936923353.614,-6672,9,599616052424.8075,40503.80578613281
72,599616052909.4229,1780936923353.617,4695,10,599616052432.4998,40511.498046875
72,599616052909.4229,1780936923353.6191,-580,11,599616052440.1921,40519.1904296875
72,599616052909.4229,1780936923353.622,-4077,12,599616052447.8844,40526.88269042969
72,599616052909.4229,1780936923353.625,6466,13,599616052455.5767,40534.574951171875
72,599616052909.4229,1780936923353.627,-5931,14,599616052463.269,40542.267333984375
72,599616052909.4229,1780936923353.6301,1986,15,599616052470.9613,40549.95959472656
72,599616052909.4229,1780936923353.632,2653,16,599616052478.6536,40557.65185546875
72,599616052909.4229,1780936923353.635,-6112,17,599616052486.346,40565.34423828125
72,599616052909.4229,1780936923353.637,6431,18,599616052494.0382,40573.03649902344
72,599616052909.4229,1780936923353.6401,-3552,19,599616052501.7306,40580.72888183594
72,599616052909.4229,1780936923353.642,-1256,20,599616052509.4229,40588.421142578125
72,599616052909.4229,1780936923353.645,5248,21,599616052517.1151,40596.11340332031
72,599616052909.4229,1780936923353.647,-6742,22,599616052524.8075,40603.80578613281
72,599616052909.4229,1780936923353.6501,4700,23,599616052532.4998,40611.498046875
72,599616052909.4229,1780936923353.652,-397,24,599616052540.1921,40619.1904296875
72,599616052909.4229,1780936923353.655,-4149,25,599616052547.8844,40626.88269042969
72,599616052909.4229,1780936923353.657,6570,26,599616052555.5767,40634.574951171875
72,599616052909.4229,1780936923353.6602,-5829,27,599616052563.269,40642.267333984375
72,599616052909.4229,1780936923353.662,1816,28,599616052570.9613,40649.95959472656
72,599616052909.4229,1780936923353.665,2741,29,599616052578.6536,40657.65185546875
72,599616052909.4229,1780936923353.668,-6122,30,599616052586.346,40665.34423828125
72,599616052909.4229,1780936923353.67,6377,31,599616052594.0382,40673.03649902344
72,599616052909.4229,1780936923353.673,-3480,32,599616052601.7306,40680.72888183594
72,599616052909.4229,1780936923353.6748,-1345,33,599616052609.4229,40688.421142578125
72,599616052909.4229,1780936923353.678,5329,34,599616052617.1151,40696.11340332031
72,599616052909.4229,1780936923353.68,-6747,35,599616052624.8075,40703.80578613281
72,599616052909.4229,1780936923353.683,4632,36,599616052632.4998,40711.498046875
72,599616052909.4229,1780936923353.686,-355,37,599616052640.1921,40719.1904296875
72,599616052909.4229,1780936923353.688,-4419,38,599616052647.8844,40726.88269042969
72,599616052909.4229,1780936923353.6912,6549,39,599616052655.5767,40734.574951171875
72,599616052909.4229,1780936923353.693,-5613,40,599616052663.269,40742.267333984375
72,599616052909.4229,1780936923353.696,1851,41,599616052670.9613,40749.95959472656
72,599616052909.4229,1780936923353.698,2855,42,599616052678.6536,40757.65185546875
72,599616052909.4229,1780936923353.7012,-6180,43,599616052686.346,40765.34423828125
72,599616052909.4229,1780936923353.7039,6419,44,599616052694.0382,40773.03649902344
72,599616052909.4229,1780936923353.7058,-3280,45,599616052701.7306,40780.72888183594
72,599616052909.4229,1780936923353.709,-1412,46,599616052709.4229,40788.421142578125
72,599616052909.4229,1780936923353.711,5394,47,599616052717.1151,40796.11340332031
72,599616052909.4229,1780936923353.7139,-6696,48,599616052724.8075,40803.80578613281
72,599616052909.4229,1780936923353.7158,4639,49,599616052732.4998,40811.498046875
72,599616052909.4229,1780936923353.719,-157,50,599616052740.1921,40819.1904296875
72,599616052909.4229,1780936923353.721,-4312,51,599616052747.8844,40826.88269042969
72,599616052909.4229,1780936923353.724,6709,52,599616052755.5767,40834.574951171875
72,599616052909.4229,1780936923353.7258,-5831,53,599616052763.269,40842.267333984375
72,599616052909.4229,1780936923353.729,2019,54,599616052770.9613,40849.95959472656
72,599616052909.4229,1780936923353.731,2711,55,599616052778.6536,40857.65185546875
72,599616052909.4229,1780936923353.7341,-8090,56,599616052786.346,40865.34423828125
72,599616052909.4229,1780936923353.7358,7144,57,599616052794.0382,40873.03649902344
72,599616052909.4229,1780936923353.739,-2374,58,599616052801.7306,40880.72888183594
72,599616052909.4229,1780936923353.742,-3292,59,599616052809.4229,40888.421142578125
72,599616052909.4229,1780936923353.7441,6456,60,599616052817.1151,40896.11340332031
72,599616052909.4229,1780936923353.7468,-6628,61,599616052824.8075,40903.80578613281
72,599616052909.4229,1780936923353.749,3478,62,599616052832.4998,40911.498046875
72,599616052909.4229,1780936923353.752,1098,63,599616052840.1921,40919.1904296875
72,599616052909.4229,1780936923353.7542,-5202,64,599616052847.8844,40926.88269042969
72,599616052909.4229,1780936923353.7568,6809,65,599616052855.5767,40934.574951171875
72,599616052909.4229,1780936923353.759,-5144,66,599616052863.269,40942.267333984375
72,599616052909.4229,1780936923353.762,411,67,599616052870.9613,40949.95959472656
72,599616052909.4229,1780936923353.7642,4442,68,599616052878.6536,40957.65185546875
72,599616052909.4229,1780936923353.7668,-6089,69,599616052886.346,40965.34423828125
72,599616052909.4229,1780936923353.769,4797,70,599616052894.0382,40973.03649902344
72,599616052909.4229,1780936923353.772,-2513,71,599616052901.7306,40980.72888183594
72,599616052909.4229,1780936923353.775,-1247,72,599616052909.4229,40988.421142578125
73,599616053471.0253,1780936923890.7412,5037,0,599616052917.1791,40996.17736816406
73,599616053471.0253,1780936923890.7559,-6535,1,599616052924.8715,41003.86975097656
73,599616053471.0253,1780936923890.759,4512,2,599616052932.5637,41011.56201171875
73,599616053471.0253,1780936923890.7622,-148,3,599616052940.256,41019.25427246094
73,599616053471.0253,1780936923890.765,-4395,4,599616052947.9484,41026.94665527344
73,599616053471.0253,1780936923890.768,6665,5,599616052955.6406,41034.638916015625
73,599616053471.0253,1780936923890.771,-5562,6,599616052963.333,41042.331298828125
73,599616053471.0253,1780936923890.774,1579,7,599616052971.0253,41050.02355957031
73,599616053471.0253,1780936923890.777,3124,8,599616052978.7175,41057.7158203125
73,599616053471.0253,1780936923890.779,-6152,9,599616052986.4099,41065.408203125
73,599616053471.0253,1780936923890.7822,6387,10,599616052994.1022,41073.10046386719
73,599616053471.0253,1780936923890.785,-3192,11,599616053001.7946,41080.79284667969
73,599616053471.0253,1780936923890.7869,-1761,12,599616053009.4868,41088.485107421875
73,599616053471.0253,1780936923890.79,5687,13,599616053017.1791,41096.17736816406
73,599616053471.0253,1780936923890.792,-6470,14,599616053024.8715,41103.86975097656
73,599616053471.0253,1780936923890.795,4507,15,599616053032.5637,41111.56201171875
73,599616053471.0253,1780936923890.798,239,16,599616053040.256,41119.25427246094
73,599616053471.0253,1780936923890.8,-4335,17,599616053047.9484,41126.94665527344
73,599616053471.0253,1780936923890.803,6812,18,599616053055.6406,41134.638916015625
73,599616053471.0253,1780936923890.806,-5343,19,599616053063.333,41142.331298828125
73,599616053471.0253,1780936923890.808,1654,20,599616053071.0253,41150.02355957031
73,599616053471.0253,1780936923890.811,3512,21,599616053078.7175,41157.7158203125
73,599616053471.0253,1780936923890.8132,-6001,22,599616053086.4099,41165.408203125
73,599616053471.0253,1780936923890.816,6440,23,599616053094.1022,41173.10046386719
73,599616053471.0253,1780936923890.818,-2806,24,599616053101.7946,41180.79284667969
73,599616053471.0253,1780936923890.821,-1507,25,599616053109.4868,41188.485107421875
73,599616053471.0253,1780936923890.823,5894,26,599616053117.1791,41196.17736816406
73,599616053471.0253,1780936923890.826,-6484,27,599616053124.8715,41203.86975097656
73,599616053471.0253,1780936923890.828,4584,28,599616053132.5637,41211.56201171875
73,599616053471.0253,1780936923890.831,648,29,599616053140.256,41219.25427246094
73,599616053471.0253,1780936923890.833,-4370,30,599616053147.9484,41226.94665527344
73,599616053471.0253,1780936923890.836,6891,31,599616053155.6406,41234.638916015625
73,599616053471.0253,1780936923890.839,-5085,32,599616053163.333,41242.331298828125
73,599616053471.0253,1780936923890.841,1598,33,599616053171.0253,41250.02355957031
73,599616053471.0253,1780936923890.843,3605,34,599616053178.7175,41257.7158203125
73,599616053471.0253,1780936923890.846,-6110,35,599616053186.4099,41265.408203125
73,599616053471.0253,1780936923890.849,6394,36,599616053194.1022,41273.10046386719
73,599616053471.0253,1780936923890.851,-2604,37,599616053201.7946,41280.79284667969
73,599616053471.0253,1780936923890.854,-1633,38,599616053209.4868,41288.485107421875
73,599616053471.0253,1780936923890.856,5968,39,599616053217.1791,41296.17736816406
73,599616053471.0253,1780936923890.859,-6377,40,599616053224.8715,41303.86975097656
73,599616053471.0253,1780936923890.861,4444,41,599616053232.5637,41311.56201171875
73,599616053471.0253,1780936923890.864,643,42,599616053240.256,41319.25427246094
73,599616053471.0253,1780936923890.866,-4440,43,599616053247.9484,41326.94665527344
73,599616053471.0253,1780936923890.869,6960,44,599616053255.6406,41334.638916015625
73,599616053471.0253,1780936923890.871,-5044,45,599616053263.333,41342.331298828125
73,599616053471.0253,1780936923890.874,1463,46,599616053271.0253,41350.02355957031
73,599616053471.0253,1780936923890.877,3759,47,599616053278.7175,41357.7158203125
73,599616053471.0253,1780936923890.879,-6071,48,599616053286.4099,41365.408203125
73,599616053471.0253,1780936923890.882,6380,49,599616053294.1022,41373.10046386719
73,599616053471.0253,1780936923890.89,-2448,50,599616053301.7946,41380.79284667969
73,599616053471.0253,1780936923890.893,-1644,51,599616053309.4868,41388.485107421875
73,599616053471.0253,1780936923890.8948,6108,52,599616053317.1791,41396.17736816406
73,599616053471.0253,1780936923890.898,-6266,53,599616053324.8715,41403.86975097656
73,599616053471.0253,1780936923890.9,4388,54,599616053332.5637,41411.56201171875
73,599616053471.0253,1780936923890.903,755,55,599616053340.256,41419.25427246094
73,599616053471.0253,1780936923890.9048,-4463,56,599616053347.9484,41426.94665527344
73,599616053471.0253,1780936923890.908,6937,57,599616053355.6406,41434.638916015625
73,599616053471.0253,1780936923890.91,-4992,58,599616053363.333,41442.331298828125
73,599616053471.0253,1780936923890.913,1410,59,599616053371.0253,41450.02355957031
73,599616053471.0253,1780936923890.935,3842,60,599616053378.7175,41457.7158203125
73,599616053471.0253,1780936923890.9421,-6089,61,599616053386.4099,41465.408203125
73,599616053471.0253,1780936923890.945,6291,62,599616053394.1022,41473.10046386719
73,599616053471.0253,1780936923890.972,-2300,63,599616053401.7946,41480.79284667969
73,599616053471.0253,1780936923890.976,-1672,64,599616053409.4868,41488.485107421875
73,599616053471.0253,1780936923890.979,5803,65,599616053417.1791,41496.17736816406
73,599616053471.0253,1780936923890.982,-6291,66,599616053424.8715,41503.86975097656
73,599616053471.0253,1780936923890.985,4546,67,599616053432.5637,41511.56201171875
73,599616053471.0253,1780936923890.9868,648,68,599616053440.256,41519.25427246094
73,599616053471.0253,1780936923890.99,-4512,69,599616053447.9484,41526.94665527344
73,599616053471.0253,1780936923890.992,7021,70,599616053455.6406,41534.638916015625
73,599616053471.0253,1780936923890.995,-5020,71,599616053463.333,41542.331298828125
73,599616053471.0253,1780936923890.9978,1459,72,599616053471.0253,41550.02355957031
74,599616054032.6226,1780936924480.294,3826,0,599616053478.7764,41557.774658203125
74,599616054032.6226,1780936924480.309,-6126,1,599616053486.4688,41565.467041015625
74,599616054032.6226,1780936924480.3171,6503,2,599616053494.161,41573.15930175781
74,599616054032.6226,1780936924480.325,-2281,3,599616053501.8533,41580.8515625
74,599616054032.6226,1780936924480.333,-1756,4,599616053509.5457,41588.5439453125
74,599616054032.6226,1780936924480.34,6001,5,599616053517.2379,41596.23620605469
74,599616054032.6226,1780936924480.3481,-6363,6,599616053524.9303,41603.92858886719
74,599616054032.6226,1780936924480.355,4451,7,599616053532.6226,41611.620849609375
74,599616054032.6226,1780936924480.3628,827,8,599616053540.3148,41619.31311035156
74,599616054032.6226,1780936924480.371,-4658,9,599616053548.0072,41627.00549316406
74,599616054032.6226,1780936924480.3792,7012,10,599616053555.6995,41634.69775390625
74,599616054032.6226,1780936924480.386,-4883,11,599616053563.3918,41642.39013671875
74,599616054032.6226,1780936924480.3928,1298,12,599616053571.0841,41650.08239746094
74,599616054032.6226,1780936924480.4011,3845,13,599616053578.7764,41657.774658203125
74,599616054032.6226,1780936924480.408,-6266,14,599616053586.4688,41665.467041015625
74,599616054032.6226,1780936924480.415,6133,15,599616053594.161,41673.15930175781
74,599616054032.6226,1780936924480.4229,-2091,16,599616053601.8533,41680.8515625
74,599616054032.6226,1780936924480.43,-1586,17,599616053609.5457,41688.5439453125
74,599616054032.6226,1780936924480.4648,5778,18,599616053617.2379,41696.23620605469
74,599616054032.6226,1780936924480.477,-6177,19,599616053624.9303,41703.92858886719
74,599616054032.6226,1780936924480.4849,4509,20,599616053632.6226,41711.620849609375
74,599616054032.6226,1780936924480.4932,657,21,599616053640.3148,41719.31311035156
74,599616054032.6226,1780936924480.501,-4400,22,599616053648.0072,41727.00549316406
74,599616054032.6226,1780936924480.508,6993,23,599616053655.6995,41734.69775390625
74,599616054032.6226,1780936924480.5168,-4979,24,599616053663.3918,41742.39013671875
74,599616054032.6226,1780936924480.528,1447,25,599616053671.0841,41750.08239746094
74,599616054032.6226,1780936924480.549,3863,26,599616053678.7764,41757.774658203125
74,599616054032.6226,1780936924480.557,-6033,27,599616053686.4688,41765.467041015625
74,599616054032.6226,1780936924480.5652,6333,28,599616053694.161,41773.15930175781
74,599616054032.6226,1780936924480.572,-2332,29,599616053701.8533,41780.8515625
74,599616054032.6226,1780936924480.5789,-1726,30,599616053709.5457,41788.5439453125
74,599616054032.6226,1780936924480.586,5940,31,599616053717.2379,41796.23620605469
74,599616054032.6226,1780936924480.594,-6380,32,599616053724.9303,41803.92858886719
74,599616054032.6226,1780936924480.601,4293,33,599616053732.6226,41811.620849609375
74,599616054032.6226,1780936924480.609,859,34,599616053740.3148,41819.31311035156
74,599616054032.6226,1780936924480.6162,-4472,35,599616053748.0072,41827.00549316406
74,599616054032.6226,1780936924480.623,6923,36,599616053755.6995,41834.69775390625
74,599616054032.6226,1780936924480.631,-4900,37,599616053763.3918,41842.39013671875
74,599616054032.6226,1780936924480.638,1340,38,599616053771.0841,41850.08239746094
74,599616054032.6226,1780936924480.646,3863,39,599616053778.7764,41857.774658203125
74,599616054032.6226,1780936924480.653,-6096,40,599616053786.4688,41865.467041015625
74,599616054032.6226,1780936924480.66,6342,41,599616053794.161,41873.15930175781
74,599616054032.6226,1780936924480.667,-2251,42,599616053801.8533,41880.8515625
74,599616054032.6226,1780936924480.674,-1854,43,599616053809.5457,41888.5439453125
74,599616054032.6226,1780936924480.681,6043,44,599616053817.2379,41896.23620605469
74,599616054032.6226,1780936924480.688,-6259,45,599616053824.9303,41903.92858886719
74,599616054032.6226,1780936924480.696,4307,46,599616053832.6226,41911.620849609375
74,599616054032.6226,1780936924480.7031,875,47,599616053840.3148,41919.31311035156
74,599616054032.6226,1780936924480.71,-4609,48,599616053848.0072,41927.00549316406
74,599616054032.6226,1780936924480.717,7088,49,599616053855.6995,41934.69775390625
74,599616054032.6226,1780936924480.725,-4795,50,599616053863.3918,41942.39013671875
74,599616054032.6226,1780936924480.732,1212,51,599616053871.0841,41950.08239746094
74,599616054032.6226,1780936924480.739,3973,52,599616053878.7764,41957.774658203125
74,599616054032.6226,1780936924480.746,-6189,53,599616053886.4688,41965.467041015625
74,599616054032.6226,1780936924480.757,6301,54,599616053894.161,41973.15930175781
74,599616054032.6226,1780936924480.7651,-2190,55,599616053901.8533,41980.8515625
74,599616054032.6226,1780936924480.772,-2005,56,599616053909.5457,41988.5439453125
74,599616054032.6226,1780936924480.779,6163,57,599616053917.2379,41996.23620605469
74,599616054032.6226,1780936924480.7998,-6310,58,599616053924.9303,42003.92858886719
74,599616054032.6226,1780936924480.808,4135,59,599616053932.6226,42011.620849609375
74,599616054032.6226,1780936924480.816,1050,60,599616053940.3148,42019.31311035156
74,599616054032.6226,1780936924480.823,-4704,61,599616053948.0072,42027.00549316406
74,599616054032.6226,1780936924480.8792,6977,62,599616053955.6995,42034.69775390625
74,599616054032.6226,1780936924480.9028,-4781,63,599616053963.3918,42042.39013671875
74,599616054032.6226,1780936924480.9111,1129,64,599616053971.0841,42050.08239746094
74,599616054032.6226,1780936924480.919,4082,65,599616053978.7764,42057.774658203125
74,599616054032.6226,1780936924480.926,-6252,66,599616053986.4688,42065.467041015625
74,599616054032.6226,1780936924480.937,6287,67,599616053994.161,42073.15930175781
74,599616054032.6226,1780936924480.945,-1972,68,599616054001.8533,42080.8515625
74,599616054032.6226,1780936924480.952,-1991,69,599616054009.5457,42088.5439453125
74,599616054032.6226,1780936924480.959,6368,70,599616054017.2379,42096.23620605469
74,599616054032.6226,1780936924480.967,-6184,71,599616054024.9303,42103.92858886719
74,599616054032.6226,1780936924480.9749,4028,72,599616054032.6226,42111.620849609375
75,599616054594.2301,1780936925106.446,1273,0,599616054040.3839,42119.38220214844
75,599616054594.2301,1780936925106.4739,-4637,1,599616054048.0763,42127.07458496094
75,599616054594.2301,1780936925106.477,6884,2,599616054055.7686,42134.766845703125
75,599616054594.2301,1780936925106.481,-4574,3,599616054063.4608,42142.45910644531
75,599616054594.2301,1780936925106.484,1254,4,599616054071.1532,42150.15148925781
75,599616054594.2301,1780936925106.486,4163,5,599616054078.8455,42157.84375
75,599616054594.2301,1780936925106.489,-6201,6,599616054086.5378,42165.5361328125
75,599616054594.2301,1780936925106.492,6189,7,599616054094.2301,42173.22839355469
75,599616054594.2301,1780936925106.497,-1916,8,599616054101.9224,42180.920654296875
75,599616054594.2301,1780936925106.499,-2105,9,599616054109.6147,42188.613037109375
75,599616054594.2301,1780936925106.502,6163,10,599616054117.307,42196.30529785156
75,599616054594.2301,1780936925106.504,-6212,11,599616054124.9994,42203.99768066406
75,599616054594.2301,1780936925106.507,3870,12,599616054132.6917,42211.68994140625
75,599616054594.2301,1780936925106.51,1170,13,599616054140.3839,42219.38220214844
75,599616054594.2301,1780936925106.512,-4642,14,599616054148.0763,42227.07458496094
75,599616054594.2301,1780936925106.515,6977,15,599616054155.7686,42234.766845703125
75,599616054594.2301,1780936925106.517,-4697,16,599616054163.4608,42242.45910644531
75,599616054594.2301,1780936925106.52,959,17,599616054171.1532,42250.15148925781
75,599616054594.2301,1780936925106.522,4251,18,599616054178.8455,42257.84375
75,599616054594.2301,1780936925106.525,-6328,19,599616054186.5378,42265.5361328125
75,599616054594.2301,1780936925106.527,6112,20,599616054194.2301,42273.22839355469
75,599616054594.2301,1780936925106.53,-1826,21,599616054201.9224,42280.920654296875
75,599616054594.2301,1780936925106.532,-2355,22,599616054209.6147,42288.613037109375
75,599616054594.2301,1780936925106.535,6400,23,599616054217.307,42296.30529785156
75,599616054594.2301,1780936925106.548,-6043,24,599616054224.9994,42303.99768066406
75,599616054594.2301,1780936925106.55,3729,25,599616054232.6917,42311.68994140625
75,599616054594.2301,1780936925106.553,1315,26,599616054240.3839,42319.38220214844
75,599616054594.2301,1780936925106.555,-4907,27,599616054248.0763,42327.07458496094
75,599616054594.2301,1780936925106.558,6886,28,599616054255.7686,42334.766845703125
75,599616054594.2301,1780936925106.56,-4614,29,599616054263.4608,42342.45910644531
75,599616054594.2301,1780936925106.563,615,30,599616054271.1532,42350.15148925781
75,599616054594.2301,1780936925106.568,4300,31,599616054278.8455,42357.84375
75,599616054594.2301,1780936925106.571,-6317,32,599616054286.5378,42365.5361328125
75,599616054594.2301,1780936925106.573,5927,33,599616054294.2301,42373.22839355469
75,599616054594.2301,1780936925106.576,-1782,34,599616054301.9224,42380.920654296875
75,599616054594.2301,1780936925106.5781,-2555,35,599616054309.6147,42388.613037109375
75,599616054594.2301,1780936925106.581,6217,36,599616054317.307,42396.30529785156
75,599616054594.2301,1780936925106.585,-6145,37,599616054324.9994,42403.99768066406
75,599616054594.2301,1780936925106.587,3626,38,599616054332.6917,42411.68994140625
75,599616054594.2301,1780936925106.59,1410,39,599616054340.3839,42419.38220214844
75,599616054594.2301,1780936925106.592,-5027,40,599616054348.0763,42427.07458496094
75,599616054594.2301,1780936925106.595,6779,41,599616054355.7686,42434.766845703125
75,599616054594.2301,1780936925106.597,-4498,42,599616054363.4608,42442.45910644531
75,599616054594.2301,1780936925106.6,564,43,599616054371.1532,42450.15148925781
75,599616054594.2301,1780936925106.602,4270,44,599616054378.8455,42457.84375
75,599616054594.2301,1780936925106.605,-6331,45,599616054386.5378,42465.5361328125
75,599616054594.2301,1780936925106.607,5861,46,599616054394.2301,42473.22839355469
75,599616054594.2301,1780936925106.61,-1672,47,599616054401.9224,42480.920654296875
75,599616054594.2301,1780936925106.612,-2520,48,599616054409.6147,42488.613037109375
75,599616054594.2301,1780936925106.615,6224,49,599616054417.307,42496.30529785156
75,599616054594.2301,1780936925106.617,-5987,50,599616054424.9994,42503.99768066406
75,599616054594.2301,1780936925106.62,3587,51,599616054432.6917,42511.68994140625
75,599616054594.2301,1780936925106.623,1287,52,599616054440.3839,42519.38220214844
75,599616054594.2301,1780936925106.625,-5004,53,599616054448.0763,42527.07458496094
75,599616054594.2301,1780936925106.628,6805,54,599616054455.7686,42534.766845703125
75,599616054594.2301,1780936925106.6301,-4419,55,599616054463.4608,42542.45910644531
75,599616054594.2301,1780936925106.633,634,56,599616054471.1532,42550.15148925781
75,599616054594.2301,1780936925106.635,4293,57,599616054478.8455,42557.84375
75,599616054594.2301,1780936925106.638,-6273,58,599616054486.5378,42565.5361328125
75,599616054594.2301,1780936925106.6401,5892,59,599616054494.2301,42573.22839355469
75,599616054594.2301,1780936925106.643,-1677,60,599616054501.9224,42580.920654296875
75,599616054594.2301,1780936925106.645,-2502,61,599616054509.6147,42588.613037109375
75,599616054594.2301,1780936925106.648,6308,62,599616054517.307,42596.30529785156
75,599616054594.2301,1780936925106.6501,-6012,63,599616054524.9994,42603.99768066406
75,599616054594.2301,1780936925106.653,3601,64,599616054532.6917,42611.68994140625
75,599616054594.2301,1780936925106.6548,1496,65,599616054540.3839,42619.38220214844
75,599616054594.2301,1780936925106.658,-4988,66,599616054548.0763,42627.07458496094
75,599616054594.2301,1780936925106.66,6805,67,599616054555.7686,42634.766845703125
75,599616054594.2301,1780936925106.663,-4421,68,599616054563.4608,42642.45910644531
75,599616054594.2301,1780936925106.666,515,69,599616054571.1532,42650.15148925781
75,599616054594.2301,1780936925106.669,4430,70,599616054578.8455,42657.84375
75,599616054594.2301,1780936925106.6711,-6333,71,599616054586.5378,42665.5361328125
75,599616054594.2301,1780936925106.674,5678,72,599616054594.2301,42673.22839355469
76,599616055155.8477,1780936925557.1,-1672,0,599616054602.0015,42680.999755859375
76,599616055155.8477,1780936925557.11,-2537,1,599616054609.6938,42688.692138671875
76,599616055155.8477,1780936925557.113,6405,2,599616054617.3861,42696.38439941406
76,599616055155.8477,1780936925557.116,-6210,3,599616054625.0784,42704.07666015625
76,599616055155.8477,1780936925557.118,3447,4,599616054632.7708,42711.76904296875
76,599616055155.8477,1780936925557.121,1772,5,599616054640.463,42719.46130371094
76,599616055155.8477,1780936925557.1238,-5216,6,599616054648.1554,42727.15368652344
76,599616055155.8477,1780936925557.126,6791,7,599616054655.8477,42734.845947265625
76,599616055155.8477,1780936925557.129,-4277,8,599616054663.5399,42742.53820800781
76,599616055155.8477,1780936925557.131,248,9,599616054671.2323,42750.23059082031
76,599616055155.8477,1780936925557.134,4553,10,599616054678.9246,42757.9228515625
76,599616055155.8477,1780936925557.137,-6389,11,599616054686.617,42765.615234375
76,599616055155.8477,1780936925557.139,5692,12,599616054694.3092,42773.30749511719
76,599616055155.8477,1780936925557.143,-1433,13,599616054702.0015,42780.999755859375
76,599616055155.8477,1780936925557.146,-2918,14,599616054709.6938,42788.692138671875
76,599616055155.8477,1780936925557.148,6380,15,599616054717.3861,42796.38439941406
76,599616055155.8477,1780936925557.1511,-6029,16,599616054725.0784,42804.07666015625
76,599616055155.8477,1780936925557.154,3241,17,599616054732.7708,42811.76904296875
76,599616055155.8477,1780936925557.156,1812,18,599616054740.463,42819.46130371094
76,599616055155.8477,1780936925557.159,-5250,19,599616054748.1554,42827.15368652344
76,599616055155.8477,1780936925557.1611,6861,20,599616054755.8477,42834.845947265625
76,599616055155.8477,1780936925557.164,-4042,21,599616054763.5399,42842.53820800781
76,599616055155.8477,1780936925557.166,132,22,599616054771.2323,42850.23059082031
76,599616055155.8477,1780936925557.169,4537,23,599616054778.9246,42857.9228515625
76,599616055155.8477,1780936925557.172,-6403,24,599616054786.617,42865.615234375
76,599616055155.8477,1780936925557.174,5683,25,599616054794.3092,42873.30749511719
76,599616055155.8477,1780936925557.177,-1303,26,599616054802.0015,42880.999755859375
76,599616055155.8477,1780936925557.18,-2999,27,599616054809.6938,42888.692138671875
76,599616055155.8477,1780936925557.1821,6463,28,599616054817.3861,42896.38439941406
76,599616055155.8477,1780936925557.1848,-6019,29,599616054825.0784,42904.07666015625
76,599616055155.8477,1780936925557.187,3166,30,599616054832.7708,42911.76904296875
76,599616055155.8477,1780936925557.19,2028,31,599616054840.463,42919.46130371094
76,599616055155.8477,1780936925557.1921,-5355,32,599616054848.1554,42927.15368652344
76,599616055155.8477,1780936925557.195,6772,33,599616054855.8477,42934.845947265625
76,599616055155.8477,1780936925557.197,-4026,34,599616054863.5399,42942.53820800781
76,599616055155.8477,1780936925557.2,-46,35,599616054871.2323,42950.23059082031
76,599616055155.8477,1780936925557.2031,4677,36,599616054878.9246,42957.9228515625
76,599616055155.8477,1780936925557.205,-6407,37,599616054886.617,42965.615234375
76,599616055155.8477,1780936925557.208,5497,38,599616054894.3092,42973.30749511719
76,599616055155.8477,1780936925557.21,-1240,39,599616054902.0015,42980.999755859375
76,599616055155.8477,1780936925557.2131,-3071,40,599616054909.6938,42988.692138671875
76,599616055155.8477,1780936925557.215,6461,41,599616054917.3861,42996.38439941406
76,599616055155.8477,1780936925557.218,-6036,42,599616054925.0784,43004.07666015625
76,599616055155.8477,1780936925557.22,3041,43,599616054932.7708,43011.76904296875
76,599616055155.8477,1780936925557.2231,2153,44,599616054940.463,43019.46130371094
76,599616055155.8477,1780936925557.2258,-5415,45,599616054948.1554,43027.15368652344
76,599616055155.8477,1780936925557.228,6640,46,599616054955.8477,43034.845947265625
76,599616055155.8477,1780936925557.231,-3977,47,599616054963.5399,43042.53820800781
76,599616055155.8477,1780936925557.2332,-76,48,599616054971.2323,43050.23059082031
76,599616055155.8477,1780936925557.2358,4742,49,599616054978.9246,43057.9228515625
76,599616055155.8477,1780936925557.238,-6440,50,599616054986.617,43065.615234375
76,599616055155.8477,1780936925557.241,5478,51,599616054994.3092,43073.30749511719
76,599616055155.8477,1780936925557.2432,-1117,52,599616055002.0015,43080.999755859375
76,599616055155.8477,1780936925557.2458,-3164,53,599616055009.6938,43088.692138671875
76,599616055155.8477,1780936925557.249,6517,54,599616055017.3861,43096.38439941406
76,599616055155.8477,1780936925557.251,-5989,55,599616055025.0784,43104.07666015625
76,599616055155.8477,1780936925557.2542,2906,56,599616055032.7708,43111.76904296875
76,599616055155.8477,1780936925557.256,2179,57,599616055040.463,43119.46130371094
76,599616055155.8477,1780936925557.259,-5508,58,599616055048.1554,43127.15368652344
76,599616055155.8477,1780936925557.261,6693,59,599616055055.8477,43134.845947265625
76,599616055155.8477,1780936925557.2642,-3824,60,599616055063.5399,43142.53820800781
76,599616055155.8477,1780936925557.266,-216,61,599616055071.2323,43150.23059082031
76,599616055155.8477,1780936925557.269,4716,62,599616055078.9246,43157.9228515625
76,599616055155.8477,1780936925557.271,-6568,63,599616055086.617,43165.615234375
76,599616055155.8477,1780936925557.2742,5401,64,599616055094.3092,43173.30749511719
76,599616055155.8477,1780936925557.2769,-906,65,599616055102.0015,43180.999755859375
76,599616055155.8477,1780936925557.279,-3257,66,599616055109.6938,43188.692138671875
76,599616055155.8477,1780936925557.282,6521,67,599616055117.3861,43196.38439941406
76,599616055155.8477,1780936925557.2842,-5875,68,599616055125.0784,43204.07666015625
76,599616055155.8477,1780936925557.2869,2778,69,599616055132.7708,43211.76904296875
76,599616055155.8477,1780936925557.29,2228,70,599616055140.463,43219.46130371094
76,599616055155.8477,1780936925557.292,-5499,71,599616055148.1554,43227.15368652344
76,599616055155.8477,1780936925557.2952,6682,72,599616055155.8477,43234.845947265625
77,599616055717.4451,1780936926095.8901,-3947,0,599616055163.5989,43242.59716796875
77,599616055717.4451,1780936926095.898,-350,1,599616055171.2913,43250.28955078125
77,599616055717.4451,1780936926095.9011,5099,2,599616055178.9835,43257.98181152344
77,599616055717.4451,1780936926095.904,-6568,3,599616055186.6758,43265.674072265625
77,599616055717.4451,1780936926095.907,5218,4,599616055194.3682,43273.366455078125
77,599616055717.4451,1780936926095.9102,-773,5,599616055202.0604,43281.05871582031
77,599616055717.4451,1780936926095.9119,-3559,6,599616055209.7528,43288.75109863281
77,599616055717.4451,1780936926095.915,6421,7,599616055217.4451,43296.443359375
77,599616055717.4451,1780936926095.918,-5731,8,599616055225.1373,43304.13562011719
77,599616055717.4451,1780936926095.9211,2748,9,599616055232.8297,43311.82800292969
77,599616055717.4451,1780936926095.9229,2269,10,599616055240.522,43319.520263671875
77,599616055717.4451,1780936926095.927,-5738,11,599616055248.2144,43327.212646484375
77,599616055717.4451,1780936926095.935,6654,12,599616055255.9066,43334.90490722656
77,599616055717.4451,1780936926095.937,-3801,13,599616055263.5989,43342.59716796875
77,599616055717.4451,1780936926095.9402,-571,14,599616055271.2913,43350.28955078125
77,599616055717.4451,1780936926095.9429,5169,15,599616055278.9835,43357.98181152344
77,599616055717.4451,1780936926095.9448,-6531,16,599616055286.6758,43365.674072265625
77,599616055717.4451,1780936926095.948,5060,17,599616055294.3682,43373.366455078125
77,599616055717.4451,1780936926095.95,-620,18,599616055302.0604,43381.05871582031
77,599616055717.4451,1780936926095.953,-3385,19,599616055309.7528,43388.75109863281
77,599616055717.4451,1780936926095.9548,6605,20,599616055317.4451,43396.443359375
77,599616055717.4451,1780936926095.958,-5845,21,599616055325.1373,43404.13562011719
77,599616055717.4451,1780936926095.9612,2555,22,599616055332.8297,43411.82800292969
77,599616055717.4451,1780936926095.963,2562,23,599616055340.522,43419.520263671875
77,599616055717.4451,1780936926095.966,-5678,24,599616055348.2144,43427.212646484375
77,599616055717.4451,1780936926095.968,6712,25,599616055355.9066,43434.90490722656
77,599616055717.4451,1780936926095.9712,-3587,26,599616055363.5989,43442.59716796875
77,599616055717.4451,1780936926095.973,-703,27,599616055371.2913,43450.28955078125
77,599616055717.4451,1780936926095.976,5206,28,599616055378.9835,43457.98181152344
77,599616055717.4451,1780936926095.979,-6491,29,599616055386.6758,43465.674072265625
77,599616055717.4451,1780936926095.981,5071,30,599616055394.3682,43473.366455078125
77,599616055717.4451,1780936926095.984,-508,31,599616055402.0604,43481.05871582031
77,599616055717.4451,1780936926095.9858,-3608,32,599616055409.7528,43488.75109863281
77,599616055717.4451,1780936926095.989,6621,33,599616055417.4451,43496.443359375
77,599616055717.4451,1780936926095.991,-5717,34,599616055425.1373,43504.13562011719
77,599616055717.4451,1780936926095.994,2458,35,599616055432.8297,43511.82800292969
77,599616055717.4451,1780936926095.9958,2674,36,599616055440.522,43519.520263671875
77,599616055717.4451,1780936926095.999,-5773,37,599616055448.2144,43527.212646484375
77,599616055717.4451,1780936926096.0022,6593,38,599616055455.9066,43534.90490722656
77,599616055717.4451,1780936926096.004,-3533,39,599616055463.5989,43542.59716796875
77,599616055717.4451,1780936926096.007,-822,40,599616055471.2913,43550.28955078125
77,599616055717.4451,1780936926096.009,5295,41,599616055478.9835,43557.98181152344
77,599616055717.4451,1780936926096.0122,-6452,42,599616055486.6758,43565.674072265625
77,599616055717.4451,1780936926096.014,4997,43,599616055494.3682,43573.366455078125
77,599616055717.4451,1780936926096.0168,-425,44,599616055502.0604,43581.05871582031
77,599616055717.4451,1780936926096.019,-3761,45,599616055509.7528,43588.75109863281
77,599616055717.4451,1780936926096.022,6603,46,599616055517.4451,43596.443359375
77,599616055717.4451,1780936926096.024,-5573,47,599616055525.1373,43604.13562011719
77,599616055717.4451,1780936926096.0269,2346,48,599616055532.8297,43611.82800292969
77,599616055717.4451,1780936926096.029,2646,49,599616055540.522,43619.520263671875
77,599616055717.4451,1780936926096.032,-5766,50,599616055548.2144,43627.212646484375
77,599616055717.4451,1780936926096.034,6570,51,599616055555.9066,43634.90490722656
77,599616055717.4451,1780936926096.0369,-3445,52,599616055563.5989,43642.59716796875
77,599616055717.4451,1780936926096.04,-827,53,599616055571.2913,43650.28955078125
77,599616055717.4451,1780936926096.042,5239,54,599616055578.9835,43657.98181152344
77,599616055717.4451,1780936926096.045,-6484,55,599616055586.6758,43665.674072265625
77,599616055717.4451,1780936926096.0469,5002,56,599616055594.3682,43673.366455078125
77,599616055717.4451,1780936926096.05,-329,57,599616055602.0604,43681.05871582031
77,599616055717.4451,1780936926096.052,-3743,58,599616055609.7528,43688.75109863281
77,599616055717.4451,1780936926096.055,6561,59,599616055617.4451,43696.443359375
77,599616055717.4451,1780936926096.057,-5627,60,599616055625.1373,43704.13562011719
77,599616055717.4451,1780936926096.06,2339,61,599616055632.8297,43711.82800292969
77,599616055717.4451,1780936926096.063,2716,62,599616055640.522,43719.520263671875
77,599616055717.4451,1780936926096.065,-5873,63,599616055648.2144,43727.212646484375
77,599616055717.4451,1780936926096.0679,6619,64,599616055655.9066,43734.90490722656
77,599616055717.4451,1780936926096.07,-3408,65,599616055663.5989,43742.59716796875
77,599616055717.4451,1780936926096.073,-1115,66,599616055671.2913,43750.28955078125
77,599616055717.4451,1780936926096.075,5278,67,599616055678.9835,43757.98181152344
77,599616055717.4451,1780936926096.078,-6493,68,599616055686.6758,43765.674072265625
77,599616055717.4451,1780936926096.08,4837,69,599616055694.3682,43773.366455078125
77,599616055717.4451,1780936926096.083,-295,70,599616055702.0604,43781.05871582031
77,599616055717.4451,1780936926096.085,-3910,71,599616055709.7528,43788.75109863281
77,599616055717.4451,1780936926096.088,6552,72,599616055717.4451,43796.443359375
78,599616056279.0424,1780936926727.303,-5650,0,599616055725.1962,43804.19445800781
78,599616056279.0424,1780936926727.335,2114,1,599616055732.8885,43811.88684082031
78,599616056279.0424,1780936926727.349,2802,2,599616055740.5808,43819.5791015625
78,599616056279.0424,1780936926727.363,-5999,3,599616055748.2731,43827.27136230469
78,599616056279.0424,1780936926727.376,6312,4,599616055755.9655,43834.96374511719
78,599616056279.0424,1780936926727.3892,-3422,5,599616055763.6577,43842.656005859375
78,599616056279.0424,1780936926727.4028,-1147,6,599616055771.3501,43850.348388671875
78,599616056279.0424,1780936926727.416,5204,7,599616055779.0424,43858.04064941406
78,599616056279.0424,1780936926727.429,-6677,8,599616055786.7346,43865.73291015625
78,599616056279.0424,1780936926727.4421,4642,9,599616055794.427,43873.42529296875
78,599616056279.0424,1780936926727.4548,-302,10,599616055802.1193,43881.11755371094
78,599616056279.0424,1780936926727.468,-4033,11,599616055809.8116,43888.80993652344
78,599616056279.0424,1780936926727.48,6454,12,599616055817.5039,43896.502197265625
78,599616056279.0424,1780936926727.4932,-5692,13,599616055825.1962,43904.19445800781
78,599616056279.0424,1780936926727.5059,1998,14,599616055832.8885,43911.88684082031
78,599616056279.0424,1780936926727.518,2867,15,599616055840.5808,43919.5791015625
78,599616056279.0424,1780936926727.531,-5945,16,599616055848.2731,43927.27136230469
78,599616056279.0424,1780936926727.5432,6361,17,599616055855.9655,43934.96374511719
78,599616056279.0424,1780936926727.556,-3440,18,599616055863.6577,43942.656005859375
78,599616056279.0424,1780936926727.569,-1243,19,599616055871.3501,43950.348388671875
78,599616056279.0424,1780936926727.582,5480,20,599616055879.0424,43958.04064941406
78,599616056279.0424,1780936926727.595,-6493,21,599616055886.7346,43965.73291015625
78,599616056279.0424,1780936926727.607,4839,22,599616055894.427,43973.42529296875
78,599616056279.0424,1780936926727.6199,-123,23,599616055902.1193,43981.11755371094
78,599616056279.0424,1780936926727.632,-4344,24,599616055909.8116,43988.80993652344
78,599616056279.0424,1780936926727.645,6686,25,599616055917.5039,43996.502197265625
78,599616056279.0424,1780936926727.657,-5543,26,599616055925.1962,44004.19445800781
78,599616056279.0424,1780936926727.67,1672,27,599616055932.8885,44011.88684082031
78,599616056279.0424,1780936926727.6821,3062,28,599616055940.5808,44019.5791015625
78,599616056279.0424,1780936926727.695,-6089,29,599616055948.2731,44027.27136230469
78,599616056279.0424,1780936926727.707,6312,30,599616055955.9655,44034.96374511719
78,599616056279.0424,1780936926727.72,-3143,31,599616055963.6577,44042.656005859375
78,599616056279.0424,1780936926727.732,-1480,32,599616055971.3501,44050.348388671875
78,599616056279.0424,1780936926727.745,5478,33,599616055979.0424,44058.04064941406
78,599616056279.0424,1780936926727.7578,-6600,34,599616055986.7346,44065.73291015625
78,599616056279.0424,1780936926727.77,4528,35,599616055994.427,44073.42529296875
78,599616056279.0424,1780936926727.783,62,36,599616056002.1193,44081.11755371094
78,599616056279.0424,1780936926727.795,-4342,37,599616056009.8116,44088.80993652344
78,599616056279.0424,1780936926727.808,6705,38,599616056017.5039,44096.502197265625
78,599616056279.0424,1780936926727.821,-5348,39,599616056025.1962,44104.19445800781
78,599616056279.0424,1780936926727.833,1642,40,599616056032.8885,44111.88684082031
78,599616056279.0424,1780936926727.846,3141,41,599616056040.5808,44119.5791015625
78,599616056279.0424,1780936926727.8582,-6068,42,599616056048.2731,44127.27136230469
78,599616056279.0424,1780936926727.8708,6363,43,599616056055.9655,44134.96374511719
78,599616056279.0424,1780936926727.883,-3004,44,599616056063.6577,44142.656005859375
78,599616056279.0424,1780936926727.896,-1538,45,599616056071.3501,44150.348388671875
78,599616056279.0424,1780936926727.908,5613,46,599616056079.0424,44158.04064941406
78,599616056279.0424,1780936926727.921,-6517,47,599616056086.7346,44165.73291015625
78,599616056279.0424,1780936926727.9329,4498,48,599616056094.427,44173.42529296875
78,599616056279.0424,1780936926727.946,195,49,599616056102.1193,44181.11755371094
78,599616056279.0424,1780936926727.959,-4430,50,599616056109.8116,44188.80993652344
78,599616056279.0424,1780936926727.972,6691,51,599616056117.5039,44196.502197265625
78,599616056279.0424,1780936926728.019,-5276,52,599616056125.1962,44204.19445800781
78,599616056279.0424,1780936926728.033,1612,53,599616056132.8885,44211.88684082031
78,599616056279.0424,1780936926728.046,3296,54,599616056140.5808,44219.5791015625
78,599616056279.0424,1780936926728.098,-6133,55,599616056148.2731,44227.27136230469
78,599616056279.0424,1780936926728.138,6291,56,599616056155.9655,44234.96374511719
78,599616056279.0424,1780936926728.153,-2853,57,599616056163.6577,44242.656005859375
78,599616056279.0424,1780936926728.167,-1554,58,599616056171.3501,44250.348388671875
78,599616056279.0424,1780936926728.18,5701,59,599616056179.0424,44258.04064941406
78,599616056279.0424,1780936926728.193,-6489,60,599616056186.7346,44265.73291015625
78,599616056279.0424,1780936926728.328,4458,61,599616056194.427,44273.42529296875
78,599616056279.0424,1780936926728.345,362,62,599616056202.1193,44281.11755371094
78,599616056279.0424,1780936926728.358,-4405,63,599616056209.8116,44288.80993652344
78,599616056279.0424,1780936926728.3772,6777,64,599616056217.5039,44296.502197265625
78,599616056279.0424,1780936926728.3918,-5218,65,599616056225.1962,44304.19445800781
78,599616056279.0424,1780936926728.639,1547,66,599616056232.8885,44311.88684082031
78,599616056279.0424,1780936926728.668,3485,67,599616056240.5808,44319.5791015625
78,599616056279.0424,1780936926728.6812,-6124,68,599616056248.2731,44327.27136230469
78,599616056279.0424,1780936926728.6938,6240,69,599616056255.9655,44334.96374511719
78,599616056279.0424,1780936926728.707,-2739,70,599616056263.6577,44342.656005859375
78,599616056279.0424,1780936926728.72,-1635,71,599616056271.3501,44350.348388671875
78,599616056279.0424,1780936926728.7341,5743,72,599616056279.0424,44358.04064941406
79,599616056840.66,1780936927266.1099,-6461,0,599616056286.8138,44365.81213378906
79,599616056840.66,1780936927266.133,4419,1,599616056294.5062,44373.50451660156
79,599616056840.66,1780936927266.1409,485,2,599616056302.1985,44381.19677734375
79,599616056840.66,1780936927266.15,-4481,3,599616056309.8907,44388.88903808594
79,599616056840.66,1780936927266.1582,6795,4,599616056317.5831,44396.58142089844
79,599616056840.66,1780936927266.165,-5164,5,599616056325.2754,44404.273681640625
79,599616056840.66,1780936927266.1719,1398,6,599616056332.9678,44411.966064453125
79,599616056840.66,1780936927266.18,3550,7,599616056340.66,44419.65832519531
79,599616056840.66,1780936927266.188,-6129,8,599616056348.3523,44427.3505859375
79,599616056840.66,1780936927266.195,6229,9,599616056356.0447,44435.04296875
79,599616056840.66,1780936927266.203,-2657,10,599616056363.7369,44442.73522949219
79,599616056840.66,1780936927266.21,-1758,11,599616056371.4293,44450.42761230469
79,599616056840.66,1780936927266.217,5850,12,599616056379.1216,44458.119873046875
79,599616056840.66,1780936927266.225,-6417,13,599616056386.8138,44465.81213378906
79,599616056840.66,1780936927266.232,4212,14,599616056394.5062,44473.50451660156
79,599616056840.66,1780936927266.239,513,15,599616056402.1985,44481.19677734375
79,599616056840.66,1780936927266.246,-4505,16,599616056409.8907,44488.88903808594
79,599616056840.66,1780936927266.254,6826,17,599616056417.5831,44496.58142089844
79,599616056840.66,1780936927266.261,-5097,18,599616056425.2754,44504.273681640625
79,599616056840.66,1780936927266.268,1287,19,599616056432.9678,44511.966064453125
79,599616056840.66,1780936927266.281,3591,20,599616056440.66,44519.65832519531
79,599616056840.66,1780936927266.289,-6184,21,599616056448.3523,44527.3505859375
79,599616056840.66,1780936927266.296,6208,22,599616056456.0447,44535.04296875
79,599616056840.66,1780936927266.304,-2539,23,599616056463.7369,44542.73522949219
79,599616056840.66,1780936927266.311,-1856,24,599616056471.4293,44550.42761230469
79,599616056840.66,1780936927266.319,5857,25,599616056479.1216,44558.119873046875
79,599616056840.66,1780936927266.326,-6412,26,599616056486.8138,44565.81213378906
79,599616056840.66,1780936927266.333,4212,27,599616056494.5062,44573.50451660156
79,599616056840.66,1780936927266.34,650,28,599616056502.1985,44581.19677734375
79,599616056840.66,1780936927266.347,-4623,29,599616056509.8907,44588.88903808594
79,599616056840.66,1780936927266.354,6800,30,599616056517.5831,44596.58142089844
79,599616056840.66,1780936927266.362,-5069,31,599616056525.2754,44604.273681640625
79,599616056840.66,1780936927266.3691,1189,32,599616056532.9678,44611.966064453125
79,599616056840.66,1780936927266.376,3715,33,599616056540.66,44619.65832519531
79,599616056840.66,1780936927266.3828,-6233,34,599616056548.3523,44627.3505859375
79,599616056840.66,1780936927266.3901,6168,35,599616056556.0447,44635.04296875
79,599616056840.66,1780936927266.397,-2400,36,599616056563.7369,44642.73522949219
79,599616056840.66,1780936927266.4038,-1963,37,599616056571.4293,44650.42761230469
79,599616056840.66,1780936927266.4111,5882,38,599616056579.1216,44658.119873046875
79,599616056840.66,1780936927266.418,-6387,39,599616056586.8138,44665.81213378906
79,599616056840.66,1780936927266.4248,4147,40,599616056594.5062,44673.50451660156
79,599616056840.66,1780936927266.433,727,41,599616056602.1985,44681.19677734375
79,599616056840.66,1780936927266.44,-4779,42,599616056609.8907,44688.88903808594
79,599616056840.66,1780936927266.447,6756,43,599616056617.5831,44696.58142089844
79,599616056840.66,1780936927266.454,-4960,44,599616056625.2754,44704.273681640625
79,599616056840.66,1780936927266.461,1105,45,599616056632.9678,44711.966064453125
79,599616056840.66,1780936927266.468,3773,46,599616056640.66,44719.65832519531
79,599616056840.66,1780936927266.4749,-6296,47,599616056648.3523,44727.3505859375
79,599616056840.66,1780936927266.4822,6064,48,599616056656.0447,44735.04296875
79,599616056840.66,1780936927266.49,-2341,49,599616056663.7369,44742.73522949219
79,599616056840.66,1780936927266.4968,-2070,50,599616056671.4293,44750.42761230469
79,599616056840.66,1780936927266.5042,5906,51,599616056679.1216,44758.119873046875
79,599616056840.66,1780936927266.511,-6391,52,599616056686.8138,44765.81213378906
79,599616056840.66,1780936927266.518,4028,53,599616056694.5062,44773.50451660156
79,599616056840.66,1780936927266.5251,817,54,599616056702.1985,44781.19677734375
79,599616056840.66,1780936927266.532,-4797,55,599616056709.8907,44788.88903808594
79,599616056840.66,1780936927266.539,6768,56,599616056717.5831,44796.58142089844
79,599616056840.66,1780936927266.546,-4951,57,599616056725.2754,44804.273681640625
79,599616056840.66,1780936927266.553,1001,58,599616056732.9678,44811.966064453125
79,599616056840.66,1780936927266.56,3875,59,599616056740.66,44819.65832519531
79,599616056840.66,1780936927266.567,-6312,60,599616056748.3523,44827.3505859375
79,599616056840.66,1780936927266.574,6054,61,599616056756.0447,44835.04296875
79,599616056840.66,1780936927266.581,-2258,62,599616056763.7369,44842.73522949219
79,599616056840.66,1780936927266.5889,-2188,63,599616056771.4293,44850.42761230469
79,599616056840.66,1780936927266.5962,6010,64,599616056779.1216,44858.119873046875
79,599616056840.66,1780936927266.603,-6315,65,599616056786.8138,44865.81213378906
79,599616056840.66,1780936927266.6099,3942,66,599616056794.5062,44873.50451660156
79,599616056840.66,1780936927266.617,920,67,599616056802.1985,44881.19677734375
79,599616056840.66,1780936927266.624,-4841,68,599616056809.8907,44888.88903808594
79,599616056840.66,1780936927266.6309,6788,69,599616056817.5831,44896.58142089844
79,599616056840.66,1780936927266.638,-4893,70,599616056825.2754,44904.273681640625
79,599616056840.66,1780936927266.645,873,71,599616056832.9678,44911.966064453125
79,599616056840.66,1780936927266.653,3947,72,599616056840.66,44919.65832519531
80,599616057402.2828,1780936927806.16,-6347,0,599616056848.4366,44927.43493652344
80,599616057402.2828,1780936927806.194,6019,1,599616056856.129,44935.12731933594
80,599616057402.2828,1780936927806.209,-2153,2,599616056863.8213,44942.819580078125
80,599616057402.2828,1780936927806.222,-2316,3,599616056871.5135,44950.51184082031
80,599616057402.2828,1780936927806.236,6047,4,599616056879.2059,44958.20422363281
80,599616057402.2828,1780936927806.249,-6289,5,599616056886.8982,44965.896484375
80,599616057402.2828,1780936927806.262,3835,6,599616056894.5906,44973.5888671875
80,599616057402.2828,1780936927806.287,1010,7,599616056902.2828,44981.28112792969
80,599616057402.2828,1780936927806.2998,-4914,8,599616056909.9751,44988.973388671875
80,599616057402.2828,1780936927806.313,6793,9,599616056917.6675,44996.665771484375
80,599616057402.2828,1780936927806.326,-4797,10,599616056925.3597,45004.35803222656
80,599616057402.2828,1780936927806.339,780,11,599616056933.0521,45012.05041503906
80,599616057402.2828,1780936927806.3518,4017,12,599616056940.7444,45019.74267578125
80,599616057402.2828,1780936927806.365,-6377,13,599616056948.4366,45027.43493652344
80,599616057402.2828,1780936927806.378,5989,14,599616056956.129,45035.12731933594
80,599616057402.2828,1780936927806.391,-2014,15,599616056963.8213,45042.819580078125
80,599616057402.2828,1780936927806.4028,-2409,16,599616056971.5135,45050.51184082031
80,599616057402.2828,1780936927806.416,6045,17,599616056979.2059,45058.20422363281
80,599616057402.2828,1780936927806.429,-6301,18,599616056986.8982,45065.896484375
80,599616057402.2828,1780936927806.4412,3738,19,599616056994.5906,45073.5888671875
80,599616057402.2828,1780936927806.4539,1098,20,599616057002.2828,45081.28112792969
80,599616057402.2828,1780936927806.467,-4981,21,599616057009.9751,45088.973388671875
80,599616057402.2828,1780936927806.479,6802,22,599616057017.6675,45096.665771484375
80,599616057402.2828,1780936927806.4922,-4737,23,599616057025.3597,45104.35803222656
80,599616057402.2828,1780936927806.504,669,24,599616057033.0521,45112.05041503906
80,599616057402.2828,1780936927806.5168,4098,25,599616057040.7444,45119.74267578125
80,599616057402.2828,1780936927806.529,-6417,26,599616057048.4366,45127.43493652344
80,599616057402.2828,1780936927806.542,5908,27,599616057056.129,45135.12731933594
80,599616057402.2828,1780936927806.5542,-1942,28,599616057063.8213,45142.819580078125
80,599616057402.2828,1780936927806.567,-2455,29,599616057071.5135,45150.51184082031
80,599616057402.2828,1780936927806.579,6180,30,599616057079.2059,45158.20422363281
80,599616057402.2828,1780936927806.592,-6256,31,599616057086.8982,45165.896484375
80,599616057402.2828,1780936927806.604,3638,32,599616057094.5906,45173.5888671875
80,599616057402.2828,1780936927806.617,1203,33,599616057102.2828,45181.28112792969
80,599616057402.2828,1780936927806.63,-5090,34,599616057109.9751,45188.973388671875
80,599616057402.2828,1780936927806.642,6763,35,599616057117.6675,45196.665771484375
80,599616057402.2828,1780936927806.655,-4681,36,599616057125.3597,45204.35803222656
80,599616057402.2828,1780936927806.668,499,37,599616057133.0521,45212.05041503906
80,599616057402.2828,1780936927806.68,4200,38,599616057140.7444,45219.74267578125
80,599616057402.2828,1780936927806.693,-6333,39,599616057148.4366,45227.43493652344
80,599616057402.2828,1780936927806.706,5841,40,599616057156.129,45235.12731933594
80,599616057402.2828,1780936927806.718,-1914,41,599616057163.8213,45242.819580078125
80,599616057402.2828,1780936927806.731,-2578,42,599616057171.5135,45250.51184082031
80,599616057402.2828,1780936927806.7441,6173,43,599616057179.2059,45258.20422363281
80,599616057402.2828,1780936927806.756,-6275,44,599616057186.8982,45265.896484375
80,599616057402.2828,1780936927806.7688,3545,45,599616057194.5906,45273.5888671875
80,599616057402.2828,1780936927806.781,1340,46,599616057202.2828,45281.28112792969
80,599616057402.2828,1780936927806.8198,-5088,47,599616057209.9751,45288.973388671875
80,599616057402.2828,1780936927806.834,6768,48,599616057217.6675,45296.665771484375
80,599616057402.2828,1780936927807.053,-4618,49,599616057225.3597,45304.35803222656
80,599616057402.2828,1780936927807.079,467,50,599616057233.0521,45312.05041503906
80,599616057402.2828,1780936927807.095,4275,51,599616057240.7444,45319.74267578125
80,599616057402.2828,1780936927807.1091,-6433,52,599616057248.4366,45327.43493652344
80,599616057402.2828,1780936927807.123,5820,53,599616057256.129,45335.12731933594
80,599616057402.2828,1780936927807.136,-1779,54,599616057263.8213,45342.819580078125
80,599616057402.2828,1780936927807.149,-2713,55,599616057271.5135,45350.51184082031
80,599616057402.2828,1780936927807.162,6210,56,599616057279.2059,45358.20422363281
80,599616057402.2828,1780936927807.1748,-6238,57,599616057286.8982,45365.896484375
80,599616057402.2828,1780936927807.188,3447,58,599616057294.5906,45373.5888671875
80,599616057402.2828,1780936927807.201,1449,59,599616057302.2828,45381.28112792969
80,599616057402.2828,1780936927807.2131,-5169,60,599616057309.9751,45388.973388671875
80,599616057402.2828,1780936927807.2258,6765,61,599616057317.6675,45396.665771484375
80,599616057402.2828,1780936927807.239,-4477,62,599616057325.3597,45404.35803222656
80,599616057402.2828,1780936927807.251,364,63,599616057333.0521,45412.05041503906
80,599616057402.2828,1780936927807.2642,4312,64,599616057340.7444,45419.74267578125
80,599616057402.2828,1780936927807.2769,-6438,65,599616057348.4366,45427.43493652344
80,599616057402.2828,1780936927807.2888,5787,66,599616057356.129,45435.12731933594
80,599616057402.2828,1780936927807.302,-1679,67,599616057363.8213,45442.819580078125
80,599616057402.2828,1780936927807.314,-2790,68,599616057371.5135,45450.51184082031
80,599616057402.2828,1780936927807.3271,6284,69,599616057379.2059,45458.20422363281
80,599616057402.2828,1780936927807.3389,-6177,70,599616057386.8982,45465.896484375
80,599616057402.2828,1780936927807.352,3371,71,599616057394.5906,45473.5888671875
80,599616057402.2828,1780936927807.364,1563,72,599616057402.2828,45481.28112792969
81,599616057963.8954,1780936928392.062,-5220,0,599616057410.0492,45489.04748535156
81,599616057963.8954,1780936928392.0989,6716,1,599616057417.7416,45496.73986816406
81,599616057963.8954,1780936928392.111,-4440,2,599616057425.4338,45504.43212890625
81,599616057963.8954,1780936928392.121,309,3,599616057433.1261,45512.12438964844
81,599616057963.8954,1780936928392.132,4414,4,599616057440.8185,45519.81677246094
81,599616057963.8954,1780936928392.142,-6507,5,599616057448.5107,45527.509033203125
81,599616057963.8954,1780936928392.153,5683,6,599616057456.2031,45535.201416015625
81,599616057963.8954,1780936928392.163,-1568,7,599616057463.8954,45542.89367675781
81,599616057963.8954,1780936928392.174,-2857,8,599616057471.5876,45550.5859375
81,599616057963.8954,1780936928392.184,6298,9,599616057479.28,45558.2783203125
81,599616057963.8954,1780936928392.193,-6161,10,599616057486.9723,45565.97058105469
81,599616057963.8954,1780936928392.2031,3324,11,599616057494.6647,45573.66296386719
81,599616057963.8954,1780936928392.2131,1728,12,599616057502.3569,45581.355224609375
81,599616057963.8954,1780936928392.223,-5264,13,599616057510.0492,45589.04748535156
81,599616057963.8954,1780936928392.232,6677,14,599616057517.7416,45596.73986816406
81,599616057963.8954,1780936928392.242,-4363,15,599616057525.4338,45604.43212890625
81,599616057963.8954,1780936928392.252,218,16,599616057533.1261,45612.12438964844
81,599616057963.8954,1780936928392.261,4479,17,599616057540.8185,45619.81677246094
81,599616057963.8954,1780936928392.27,-6512,18,599616057548.5107,45627.509033203125
81,599616057963.8954,1780936928392.2788,5641,19,599616057556.2031,45635.201416015625
81,599616057963.8954,1780936928392.2888,-1480,20,599616057563.8954,45642.89367675781
81,599616057963.8954,1780936928392.298,-2941,21,599616057571.5876,45650.5859375
81,599616057963.8954,1780936928392.308,6345,22,599616057579.28,45658.2783203125
81,599616057963.8954,1780936928392.3171,-6157,23,599616057586.9723,45665.97058105469
81,599616057963.8954,1780936928392.3262,3171,24,599616057594.6647,45673.66296386719
81,599616057963.8954,1780936928392.335,1740,25,599616057602.3569,45681.355224609375
81,599616057963.8954,1780936928392.345,-5367,26,599616057610.0492,45689.04748535156
81,599616057963.8954,1780936928392.354,6700,27,599616057617.7416,45696.73986816406
81,599616057963.8954,1780936928392.363,-4258,28,599616057625.4338,45704.43212890625
81,599616057963.8954,1780936928392.3718,81,29,599616057633.1261,45712.12438964844
81,599616057963.8954,1780936928392.3818,4507,30,599616057640.8185,45719.81677246094
81,599616057963.8954,1780936928392.3909,-6521,31,599616057648.5107,45727.509033203125
81,599616057963.8954,1780936928392.4001,5585,32,599616057656.2031,45735.201416015625
81,599616057963.8954,1780936928392.4092,-1419,33,599616057663.8954,45742.89367675781
81,599616057963.8954,1780936928392.4329,-3043,34,599616057671.5876,45750.5859375
81,599616057963.8954,1780936928392.4429,6438,35,599616057679.28,45758.2783203125
81,599616057963.8954,1780936928392.452,-6045,36,599616057686.9723,45765.97058105469
81,599616057963.8954,1780936928392.4612,3085,37,599616057694.6647,45773.66296386719
81,599616057963.8954,1780936928392.47,1812,38,599616057702.3569,45781.355224609375
81,599616057963.8954,1780936928392.479,-5408,39,599616057710.0492,45789.04748535156
81,599616057963.8954,1780936928392.489,6693,40,599616057717.7416,45796.73986816406
81,599616057963.8954,1780936928392.498,-4254,41,599616057725.4338,45804.43212890625
81,599616057963.8954,1780936928392.507,-74,42,599616057733.1261,45812.12438964844
81,599616057963.8954,1780936928392.5159,4630,43,599616057740.8185,45819.81677246094
81,599616057963.8954,1780936928392.526,-6493,44,599616057748.5107,45827.509033203125
81,599616057963.8954,1780936928392.535,5534,45,599616057756.2031,45835.201416015625
81,599616057963.8954,1780936928392.544,-1308,46,599616057763.8954,45842.89367675781
81,599616057963.8954,1780936928392.553,-3185,47,599616057771.5876,45850.5859375
81,599616057963.8954,1780936928392.563,6368,48,599616057779.28,45858.2783203125
81,599616057963.8954,1780936928392.572,-6071,49,599616057786.9723,45865.97058105469
81,599616057963.8954,1780936928392.581,3020,50,599616057794.6647,45873.66296386719
81,599616057963.8954,1780936928392.592,1937,51,599616057802.3569,45881.355224609375
81,599616057963.8954,1780936928392.602,-5494,52,599616057810.0492,45889.04748535156
81,599616057963.8954,1780936928392.656,6693,53,599616057817.7416,45896.73986816406
81,599616057963.8954,1780936928392.668,-4119,54,599616057825.4338,45904.43212890625
81,599616057963.8954,1780936928392.677,-178,55,599616057833.1261,45912.12438964844
81,599616057963.8954,1780936928392.687,4656,56,599616057840.8185,45919.81677246094
81,599616057963.8954,1780936928392.6958,-6526,57,599616057848.5107,45927.509033203125
81,599616057963.8954,1780936928392.705,5476,58,599616057856.2031,45935.201416015625
81,599616057963.8954,1780936928392.715,-1236,59,599616057863.8954,45942.89367675781
81,599616057963.8954,1780936928392.725,-3310,60,599616057871.5876,45950.5859375
81,599616057963.8954,1780936928392.7341,6400,61,599616057879.28,45958.2783203125
81,599616057963.8954,1780936928392.7432,-6024,62,599616057886.9723,45965.97058105469
81,599616057963.8954,1780936928392.752,2915,63,599616057894.6647,45973.66296386719
81,599616057963.8954,1780936928392.762,2009,64,599616057902.3569,45981.355224609375
81,599616057963.8954,1780936928392.771,-5613,65,599616057910.0492,45989.04748535156
81,599616057963.8954,1780936928392.7869,6624,66,599616057917.7416,45996.73986816406
81,599616057963.8954,1780936928392.7969,-4010,67,599616057925.4338,46004.43212890625
81,599616057963.8954,1780936928392.8062,-250,68,599616057933.1261,46012.12438964844
81,599616057963.8954,1780936928392.8162,4709,69,599616057940.8185,46019.81677246094
81,599616057963.8954,1780936928392.825,-6552,70,599616057948.5107,46027.509033203125
81,599616057963.8954,1780936928392.834,5399,71,599616057956.2031,46035.201416015625
81,599616057963.8954,1780936928392.843,-1108,72,599616057963.8954,46042.89367675781
82,599616058525.4978,1780936928931.9712,-3317,0,599616057971.6516,46050.64990234375
82,599616058525.4978,1780936928932.007,6459,1,599616057979.344,46058.34228515625
82,599616058525.4978,1780936928932.019,-6008,2,599616057987.0363,46066.03454589844
82,599616058525.4978,1780936928932.031,2827,3,599616057994.7285,46073.726806640625
82,599616058525.4978,1780936928932.04,2132,4,599616058002.4209,46081.419189453125
82,599616058525.4978,1780936928932.05,-5615,5,599616058010.1132,46089.11145019531
82,599616058525.4978,1780936928932.059,6644,6,599616058017.8055,46096.80383300781
82,599616058525.4978,1780936928932.069,-3966,7,599616058025.4978,46104.49609375
82,599616058525.4978,1780936928932.084,-364,8,599616058033.1901,46112.18835449219
82,599616058525.4978,1780936928932.093,4897,9,599616058040.8824,46119.88073730469
82,599616058525.4978,1780936928932.102,-6470,10,599616058048.5747,46127.572998046875
82,599616058525.4978,1780936928932.112,5260,11,599616058056.2671,46135.265380859375
82,599616058525.4978,1780936928932.122,-1059,12,599616058063.9594,46142.95764160156
82,599616058525.4978,1780936928932.131,-3357,13,599616058071.6516,46150.64990234375
82,599616058525.4978,1780936928932.1401,6479,14,599616058079.344,46158.34228515625
82,599616058525.4978,1780936928932.15,-6017,15,599616058087.0363,46166.03454589844
82,599616058525.4978,1780936928932.159,2699,16,599616058094.7285,46173.726806640625
82,599616058525.4978,1780936928932.168,2204,17,599616058102.4209,46181.419189453125
82,599616058525.4978,1780936928932.177,-5676,18,599616058110.1132,46189.11145019531
82,599616058525.4978,1780936928932.1858,6603,19,599616058117.8055,46196.80383300781
82,599616058525.4978,1780936928932.1958,-3973,20,599616058125.4978,46204.49609375
82,599616058525.4978,1780936928932.205,-599,21,599616058133.1901,46212.18835449219
82,599616058525.4978,1780936928932.214,4902,22,599616058140.8824,46219.88073730469
82,599616058525.4978,1780936928932.2231,-6440,23,599616058148.5747,46227.572998046875
82,599616058525.4978,1780936928932.232,5227,24,599616058156.2671,46235.265380859375
82,599616058525.4978,1780936928932.241,-978,25,599616058163.9594,46242.95764160156
82,599616058525.4978,1780936928932.25,-3452,26,599616058171.6516,46250.64990234375
82,599616058525.4978,1780936928932.259,6517,27,599616058179.344,46258.34228515625
82,599616058525.4978,1780936928932.304,-5959,28,599616058187.0363,46266.03454589844
82,599616058525.4978,1780936928932.314,2630,29,599616058194.7285,46273.726806640625
82,599616058525.4978,1780936928932.3289,2309,30,599616058202.4209,46281.419189453125
82,599616058525.4978,1780936928932.3389,-5694,31,599616058210.1132,46289.11145019531
82,599616058525.4978,1780936928932.348,6654,32,599616058217.8055,46296.80383300781
82,599616058525.4978,1780936928932.3572,-3766,33,599616058225.4978,46304.49609375
82,599616058525.4978,1780936928932.366,-576,34,599616058233.1901,46312.18835449219
82,599616058525.4978,1780936928932.374,4948,35,599616058240.8824,46319.88073730469
82,599616058525.4978,1780936928932.383,-6510,36,599616058248.5747,46327.572998046875
82,599616058525.4978,1780936928932.3918,5178,37,599616058256.2671,46335.265380859375
82,599616058525.4978,1780936928932.4019,-871,38,599616058263.9594,46342.95764160156
82,599616058525.4978,1780936928932.41,-3564,39,599616058271.6516,46350.64990234375
82,599616058525.4978,1780936928932.42,6521,40,599616058279.344,46358.34228515625
82,599616058525.4978,1780936928932.429,-5880,41,599616058287.0363,46366.03454589844
82,599616058525.4978,1780936928932.438,2567,42,599616058294.7285,46373.726806640625
82,599616058525.4978,1780936928932.446,2365,43,599616058302.4209,46381.419189453125
82,599616058525.4978,1780936928932.456,-5771,44,599616058310.1132,46389.11145019531
82,599616058525.4978,1780936928932.465,6582,45,599616058317.8055,46396.80383300781
82,599616058525.4978,1780936928932.4739,-3782,46,599616058325.4978,46404.49609375
82,599616058525.4978,1780936928932.483,-685,47,599616058333.1901,46412.18835449219
82,599616058525.4978,1780936928932.492,5048,48,599616058340.8824,46419.88073730469
82,599616058525.4978,1780936928932.501,-6531,49,599616058348.5747,46427.572998046875
82,599616058525.4978,1780936928932.51,5118,50,599616058356.2671,46435.265380859375
82,599616058525.4978,1780936928932.519,-713,51,599616058363.9594,46442.95764160156
82,599616058525.4978,1780936928932.528,-3629,52,599616058371.6516,46450.64990234375
82,599616058525.4978,1780936928932.537,6493,53,599616058379.344,46458.34228515625
82,599616058525.4978,1780936928932.546,-5850,54,599616058387.0363,46466.03454589844
82,599616058525.4978,1780936928932.555,2513,55,599616058394.7285,46473.726806640625
82,599616058525.4978,1780936928932.565,2509,56,599616058402.4209,46481.419189453125
82,599616058525.4978,1780936928932.574,-5752,57,599616058410.1132,46489.11145019531
82,599616058525.4978,1780936928932.583,6563,58,599616058417.8055,46496.80383300781
82,599616058525.4978,1780936928932.5918,-3687,59,599616058425.4978,46504.49609375
82,599616058525.4978,1780936928932.601,-729,60,599616058433.1901,46512.18835449219
82,599616058525.4978,1780936928932.61,5067,61,599616058440.8824,46519.88073730469
82,599616058525.4978,1780936928932.6191,-6600,62,599616058448.5747,46527.572998046875
82,599616058525.4978,1780936928932.628,5044,63,599616058456.2671,46535.265380859375
82,599616058525.4978,1780936928932.638,-618,64,599616058463.9594,46542.95764160156
82,599616058525.4978,1780936928932.647,-3680,65,599616058471.6516,46550.64990234375
82,599616058525.4978,1780936928932.655,6547,66,599616058479.344,46558.34228515625
82,599616058525.4978,1780936928932.6638,-5820,67,599616058487.0363,46566.03454589844
82,599616058525.4978,1780936928932.673,2376,68,599616058494.7285,46573.726806640625
82,599616058525.4978,1780936928932.6821,2530,69,599616058502.4209,46581.419189453125
82,599616058525.4978,1780936928932.6912,-5836,70,599616058510.1132,46589.11145019531
82,599616058525.4978,1780936928932.7,6547,71,599616058517.8055,46596.80383300781
82,599616058525.4978,1780936928932.709,-3601,72,599616058525.4978,46604.49609375
83,599616059087.1205,1780936929474.648,-810,0,599616058533.2743,46612.27258300781
83,599616059087.1205,1780936929474.672,5155,1,599616058540.9667,46619.96496582031
83,599616059087.1205,1780936929474.687,-6565,2,599616058548.6589,46627.6572265625
83,599616059087.1205,1780936929474.7,4992,3,599616058556.3512,46635.34948730469
83,599616059087.1205,1780936929474.7131,-534,4,599616058564.0436,46643.04187011719
83,599616059087.1205,1780936929474.726,-3740,5,599616058571.7358,46650.734130859375
83,599616059087.1205,1780936929474.742,6654,6,599616058579.4282,46658.426513671875
83,599616059087.1205,1780936929474.7551,-5664,7,599616058587.1205,46666.11877441406
83,599616059087.1205,1780936929474.7678,2286,8,599616058594.8127,46673.81103515625
83,599616059087.1205,1780936929474.781,2567,9,599616058602.5051,46681.50341796875
83,599616059087.1205,1780936929474.794,-5871,10,599616058610.1974,46689.19567871094
83,599616059087.1205,1780936929474.8071,6510,11,599616058617.8898,46696.88806152344
83,599616059087.1205,1780936929474.924,-3545,12,599616058625.582,46704.580322265625
83,599616059087.1205,1780936929474.944,-934,13,599616058633.2743,46712.27258300781
83,599616059087.1205,1780936929474.958,5183,14,599616058640.9667,46719.96496582031
83,599616059087.1205,1780936929474.978,-6524,15,599616058648.6589,46727.6572265625
83,599616059087.1205,1780936929474.992,4953,16,599616058656.3512,46735.34948730469
83,599616059087.1205,1780936929475.006,-469,17,599616058664.0436,46743.04187011719
83,599616059087.1205,1780936929475.125,-3842,18,599616058671.7358,46750.734130859375
83,599616059087.1205,1780936929475.148,6561,19,599616058679.4282,46758.426513671875
83,599616059087.1205,1780936929475.162,-5685,20,599616058687.1205,46766.11877441406
83,599616059087.1205,1780936929475.2952,2297,21,599616058694.8127,46773.81103515625
83,599616059087.1205,1780936929475.3079,2713,22,599616058702.5051,46781.50341796875
83,599616059087.1205,1780936929475.321,-5875,23,599616058710.1974,46789.19567871094
83,599616059087.1205,1780936929475.335,6538,24,599616058717.8898,46796.88806152344
83,599616059087.1205,1780936929475.347,-3464,25,599616058725.582,46804.580322265625
83,599616059087.1205,1780936929475.3599,-964,26,599616058733.2743,46812.27258300781
83,599616059087.1205,1780936929475.372,5322,27,599616058740.9667,46819.96496582031
83,599616059087.1205,1780936929475.385,-6503,28,599616058748.6589,46827.6572265625
83,599616059087.1205,1780936929475.5,4925,29,599616058756.3512,46835.34948730469
83,599616059087.1205,1780936929475.514,-281,30,599616058764.0436,46843.04187011719
83,599616059087.1205,1780936929475.527,-3840,31,599616058771.7358,46850.734130859375
83,599616059087.1205,1780936929475.6821,6575,32,599616058779.4282,46858.426513671875
83,599616059087.1205,1780936929475.874,-5673,33,599616058787.1205,46866.11877441406
83,599616059087.1205,1780936929475.98,2193,34,599616058794.8127,46873.81103515625
83,599616059087.1205,1780936929475.992,2767,35,599616058802.5051,46881.50341796875
83,599616059087.1205,1780936929476.001,-5957,36,599616058810.1974,46889.19567871094
83,599616059087.1205,1780936929476.011,6512,37,599616058817.8898,46896.88806152344
83,599616059087.1205,1780936929476.021,-3364,38,599616058825.582,46904.580322265625
83,599616059087.1205,1780936929476.03,-1068,39,599616058833.2743,46912.27258300781
83,599616059087.1205,1780936929476.0388,5339,40,599616058840.9667,46919.96496582031
83,599616059087.1205,1780936929476.048,-6547,41,599616058848.6589,46927.6572265625
83,599616059087.1205,1780936929476.1392,4811,42,599616058856.3512,46935.34948730469
83,599616059087.1205,1780936929476.151,-250,43,599616058864.0436,46943.04187011719
83,599616059087.1205,1780936929476.1602,-3949,44,599616058871.7358,46950.734130859375
83,599616059087.1205,1780936929476.1702,6633,45,599616058879.4282,46958.426513671875
83,599616059087.1205,1780936929476.1802,-5576,46,599616058887.1205,46966.11877441406
83,599616059087.1205,1780936929476.189,2107,47,599616058894.8127,46973.81103515625
83,599616059087.1205,1780936929476.259,2860,48,599616058902.5051,46981.50341796875
83,599616059087.1205,1780936929476.309,-5947,49,599616058910.1974,46989.19567871094
83,599616059087.1205,1780936929476.347,6533,50,599616058917.8898,46996.88806152344
83,599616059087.1205,1780936929476.36,-3269,51,599616058925.582,47004.580322265625
83,599616059087.1205,1780936929476.37,-1159,52,599616058933.2743,47012.27258300781
83,599616059087.1205,1780936929476.387,5453,53,599616058940.9667,47019.96496582031
83,599616059087.1205,1780936929476.398,-6463,54,599616058948.6589,47027.6572265625
83,599616059087.1205,1780936929476.407,4751,55,599616058956.3512,47035.34948730469
83,599616059087.1205,1780936929476.416,-178,56,599616058964.0436,47043.04187011719
83,599616059087.1205,1780936929476.4258,-4019,57,599616058971.7358,47050.734130859375
83,599616059087.1205,1780936929476.435,6654,58,599616058979.4282,47058.426513671875
83,599616059087.1205,1780936929476.444,-5534,59,599616058987.1205,47066.11877441406
83,599616059087.1205,1780936929476.4531,2005,60,599616058994.8127,47073.81103515625
83,599616059087.1205,1780936929476.462,2953,61,599616059002.5051,47081.50341796875
83,599616059087.1205,1780936929476.472,-5961,62,599616059010.1974,47089.19567871094
83,599616059087.1205,1780936929476.481,6489,63,599616059017.8898,47096.88806152344
83,599616059087.1205,1780936929476.49,-3187,64,599616059025.582,47104.580322265625
83,599616059087.1205,1780936929476.499,-1201,65,599616059033.2743,47112.27258300781
83,599616059087.1205,1780936929476.5461,5473,66,599616059040.9667,47119.96496582031
83,599616059087.1205,1780936929476.5562,-6500,67,599616059048.6589,47127.6572265625
83,599616059087.1205,1780936929476.5662,4746,68,599616059056.3512,47135.34948730469
83,599616059087.1205,1780936929476.5762,-48,69,599616059064.0436,47143.04187011719
83,599616059087.1205,1780936929476.796,-4084,70,599616059071.7358,47150.734130859375
83,599616059087.1205,1780936929476.8071,6712,71,599616059079.4282,47158.426513671875
83,599616059087.1205,1780936929476.818,-5439,72,599616059087.1205,47166.11877441406
84,599616059648.7433,1780936930100.754,1942,0,599616059094.8971,47173.89538574219
84,599616059648.7433,1780936930100.768,3050,1,599616059102.5895,47181.58776855469
84,599616059648.7433,1780936930100.772,-5992,2,599616059110.2817,47189.280029296875
84,599616059648.7433,1780936930100.775,6486,3,599616059117.974,47196.97229003906
84,599616059648.7433,1780936930100.778,-3004,4,599616059125.6664,47204.66467285156
84,599616059648.7433,1780936930100.781,-1280,5,599616059133.3586,47212.35693359375
84,599616059648.7433,1780936930100.7832,5443,6,599616059141.051,47220.04931640625
84,599616059648.7433,1780936930100.786,-6433,7,599616059148.7433,47227.74157714844
84,599616059648.7433,1780936930100.789,4721,8,599616059156.4355,47235.433837890625
84,599616059648.7433,1780936930100.7969,-44,9,599616059164.1279,47243.126220703125
84,599616059648.7433,1780936930100.8,-4177,10,599616059171.8202,47250.81848144531
84,599616059648.7433,1780936930100.802,6735,11,599616059179.5126,47258.51086425781
84,599616059648.7433,1780936930100.805,-5401,12,599616059187.2048,47266.203125
84,599616059648.7433,1780936930100.811,1856,13,599616059194.8971,47273.89538574219
84,599616059648.7433,1780936930100.8142,3124,14,599616059202.5895,47281.58776855469
84,599616059648.7433,1780936930100.816,-6010,15,599616059210.2817,47289.280029296875
84,599616059648.7433,1780936930100.819,6414,16,599616059217.974,47296.97229003906
84,599616059648.7433,1780936930100.821,-3055,17,599616059225.6664,47304.66467285156
84,599616059648.7433,1780936930100.8242,-1354,18,599616059233.3586,47312.35693359375
84,599616059648.7433,1780936930100.826,5564,19,599616059241.051,47320.04931640625
84,599616059648.7433,1780936930100.8289,-6507,20,599616059248.7433,47327.74157714844
84,599616059648.7433,1780936930100.832,4632,21,599616059256.4355,47335.433837890625
84,599616059648.7433,1780936930100.834,141,22,599616059264.1279,47343.126220703125
84,599616059648.7433,1780936930100.837,-4214,23,599616059271.8202,47350.81848144531
84,599616059648.7433,1780936930100.84,6726,24,599616059279.5126,47358.51086425781
84,599616059648.7433,1780936930100.842,-5364,25,599616059287.2048,47366.203125
84,599616059648.7433,1780936930100.8452,1772,26,599616059294.8971,47373.89538574219
84,599616059648.7433,1780936930100.847,3282,27,599616059302.5895,47381.58776855469
84,599616059648.7433,1780936930100.85,-5961,28,599616059310.2817,47389.280029296875
84,599616059648.7433,1780936930100.852,6356,29,599616059317.974,47396.97229003906
84,599616059648.7433,1780936930100.8552,-3008,30,599616059325.6664,47404.66467285156
84,599616059648.7433,1780936930100.857,-1391,31,599616059333.3586,47412.35693359375
84,599616059648.7433,1780936930100.86,5659,32,599616059341.051,47420.04931640625
84,599616059648.7433,1780936930100.863,-6512,33,599616059348.7433,47427.74157714844
84,599616059648.7433,1780936930100.865,4567,34,599616059356.4355,47435.433837890625
84,599616059648.7433,1780936930100.868,274,35,599616059364.1279,47443.126220703125
84,599616059648.7433,1780936930100.8699,-4254,36,599616059371.8202,47450.81848144531
84,599616059648.7433,1780936930100.873,6782,37,599616059379.5126,47458.51086425781
84,599616059648.7433,1780936930100.875,-5269,38,599616059387.2048,47466.203125
84,599616059648.7433,1780936930100.878,1698,39,599616059394.8971,47473.89538574219
84,599616059648.7433,1780936930100.88,3385,40,599616059402.5895,47481.58776855469
84,599616059648.7433,1780936930100.883,-5931,41,599616059410.2817,47489.280029296875
84,599616059648.7433,1780936930100.885,6479,42,599616059417.974,47496.97229003906
84,599616059648.7433,1780936930100.888,-2757,43,599616059425.6664,47504.66467285156
84,599616059648.7433,1780936930100.891,-1375,44,599616059433.3586,47512.35693359375
84,599616059648.7433,1780936930100.893,5834,45,599616059441.051,47520.04931640625
84,599616059648.7433,1780936930100.896,-6331,46,599616059448.7433,47527.74157714844
84,599616059648.7433,1780936930100.898,4623,47,599616059456.4355,47535.433837890625
84,599616059648.7433,1780936930100.901,415,48,599616059464.1279,47543.126220703125
84,599616059648.7433,1780936930100.903,-4263,49,599616059471.8202,47550.81848144531
84,599616059648.7433,1780936930100.906,6930,50,599616059479.5126,47558.51086425781
84,599616059648.7433,1780936930100.908,-5039,51,599616059487.2048,47566.203125
84,599616059648.7433,1780936930100.911,1679,52,599616059494.8971,47573.89538574219
84,599616059648.7433,1780936930100.914,3438,53,599616059502.5895,47581.58776855469
84,599616059648.7433,1780936930100.916,-5952,54,599616059510.2817,47589.280029296875
84,599616059648.7433,1780936930100.919,6424,55,599616059517.974,47596.97229003906
84,599616059648.7433,1780936930100.922,-2785,56,599616059525.6664,47604.66467285156
84,599616059648.7433,1780936930100.924,-1563,57,599616059533.3586,47612.35693359375
84,599616059648.7433,1780936930100.927,5803,58,599616059541.051,47620.04931640625
84,599616059648.7433,1780936930100.929,-6394,59,599616059548.7433,47627.74157714844
84,599616059648.7433,1780936930100.932,4472,60,599616059556.4355,47635.433837890625
84,599616059648.7433,1780936930100.934,415,61,599616059564.1279,47643.126220703125
84,599616059648.7433,1780936930100.937,-4407,62,599616059571.8202,47650.81848144531
84,599616059648.7433,1780936930100.94,6788,63,599616059579.5126,47658.51086425781
84,599616059648.7433,1780936930100.943,-5164,64,599616059587.2048,47666.203125
84,599616059648.7433,1780936930100.945,1533,65,599616059594.8971,47673.89538574219
84,599616059648.7433,1780936930100.948,3524,66,599616059602.5895,47681.58776855469
84,599616059648.7433,1780936930100.95,-6010,67,599616059610.2817,47689.280029296875
84,599616059648.7433,1780936930100.9531,6400,68,599616059617.974,47696.97229003906
84,599616059648.7433,1780936930100.955,-2576,69,599616059625.6664,47704.66467285156
84,599616059648.7433,1780936930100.958,-1517,70,599616059633.3586,47712.35693359375
84,599616059648.7433,1780936930100.96,5959,71,599616059641.051,47720.04931640625
84,599616059648.7433,1780936930100.9631,-6236,72,599616059648.7433,47727.74157714844
85,599616060210.3661,1780936930642.08,4532,0,599616059656.5199,47735.51818847656
85,599616060210.3661,1780936930642.092,713,1,599616059664.2123,47743.21057128906
85,599616060210.3661,1780936930642.095,-4214,2,599616059671.9045,47750.90283203125
85,599616060210.3661,1780936930642.098,6898,3,599616059679.5968,47758.59509277344
85,599616060210.3661,1780936930642.101,-5002,4,599616059687.2892,47766.28747558594
85,599616060210.3661,1780936930642.104,1663,5,599616059694.9814,47773.979736328125
85,599616060210.3661,1780936930642.107,3708,6,599616059702.6738,47781.672119140625
85,599616060210.3661,1780936930642.11,-6006,7,599616059710.3661,47789.36437988281
85,599616060210.3661,1780936930642.113,6440,8,599616059718.0583,47797.056640625
85,599616060210.3661,1780936930642.1152,-2411,9,599616059725.7507,47804.7490234375
85,599616060210.3661,1780936930642.118,-1547,10,599616059733.443,47812.44128417969
85,599616060210.3661,1780936930642.121,5952,11,599616059741.1354,47820.13366699219
85,599616060210.3661,1780936930642.123,-6345,12,599616059748.8276,47827.825927734375
85,599616060210.3661,1780936930642.126,4388,13,599616059756.5199,47835.51818847656
85,599616060210.3661,1780936930642.128,724,14,599616059764.2123,47843.21057128906
85,599616060210.3661,1780936930642.131,-4335,15,599616059771.9045,47850.90283203125
85,599616060210.3661,1780936930642.134,6912,16,599616059779.5968,47858.59509277344
85,599616060210.3661,1780936930642.136,-4999,17,599616059787.2892,47866.28747558594
85,599616060210.3661,1780936930642.139,1489,18,599616059794.9814,47873.979736328125
85,599616060210.3661,1780936930642.142,3791,19,599616059802.6738,47881.672119140625
85,599616060210.3661,1780936930642.144,-6012,20,599616059810.3661,47889.36437988281
85,599616060210.3661,1780936930642.147,6321,21,599616059818.0583,47897.056640625
85,599616060210.3661,1780936930642.149,-2479,22,599616059825.7507,47904.7490234375
85,599616060210.3661,1780936930642.152,-1793,23,599616059833.443,47912.44128417969
85,599616060210.3661,1780936930642.154,5924,24,599616059841.1354,47920.13366699219
85,599616060210.3661,1780936930642.157,-6263,25,599616059848.8276,47927.825927734375
85,599616060210.3661,1780936930642.159,4312,26,599616059856.5199,47935.51818847656
85,599616060210.3661,1780936930642.162,685,27,599616059864.2123,47943.21057128906
85,599616060210.3661,1780936930642.165,-4446,28,599616059871.9045,47950.90283203125
85,599616060210.3661,1780936930642.167,6907,29,599616059879.5968,47958.59509277344
85,599616060210.3661,1780936930642.17,-5011,30,599616059887.2892,47966.28747558594
85,599616060210.3661,1780936930642.172,1331,31,599616059894.9814,47973.979736328125
85,599616060210.3661,1780936930642.175,3794,32,599616059902.6738,47981.672119140625
85,599616060210.3661,1780936930642.177,-6096,33,599616059910.3661,47989.36437988281
85,599616060210.3661,1780936930642.18,6287,34,599616059918.0583,47997.056640625
85,599616060210.3661,1780936930642.1821,-2372,35,599616059925.7507,48004.7490234375
85,599616060210.3661,1780936930642.185,-1856,36,599616059933.443,48012.44128417969
85,599616060210.3661,1780936930642.187,5936,37,599616059941.1354,48020.13366699219
85,599616060210.3661,1780936930642.19,-6312,38,599616059948.8276,48027.825927734375
85,599616060210.3661,1780936930642.198,4256,39,599616059956.5199,48035.51818847656
85,599616060210.3661,1780936930642.201,792,40,599616059964.2123,48043.21057128906
85,599616060210.3661,1780936930642.2031,-4549,41,599616059971.9045,48050.90283203125
85,599616060210.3661,1780936930642.206,6919,42,599616059979.5968,48058.59509277344
85,599616060210.3661,1780936930642.208,-4927,43,599616059987.2892,48066.28747558594
85,599616060210.3661,1780936930642.211,1243,44,599616059994.9814,48073.979736328125
85,599616060210.3661,1780936930642.214,3903,45,599616060002.6738,48081.672119140625
85,599616060210.3661,1780936930642.216,-6082,46,599616060010.3661,48089.36437988281
85,599616060210.3661,1780936930642.219,6324,47,599616060018.0583,48097.056640625
85,599616060210.3661,1780936930642.221,-2100,48,599616060025.7507,48104.7490234375
85,599616060210.3661,1780936930642.224,-1791,49,599616060033.443,48112.44128417969
85,599616060210.3661,1780936930642.226,6057,50,599616060041.1354,48120.13366699219
85,599616060210.3661,1780936930642.229,-6043,51,599616060048.8276,48127.825927734375
85,599616060210.3661,1780936930642.231,4600,52,599616060056.5199,48135.51818847656
85,599616060210.3661,1780936930642.2341,1384,53,599616060064.2123,48143.21057128906
85,599616060210.3661,1780936930642.236,-3942,54,599616060071.9045,48150.90283203125
85,599616060210.3661,1780936930642.239,7743,55,599616060079.5968,48158.59509277344
85,599616060210.3661,1780936930642.241,-3798,56,599616060087.2892,48166.28747558594
85,599616060210.3661,1780936930642.2441,2311,57,599616060094.9814,48173.979736328125
85,599616060210.3661,1780936930642.246,4851,58,599616060102.6738,48181.672119140625
85,599616060210.3661,1780936930642.249,-5399,59,599616060110.3661,48189.36437988281
85,599616060210.3661,1780936930642.251,6791,60,599616060118.0583,48197.056640625
85,599616060210.3661,1780936930642.2542,-1733,61,599616060125.7507,48204.7490234375
85,599616060210.3661,1780936930642.257,-1519,62,599616060133.443,48212.44128417969
85,599616060210.3661,1780936930642.261,6405,63,599616060141.1354,48220.13366699219
85,599616060210.3661,1780936930642.264,-5922,64,599616060148.8276,48227.825927734375
85,599616060210.3661,1780936930642.267,4460,65,599616060156.5199,48235.51818847656
85,599616060210.3661,1780936930642.2688,1254,66,599616060164.2123,48243.21057128906
85,599616060210.3661,1780936930642.272,-4342,67,599616060171.9045,48250.90283203125
85,599616060210.3661,1780936930642.274,7153,68,599616060179.5968,48258.59509277344
85,599616060210.3661,1780936930642.277,-4565,69,599616060187.2892,48266.28747558594
85,599616060210.3661,1780936930642.2788,1419,70,599616060194.9814,48273.979736328125
85,599616060210.3661,1780936930642.282,4284,71,599616060202.6738,48281.672119140625
85,599616060210.3661,1780936930642.284,-5892,72,599616060210.3661,48289.36437988281
86,599616060771.9735,1780936931181.626,6370,0,599616060218.1273,48297.12561035156
86,599616060771.9735,1780936931181.637,-1944,1,599616060225.8197,48304.81799316406
86,599616060771.9735,1780936931181.64,-1784,2,599616060233.512,48312.51025390625
86,599616060771.9735,1780936931181.643,6270,3,599616060241.2042,48320.20251464844
86,599616060771.9735,1780936931181.648,-6057,4,599616060248.8966,48327.89489746094
86,599616060771.9735,1780936931181.65,4337,5,599616060256.5889,48335.587158203125
86,599616060771.9735,1780936931181.653,1324,6,599616060264.2812,48343.279541015625
86,599616060771.9735,1780936931181.655,-4370,7,599616060271.9735,48350.97180175781
86,599616060771.9735,1780936931181.658,7221,8,599616060279.6658,48358.6640625
86,599616060771.9735,1780936931181.66,-4444,9,599616060287.3582,48366.3564453125
86,599616060771.9735,1780936931181.663,1394,10,599616060295.0504,48374.04870605469
86,599616060771.9735,1780936931181.666,4412,11,599616060302.7428,48381.74108886719
86,599616060771.9735,1780936931181.668,-5750,12,599616060310.435,48389.433349609375
86,599616060771.9735,1780936931181.671,6610,13,599616060318.1273,48397.12561035156
86,599616060771.9735,1780936931181.673,-1565,14,599616060325.8197,48404.81799316406
86,599616060771.9735,1780936931181.676,-1598,15,599616060333.512,48412.51025390625
86,599616060771.9735,1780936931181.678,6521,16,599616060341.2042,48420.20251464844
86,599616060771.9735,1780936931181.681,-5829,17,599616060348.8966,48427.89489746094
86,599616060771.9735,1780936931181.683,4400,18,599616060356.5889,48435.587158203125
86,599616060771.9735,1780936931181.686,1398,19,599616060364.2812,48443.279541015625
86,599616060771.9735,1780936931181.689,-4491,20,599616060371.9735,48450.97180175781
86,599616060771.9735,1780936931181.691,7176,21,599616060379.6658,48458.6640625
86,599616060771.9735,1780936931181.694,-4409,22,599616060387.3582,48466.3564453125
86,599616060771.9735,1780936931181.6968,1194,23,599616060395.0504,48474.04870605469
86,599616060771.9735,1780936931181.699,4210,24,599616060402.7428,48481.74108886719
86,599616060771.9735,1780936931181.702,-6057,25,599616060410.435,48489.433349609375
86,599616060771.9735,1780936931181.704,6254,26,599616060418.1273,48497.12561035156
86,599616060771.9735,1780936931181.7068,-1942,27,599616060425.8197,48504.81799316406
86,599616060771.9735,1780936931181.709,-2121,28,599616060433.512,48512.51025390625
86,599616060771.9735,1780936931181.712,6233,29,599616060441.2042,48520.20251464844
86,599616060771.9735,1780936931181.714,-6138,30,599616060448.8966,48527.89489746094
86,599616060771.9735,1780936931181.7168,3998,31,599616060456.5889,48535.587158203125
86,599616060771.9735,1780936931181.719,1203,32,599616060464.2812,48543.279541015625
86,599616060771.9735,1780936931181.722,-4790,33,599616060471.9735,48550.97180175781
86,599616060771.9735,1780936931181.724,6900,34,599616060479.6658,48558.6640625
86,599616060771.9735,1780936931181.727,-4653,35,599616060487.3582,48566.3564453125
86,599616060771.9735,1780936931181.729,906,36,599616060495.0504,48574.04870605469
86,599616060771.9735,1780936931181.732,4135,37,599616060502.7428,48581.74108886719
86,599616060771.9735,1780936931181.735,-6263,38,599616060510.435,48589.433349609375
86,599616060771.9735,1780936931181.737,6068,39,599616060518.1273,48597.12561035156
86,599616060771.9735,1780936931181.74,-1960,40,599616060525.8197,48604.81799316406
86,599616060771.9735,1780936931181.742,-2330,41,599616060533.512,48612.51025390625
86,599616060771.9735,1780936931181.745,6154,42,599616060541.2042,48620.20251464844
86,599616060771.9735,1780936931181.747,-6219,43,599616060548.8966,48627.89489746094
86,599616060771.9735,1780936931181.75,3805,44,599616060556.5889,48635.587158203125
86,599616060771.9735,1780936931181.752,1217,45,599616060564.2812,48643.279541015625
86,599616060771.9735,1780936931181.7551,-4893,46,599616060571.9735,48650.97180175781
86,599616060771.9735,1780936931181.7578,6765,47,599616060579.6658,48658.6640625
86,599616060771.9735,1780936931181.76,-4756,48,599616060587.3582,48666.3564453125
86,599616060771.9735,1780936931181.763,710,49,599616060595.0504,48674.04870605469
86,599616060771.9735,1780936931181.7651,4077,50,599616060602.7428,48681.74108886719
86,599616060771.9735,1780936931181.7678,-6438,51,599616060610.435,48689.433349609375
86,599616060771.9735,1780936931181.77,5901,52,599616060618.1273,48697.12561035156
86,599616060771.9735,1780936931181.773,-1974,53,599616060625.8197,48704.81799316406
86,599616060771.9735,1780936931181.7751,-2506,54,599616060633.512,48712.51025390625
86,599616060771.9735,1780936931181.7778,6033,55,599616060641.2042,48720.20251464844
86,599616060771.9735,1780936931181.78,-6396,56,599616060648.8966,48727.89489746094
86,599616060771.9735,1780936931181.783,3578,57,599616060656.5889,48735.587158203125
86,599616060771.9735,1780936931181.7852,1189,58,599616060664.2812,48743.279541015625
86,599616060771.9735,1780936931181.788,-5023,59,599616060671.9735,48750.97180175781
86,599616060771.9735,1780936931181.791,6733,60,599616060679.6658,48758.6640625
86,599616060771.9735,1780936931181.793,-4714,61,599616060687.3582,48766.3564453125
86,599616060771.9735,1780936931181.7961,597,62,599616060695.0504,48774.04870605469
86,599616060771.9735,1780936931181.798,4119,63,599616060702.7428,48781.74108886719
86,599616060771.9735,1780936931181.8071,-6461,64,599616060710.435,48789.433349609375
86,599616060771.9735,1780936931181.8098,5845,65,599616060718.1273,48797.12561035156
86,599616060771.9735,1780936931181.812,-1958,66,599616060725.8197,48804.81799316406
86,599616060771.9735,1780936931181.815,-2623,67,599616060733.512,48812.51025390625
86,599616060771.9735,1780936931181.8171,6187,68,599616060741.2042,48820.20251464844
86,599616060771.9735,1780936931181.8198,-6203,69,599616060748.8966,48827.89489746094
86,599616060771.9735,1780936931181.822,3508,70,599616060756.5889,48835.587158203125
86,599616060771.9735,1780936931181.825,1182,71,599616060764.2812,48843.279541015625
86,599616060771.9735,1780936931181.8281,-5116,72,599616060771.9735,48850.97180175781
87,599616061333.6013,1780936931766.9329,6696,0,599616060779.7551,48858.75341796875
87,599616061333.6013,1780936931766.9438,-4742,1,599616060787.4475,48866.44580078125
87,599616061333.6013,1780936931766.947,422,2,599616060795.1398,48874.13806152344
87,599616061333.6013,1780936931766.9512,4147,3,599616060802.832,48881.830322265625
87,599616061333.6013,1780936931766.9539,-6498,4,599616060810.5244,48889.522705078125
87,599616061333.6013,1780936931766.957,5792,5,599616060818.2167,48897.21496582031
87,599616061333.6013,1780936931766.96,-1919,6,599616060825.909,48904.90734863281
87,599616061333.6013,1780936931766.9622,-2829,7,599616060833.6013,48912.599609375
87,599616061333.6013,1780936931766.9648,6091,8,599616060841.2936,48920.29187011719
87,599616061333.6013,1780936931766.968,-6289,9,599616060848.986,48927.98425292969
87,599616061333.6013,1780936931766.97,3394,10,599616060856.6782,48935.676513671875
87,599616061333.6013,1780936931766.973,1291,11,599616060864.3706,48943.368896484375
87,599616061333.6013,1780936931766.9749,-5209,12,599616060872.0629,48951.06115722656
87,599616061333.6013,1780936931766.978,6670,13,599616060879.7551,48958.75341796875
87,599616061333.6013,1780936931766.98,-4663,14,599616060887.4475,48966.44580078125
87,599616061333.6013,1780936931766.983,315,15,599616060895.1398,48974.13806152344
87,599616061333.6013,1780936931766.9858,4200,16,599616060902.832,48981.830322265625
87,599616061333.6013,1780936931766.988,-6577,17,599616060910.5244,48989.522705078125
87,599616061333.6013,1780936931766.991,5671,18,599616060918.2167,48997.21496582031
87,599616061333.6013,1780936931766.9932,-1809,19,599616060925.909,49004.90734863281
87,599616061333.6013,1780936931766.9958,-2843,20,599616060933.6013,49012.599609375
87,599616061333.6013,1780936931766.998,6122,21,599616060941.2936,49020.29187011719
87,599616061333.6013,1780936931767.001,-6315,22,599616060948.986,49027.98425292969
87,599616061333.6013,1780936931767.0032,3303,23,599616060956.6782,49035.676513671875
87,599616061333.6013,1780936931767.0059,1289,24,599616060964.3706,49043.368896484375
87,599616061333.6013,1780936931767.008,-5446,25,599616060972.0629,49051.06115722656
87,599616061333.6013,1780936931767.0168,6603,26,599616060979.7551,49058.75341796875
87,599616061333.6013,1780936931767.02,-4565,27,599616060987.4475,49066.44580078125
87,599616061333.6013,1780936931767.022,204,28,599616060995.1398,49074.13806152344
87,599616061333.6013,1780936931767.025,4261,29,599616061002.832,49081.830322265625
87,599616061333.6013,1780936931767.0269,-6568,30,599616061010.5244,49089.522705078125
87,599616061333.6013,1780936931767.03,5587,31,599616061018.2167,49097.21496582031
87,599616061333.6013,1780936931767.0332,-1795,32,599616061025.909,49104.90734863281
87,599616061333.6013,1780936931767.035,-2980,33,599616061033.6013,49112.599609375
87,599616061333.6013,1780936931767.038,6113,34,599616061041.2936,49120.29187011719
87,599616061333.6013,1780936931767.041,-6343,35,599616061048.986,49127.98425292969
87,599616061333.6013,1780936931767.0432,3112,36,599616061056.6782,49135.676513671875
87,599616061333.6013,1780936931767.046,1414,37,599616061064.3706,49143.368896484375
87,599616061333.6013,1780936931767.0479,-5387,38,599616061072.0629,49151.06115722656
87,599616061333.6013,1780936931767.051,6526,39,599616061079.7551,49158.75341796875
87,599616061333.6013,1780936931767.053,-4576,40,599616061087.4475,49166.44580078125
87,599616061333.6013,1780936931767.056,127,41,599616061095.1398,49174.13806152344
87,599616061333.6013,1780936931767.059,4374,42,599616061102.832,49181.830322265625
87,599616061333.6013,1780936931767.061,-6528,43,599616061110.5244,49189.522705078125
87,599616061333.6013,1780936931767.066,5489,44,599616061118.2167,49197.21496582031
87,599616061333.6013,1780936931767.0679,-1741,45,599616061125.909,49204.90734863281
87,599616061333.6013,1780936931767.071,-3008,46,599616061133.6013,49212.599609375
87,599616061333.6013,1780936931767.0742,6127,47,599616061141.2936,49220.29187011719
87,599616061333.6013,1780936931767.076,-6403,48,599616061148.986,49227.98425292969
87,599616061333.6013,1780936931767.079,3019,49,599616061156.6782,49235.676513671875
87,599616061333.6013,1780936931767.081,1530,50,599616061164.3706,49243.368896484375
87,599616061333.6013,1780936931767.084,-5401,51,599616061172.0629,49251.06115722656
87,599616061333.6013,1780936931767.086,6524,52,599616061179.7551,49258.75341796875
87,599616061333.6013,1780936931767.0889,-4559,53,599616061187.4475,49266.44580078125
87,599616061333.6013,1780936931767.092,-23,54,599616061195.1398,49274.13806152344
87,599616061333.6013,1780936931767.094,4337,55,599616061202.832,49281.830322265625
87,599616061333.6013,1780936931767.097,-6598,56,599616061210.5244,49289.522705078125
87,599616061333.6013,1780936931767.0989,5503,57,599616061218.2167,49297.21496582031
87,599616061333.6013,1780936931767.102,-1642,58,599616061225.909,49304.90734863281
87,599616061333.6013,1780936931767.105,-3133,59,599616061233.6013,49312.599609375
87,599616061333.6013,1780936931767.107,6183,60,599616061241.2936,49320.29187011719
87,599616061333.6013,1780936931767.11,-6243,61,599616061248.986,49327.98425292969
87,599616061333.6013,1780936931767.112,3054,62,599616061256.6782,49335.676513671875
87,599616061333.6013,1780936931767.1152,1600,63,599616061264.3706,49343.368896484375
87,599616061333.6013,1780936931767.118,-5468,64,599616061272.0629,49351.06115722656
87,599616061333.6013,1780936931767.1199,6591,65,599616061279.7551,49358.75341796875
87,599616061333.6013,1780936931767.123,-4392,66,599616061287.4475,49366.44580078125
87,599616061333.6013,1780936931767.126,-55,67,599616061295.1398,49374.13806152344
87,599616061333.6013,1780936931767.128,4390,68,599616061302.832,49381.830322265625
87,599616061333.6013,1780936931767.131,-6637,69,599616061310.5244,49389.522705078125
87,599616061333.6013,1780936931767.133,5424,70,599616061318.2167,49397.21496582031
87,599616061333.6013,1780936931767.136,-1616,71,599616061325.909,49404.90734863281
87,599616061333.6013,1780936931767.138,-3279,72,599616061333.6013,49412.599609375
88,599616061895.2037,1780936932308.106,6208,0,599616061341.3575,49420.35583496094
88,599616061895.2037,1780936932308.117,-6181,1,599616061349.0499,49428.04821777344
88,599616061895.2037,1780936932308.12,2971,2,599616061356.7422,49435.740478515625
88,599616061895.2037,1780936932308.1218,1667,3,599616061364.4344,49443.43273925781
88,599616061895.2037,1780936932308.125,-5543,4,599616061372.1268,49451.12512207031
88,599616061895.2037,1780936932308.127,6515,5,599616061379.8191,49458.8173828125
88,599616061895.2037,1780936932308.134,-4327,6,599616061387.5115,49466.509765625
88,599616061895.2037,1780936932308.137,-85,7,599616061395.2037,49474.20202636719
88,599616061895.2037,1780936932308.1392,4439,8,599616061402.896,49481.894287109375
88,599616061895.2037,1780936932308.141,-6633,9,599616061410.5884,49489.586669921875
88,599616061895.2037,1780936932308.1428,5485,10,599616061418.2806,49497.27893066406
88,599616061895.2037,1780936932308.146,-1393,11,599616061425.973,49504.97131347656
88,599616061895.2037,1780936932308.148,-3226,12,599616061433.6653,49512.66357421875
88,599616061895.2037,1780936932308.1501,6250,13,599616061441.3575,49520.35583496094
88,599616061895.2037,1780936932308.1528,-6181,14,599616061449.0499,49528.04821777344
88,599616061895.2037,1780936932308.155,2945,15,599616061456.7422,49535.740478515625
88,599616061895.2037,1780936932308.157,1804,16,599616061464.4344,49543.43273925781
88,599616061895.2037,1780936932308.1592,-5557,17,599616061472.1268,49551.12512207031
88,599616061895.2037,1780936932308.1611,6526,18,599616061479.8191,49558.8173828125
88,599616061895.2037,1780936932308.1638,-4274,19,599616061487.5115,49566.509765625
88,599616061895.2037,1780936932308.166,-180,20,599616061495.2037,49574.20202636719
88,599616061895.2037,1780936932308.168,4453,21,599616061502.896,49581.894287109375
88,599616061895.2037,1780936932308.1702,-6795,22,599616061510.5884,49589.586669921875
88,599616061895.2037,1780936932308.1719,5295,23,599616061518.2806,49597.27893066406
88,599616061895.2037,1780936932308.175,-1338,24,599616061525.973,49604.97131347656
88,599616061895.2037,1780936932308.177,-3284,25,599616061533.6653,49612.66357421875
88,599616061895.2037,1780936932308.179,6271,26,599616061541.3575,49620.35583496094
88,599616061895.2037,1780936932308.1812,-6164,27,599616061549.0499,49628.04821777344
88,599616061895.2037,1780936932308.1829,2852,28,599616061556.7422,49635.740478515625
88,599616061895.2037,1780936932308.186,1862,29,599616061564.4344,49643.43273925781
88,599616061895.2037,1780936932308.188,-5622,30,599616061572.1268,49651.12512207031
88,599616061895.2037,1780936932308.1902,6505,31,599616061579.8191,49658.8173828125
88,599616061895.2037,1780936932308.192,-4237,32,599616061587.5115,49666.509765625
88,599616061895.2037,1780936932308.1938,-294,33,599616061595.2037,49674.20202636719
88,599616061895.2037,1780936932308.197,4580,34,599616061602.896,49681.894287109375
88,599616061895.2037,1780936932308.199,-6647,35,599616061610.5884,49689.586669921875
88,599616061895.2037,1780936932308.2012,5304,36,599616061618.2806,49697.27893066406
88,599616061895.2037,1780936932308.203,-1312,37,599616061625.973,49704.97131347656
88,599616061895.2037,1780936932308.2048,-3390,38,599616061633.6653,49712.66357421875
88,599616061895.2037,1780936932308.207,6296,39,599616061641.3575,49720.35583496094
88,599616061895.2037,1780936932308.21,-6192,40,599616061649.0499,49728.04821777344
88,599616061895.2037,1780936932308.2122,2662,41,599616061656.7422,49735.740478515625
88,599616061895.2037,1780936932308.2139,1906,42,599616061664.4344,49743.43273925781
88,599616061895.2037,1780936932308.216,-5601,43,599616061672.1268,49751.12512207031
88,599616061895.2037,1780936932308.219,6515,44,599616061679.8191,49758.8173828125
88,599616061895.2037,1780936932308.2212,-4286,45,599616061687.5115,49766.509765625
88,599616061895.2037,1780936932308.223,-524,46,599616061695.2037,49774.20202636719
88,599616061895.2037,1780936932308.2249,4622,47,599616061702.896,49781.894287109375
88,599616061895.2037,1780936932308.228,-6586,48,599616061710.5884,49789.586669921875
88,599616061895.2037,1780936932308.23,5269,49,599616061718.2806,49797.27893066406
88,599616061895.2037,1780936932308.2322,-1252,50,599616061725.973,49804.97131347656
88,599616061895.2037,1780936932308.234,-3455,51,599616061733.6653,49812.66357421875
88,599616061895.2037,1780936932308.237,6338,52,599616061741.3575,49820.35583496094
88,599616061895.2037,1780936932308.239,-6085,53,599616061749.0499,49828.04821777344
88,599616061895.2037,1780936932308.241,2704,54,599616061756.7422,49835.740478515625
88,599616061895.2037,1780936932308.244,1980,55,599616061764.4344,49843.43273925781
88,599616061895.2037,1780936932308.2458,-5703,56,599616061772.1268,49851.12512207031
88,599616061895.2037,1780936932308.248,6549,57,599616061779.8191,49858.8173828125
88,599616061895.2037,1780936932308.25,-4121,58,599616061787.5115,49866.509765625
88,599616061895.2037,1780936932308.2522,-554,59,599616061795.2037,49874.20202636719
88,599616061895.2037,1780936932308.255,4661,60,599616061802.896,49881.894287109375
88,599616061895.2037,1780936932308.257,-6675,61,599616061810.5884,49889.586669921875
88,599616061895.2037,1780936932308.259,5162,62,599616061818.2806,49897.27893066406
88,599616061895.2037,1780936932308.261,-1145,63,599616061825.973,49904.97131347656
88,599616061895.2037,1780936932308.2632,-3520,64,599616061833.6653,49912.66357421875
88,599616061895.2037,1780936932308.265,6317,65,599616061841.3575,49920.35583496094
88,599616061895.2037,1780936932308.268,-6081,66,599616061849.0499,49928.04821777344
88,599616061895.2037,1780936932308.27,2625,67,599616061856.7422,49935.740478515625
88,599616061895.2037,1780936932308.272,1994,68,599616061864.4344,49943.43273925781
88,599616061895.2037,1780936932308.274,-5895,69,599616061872.1268,49951.12512207031
88,599616061895.2037,1780936932308.276,6480,70,599616061879.8191,49958.8173828125
88,599616061895.2037,1780936932308.278,-3979,71,599616061887.5115,49966.509765625
88,599616061895.2037,1780936932308.281,-596,72,599616061895.2037,49974.20202636719
89,599616062456.8265,1780936932847.156,4715,0,599616061902.9803,49981.97863769531
89,599616062456.8265,1780936932847.167,-6651,1,599616061910.6727,49989.67102050781
89,599616062456.8265,1780936932847.1702,5125,2,599616061918.365,49997.36328125
89,599616062456.8265,1780936932847.173,-1094,3,599616061926.0573,50005.05554199219
89,599616062456.8265,1780936932847.176,-3590,4,599616061933.7496,50012.74792480469
89,599616062456.8265,1780936932847.179,6361,5,599616061941.4419,50020.440185546875
89,599616062456.8265,1780936932847.1821,-6053,6,599616061949.1343,50028.132568359375
89,599616062456.8265,1780936932847.1848,2567,7,599616061956.8265,50035.82482910156
89,599616062456.8265,1780936932847.188,2166,8,599616061964.5188,50043.51708984375
89,599616062456.8265,1780936932847.1912,-5842,9,599616061972.2112,50051.20947265625
89,599616062456.8265,1780936932847.1938,6445,10,599616061979.9034,50058.90173339844
89,599616062456.8265,1780936932847.196,-3973,11,599616061987.5958,50066.59411621094
89,599616062456.8265,1780936932847.199,-688,12,599616061995.2881,50074.286376953125
89,599616062456.8265,1780936932847.2012,4768,13,599616062002.9803,50081.97863769531
89,599616062456.8265,1780936932847.2039,-6668,14,599616062010.6727,50089.67102050781
89,599616062456.8265,1780936932847.206,5063,15,599616062018.365,50097.36328125
89,599616062456.8265,1780936932847.209,-1025,16,599616062026.0573,50105.05554199219
89,599616062456.8265,1780936932847.211,-3669,17,599616062033.7496,50112.74792480469
89,599616062456.8265,1780936932847.2139,6382,18,599616062041.4419,50120.440185546875
89,599616062456.8265,1780936932847.2158,-6051,19,599616062049.1343,50128.132568359375
89,599616062456.8265,1780936932847.219,2407,20,599616062056.8265,50135.82482910156
89,599616062456.8265,1780936932847.2222,2205,21,599616062064.5188,50143.51708984375
89,599616062456.8265,1780936932847.2239,-5833,22,599616062072.2112,50151.20947265625
89,599616062456.8265,1780936932847.227,6450,23,599616062079.9034,50158.90173339844
89,599616062456.8265,1780936932847.229,-3982,24,599616062087.5958,50166.59411621094
89,599616062456.8265,1780936932847.2358,-853,25,599616062095.2881,50174.286376953125
89,599616062456.8265,1780936932847.239,4831,26,599616062102.9803,50181.97863769531
89,599616062456.8265,1780936932847.2422,-6630,27,599616062110.6727,50189.67102050781
89,599616062456.8265,1780936932847.2441,4986,28,599616062118.365,50197.36328125
89,599616062456.8265,1780936932847.2468,-957,29,599616062126.0573,50205.05554199219
89,599616062456.8265,1780936932847.249,-3697,30,599616062133.7496,50212.74792480469
89,599616062456.8265,1780936932847.252,6412,31,599616062141.4419,50220.440185546875
89,599616062456.8265,1780936932847.2542,-5990,32,599616062149.1343,50228.132568359375
89,599616062456.8265,1780936932847.2568,2419,33,599616062156.8265,50235.82482910156
89,599616062456.8265,1780936932847.26,2330,34,599616062164.5188,50243.51708984375
89,599616062456.8265,1780936932847.262,-5884,35,599616062172.2112,50251.20947265625
89,599616062456.8265,1780936932847.265,6438,36,599616062179.9034,50258.90173339844
89,599616062456.8265,1780936932847.2668,-3826,37,599616062187.5958,50266.59411621094
89,599616062456.8265,1780936932847.27,-818,38,599616062195.2881,50274.286376953125
89,599616062456.8265,1780936932847.272,4912,39,599616062202.9803,50281.97863769531
89,599616062456.8265,1780936932847.275,-6635,40,599616062210.6727,50289.67102050781
89,599616062456.8265,1780936932847.2769,4949,41,599616062218.365,50297.36328125
89,599616062456.8265,1780936932847.28,-955,42,599616062226.0573,50305.05554199219
89,599616062456.8265,1780936932847.282,-3891,43,599616062233.7496,50312.74792480469
89,599616062456.8265,1780936932847.285,6415,44,599616062241.4419,50320.440185546875
89,599616062456.8265,1780936932847.2869,-5928,45,599616062249.1343,50328.132568359375
89,599616062456.8265,1780936932847.29,2284,46,599616062256.8265,50335.82482910156
89,599616062456.8265,1780936932847.292,2340,47,599616062264.5188,50343.51708984375
89,599616062456.8265,1780936932847.2952,-5911,48,599616062272.2112,50351.20947265625
89,599616062456.8265,1780936932847.2979,6436,49,599616062279.9034,50358.90173339844
89,599616062456.8265,1780936932847.3,-3789,50,599616062287.5958,50366.59411621094
89,599616062456.8265,1780936932847.303,-918,51,599616062295.2881,50374.286376953125
89,599616062456.8265,1780936932847.3052,4977,52,599616062302.9803,50381.97863769531
89,599616062456.8265,1780936932847.3079,-6640,53,599616062310.6727,50389.67102050781
89,599616062456.8265,1780936932847.31,4884,54,599616062318.365,50397.36328125
89,599616062456.8265,1780936932847.313,-770,55,599616062326.0573,50405.05554199219
89,599616062456.8265,1780936932847.316,-3794,56,599616062333.7496,50412.74792480469
89,599616062456.8265,1780936932847.3179,6450,57,599616062341.4419,50420.440185546875
89,599616062456.8265,1780936932847.321,-5932,58,599616062349.1343,50428.132568359375
89,599616062456.8265,1780936932847.323,2247,59,599616062356.8265,50435.82482910156
89,599616062456.8265,1780936932847.326,2439,60,599616062364.5188,50443.51708984375
89,599616062456.8265,1780936932847.328,-5967,61,599616062372.2112,50451.20947265625
89,599616062456.8265,1780936932847.331,6406,62,599616062379.9034,50458.90173339844
89,599616062456.8265,1780936932847.333,-3736,63,599616062387.5958,50466.59411621094
89,599616062456.8265,1780936932847.336,-999,64,599616062395.2881,50474.286376953125
89,599616062456.8265,1780936932847.338,4993,65,599616062402.9803,50481.97863769531
89,599616062456.8265,1780936932847.341,-6788,66,599616062410.6727,50489.67102050781
89,599616062456.8265,1780936932847.343,4759,67,599616062418.365,50497.36328125
89,599616062456.8265,1780936932847.347,-642,68,599616062426.0573,50505.05554199219
89,599616062456.8265,1780936932847.3489,-3903,69,599616062433.7496,50512.74792480469
89,599616062456.8265,1780936932847.352,6392,70,599616062441.4419,50520.440185546875
89,599616062456.8265,1780936932847.354,-5888,71,599616062449.1343,50528.132568359375
89,599616062456.8265,1780936932847.357,2168,72,599616062456.8265,50535.82482910156
90,599616063018.4493,1780936933432.069,2484,0,599616062464.6031,50543.60144042969
90,599616063018.4493,1780936933432.101,-6000,1,599616062472.2955,50551.29382324219
90,599616063018.4493,1780936933432.116,6417,2,599616062479.9878,50558.986083984375
90,599616063018.4493,1780936933432.1301,-3641,3,599616062487.68,50566.67834472656
90,599616063018.4493,1780936933432.144,-1043,4,599616062495.3724,50574.37072753906
90,599616063018.4493,1780936933432.16,5128,5,599616062503.0647,50582.06298828125
90,599616063018.4493,1780936933432.173,-6665,6,599616062510.7571,50589.75537109375
90,599616063018.4493,1780936933432.1858,4759,7,599616062518.4493,50597.44763183594
90,599616063018.4493,1780936933432.199,-589,8,599616062526.1416,50605.139892578125
90,599616063018.4493,1780936933432.2168,-3966,9,599616062533.834,50612.832275390625
90,599616063018.4493,1780936933432.23,6450,10,599616062541.5262,50620.52453613281
90,599616063018.4493,1780936933432.242,-5849,11,599616062549.2186,50628.21691894531
90,599616063018.4493,1780936933432.2551,2052,12,599616062556.9109,50635.9091796875
90,599616063018.4493,1780936933432.2678,2560,13,599616062564.6031,50643.60144042969
90,599616063018.4493,1780936933432.281,-6004,14,599616062572.2955,50651.29382324219
90,599616063018.4493,1780936933432.293,6371,15,599616062579.9878,50658.986083984375
90,599616063018.4493,1780936933432.3062,-3643,16,599616062587.68,50666.67834472656
90,599616063018.4493,1780936933432.3179,-1189,17,599616062595.3724,50674.37072753906
90,599616063018.4493,1780936933432.331,5160,18,599616062603.0647,50682.06298828125
90,599616063018.4493,1780936933432.343,-6626,19,599616062610.7571,50689.75537109375
90,599616063018.4493,1780936933432.3562,4766,20,599616062618.4493,50697.44763183594
90,599616063018.4493,1780936933432.369,-452,21,599616062626.1416,50705.139892578125
90,599616063018.4493,1780936933432.382,-4007,22,599616062633.834,50712.832275390625
90,599616063018.4493,1780936933432.394,6475,23,599616062641.5262,50720.52453613281
90,599616063018.4493,1780936933432.407,-5754,24,599616062649.2186,50728.21691894531
90,599616063018.4493,1780936933432.419,2105,25,599616062656.9109,50735.9091796875
90,599616063018.4493,1780936933432.432,2778,26,599616062664.6031,50743.60144042969
90,599616063018.4493,1780936933432.444,-5979,27,599616062672.2955,50751.29382324219
90,599616063018.4493,1780936933432.457,6345,28,599616062679.9878,50758.986083984375
90,599616063018.4493,1780936933432.469,-3499,29,599616062687.68,50766.67834472656
90,599616063018.4493,1780936933432.481,-1155,30,599616062695.3724,50774.37072753906
90,599616063018.4493,1780936933432.494,5202,31,599616062703.0647,50782.06298828125
90,599616063018.4493,1780936933432.506,-6663,32,599616062710.7571,50789.75537109375
90,599616063018.4493,1780936933432.518,4743,33,599616062718.4493,50797.44763183594
90,599616063018.4493,1780936933432.531,-345,34,599616062726.1416,50805.139892578125
90,599616063018.4493,1780936933432.544,-4086,35,599616062733.834,50812.832275390625
90,599616063018.4493,1780936933432.556,6487,36,599616062741.5262,50820.52453613281
90,599616063018.4493,1780936933432.569,-5696,37,599616062749.2186,50828.21691894531
90,599616063018.4493,1780936933432.581,1999,38,599616062756.9109,50835.9091796875
90,599616063018.4493,1780936933432.594,2713,39,599616062764.6031,50843.60144042969
90,599616063018.4493,1780936933432.606,-6132,40,599616062772.2955,50851.29382324219
90,599616063018.4493,1780936933432.618,6359,41,599616062779.9878,50858.986083984375
90,599616063018.4493,1780936933432.631,-3388,42,599616062787.68,50866.67834472656
90,599616063018.4493,1780936933432.6428,-1282,43,599616062795.3724,50874.37072753906
90,599616063018.4493,1780936933432.655,5262,44,599616062803.0647,50882.06298828125
90,599616063018.4493,1780936933432.668,-6593,45,599616062810.7571,50889.75537109375
90,599616063018.4493,1780936933432.68,4661,46,599616062818.4493,50897.44763183594
90,599616063018.4493,1780936933432.6921,-299,47,599616062826.1416,50905.139892578125
90,599616063018.4493,1780936933432.7048,-4098,48,599616062833.834,50912.832275390625
90,599616063018.4493,1780936933432.717,6542,49,599616062841.5262,50920.52453613281
90,599616063018.4493,1780936933432.73,-5666,50,599616062849.2186,50928.21691894531
90,599616063018.4493,1780936933432.7432,1913,51,599616062856.9109,50935.9091796875
90,599616063018.4493,1780936933432.7568,2827,52,599616062864.6031,50943.60144042969
90,599616063018.4493,1780936933432.77,-6072,53,599616062872.2955,50951.29382324219
90,599616063018.4493,1780936933432.782,6364,54,599616062879.9878,50958.986083984375
90,599616063018.4493,1780936933432.7952,-3332,55,599616062887.68,50966.67834472656
90,599616063018.4493,1780936933432.807,-1298,56,599616062895.3724,50974.37072753906
90,599616063018.4493,1780936933432.82,5357,57,599616062903.0647,50982.06298828125
90,599616063018.4493,1780936933432.832,-6607,58,599616062910.7571,50989.75537109375
90,599616063018.4493,1780936933432.853,4622,59,599616062918.4493,50997.44763183594
90,599616063018.4493,1780936933432.8662,-194,60,599616062926.1416,51005.139892578125
90,599616063018.4493,1780936933432.878,-4174,61,599616062933.834,51012.832275390625
90,599616063018.4493,1780936933432.8909,6554,62,599616062941.5262,51020.52453613281
90,599616063018.4493,1780936933432.903,-5633,63,599616062949.2186,51028.21691894531
90,599616063018.4493,1780936933432.916,1802,64,599616062956.9109,51035.9091796875
90,599616063018.4493,1780936933432.928,2901,65,599616062964.6031,51043.60144042969
90,599616063018.4493,1780936933432.941,-6076,66,599616062972.2955,51051.29382324219
90,599616063018.4493,1780936933432.953,6350,67,599616062979.9878,51058.986083984375
90,599616063018.4493,1780936933432.966,-3279,68,599616062987.68,51066.67834472656
90,599616063018.4493,1780936933432.978,-1410,69,599616062995.3724,51074.37072753906
90,599616063018.4493,1780936933432.991,5397,70,599616063003.0647,51082.06298828125
90,599616063018.4493,1780936933433.006,-6586,71,599616063010.7571,51089.75537109375
90,599616063018.4493,1780936933433.019,4592,72,599616063018.4493,51097.44763183594
91,599616063580.0516,1780936934061.873,-109,0,599616063026.2054,51105.20373535156
91,599616063580.0516,1780936934061.915,-4274,1,599616063033.8978,51112.89611816406
91,599616063580.0516,1780936934061.925,6577,2,599616063041.5901,51120.58837890625
91,599616063580.0516,1780936934061.9358,-5489,3,599616063049.2823,51128.28063964844
91,599616063580.0516,1780936934061.948,1788,4,599616063056.9747,51135.97302246094
91,599616063580.0516,1780936934061.9631,2940,5,599616063064.667,51143.665283203125
91,599616063580.0516,1780936934061.993,-6127,6,599616063072.3594,51151.357666015625
91,599616063580.0516,1780936934062.003,6408,7,599616063080.0516,51159.04992675781
91,599616063580.0516,1780936934062.012,-3091,8,599616063087.7439,51166.7421875
91,599616063580.0516,1780936934062.022,-1451,9,599616063095.4363,51174.4345703125
91,599616063580.0516,1780936934062.031,5429,10,599616063103.1285,51182.12683105469
91,599616063580.0516,1780936934062.04,-6584,11,599616063110.8209,51189.81921386719
91,599616063580.0516,1780936934062.0488,4545,12,599616063118.5132,51197.511474609375
91,599616063580.0516,1780936934062.0588,-53,13,599616063126.2054,51205.20373535156
91,599616063580.0516,1780936934062.0688,-4413,14,599616063133.8978,51212.89611816406
91,599616063580.0516,1780936934062.078,6600,15,599616063141.5901,51220.58837890625
91,599616063580.0516,1780936934062.0872,-5420,16,599616063149.2823,51228.28063964844
91,599616063580.0516,1780936934062.0962,1679,17,599616063156.9747,51235.97302246094
91,599616063580.0516,1780936934062.105,3045,18,599616063164.667,51243.665283203125
91,599616063580.0516,1780936934062.114,-6190,19,599616063172.3594,51251.357666015625
91,599616063580.0516,1780936934062.124,6243,20,599616063180.0516,51259.04992675781
91,599616063580.0516,1780936934062.133,-3063,21,599616063187.7439,51266.7421875
91,599616063580.0516,1780936934062.1418,-1482,22,599616063195.4363,51274.4345703125
91,599616063580.0516,1780936934062.151,5487,23,599616063203.1285,51282.12683105469
91,599616063580.0516,1780936934062.161,-6596,24,599616063210.8209,51289.81921386719
91,599616063580.0516,1780936934062.17,4520,25,599616063218.5132,51297.511474609375
91,599616063580.0516,1780936934062.1792,115,26,599616063226.2054,51305.20373535156
91,599616063580.0516,1780936934062.188,-4388,27,599616063233.8978,51312.89611816406
91,599616063580.0516,1780936934062.197,6647,28,599616063241.5901,51320.58837890625
91,599616063580.0516,1780936934062.207,-5397,29,599616063249.2823,51328.28063964844
91,599616063580.0516,1780936934062.216,1616,30,599616063256.9747,51335.97302246094
91,599616063580.0516,1780936934062.226,3221,31,599616063264.667,51343.665283203125
91,599616063580.0516,1780936934062.235,-6085,32,599616063272.3594,51351.357666015625
91,599616063580.0516,1780936934062.244,6359,33,599616063280.0516,51359.04992675781
91,599616063580.0516,1780936934062.254,-2933,34,599616063287.7439,51366.7421875
91,599616063580.0516,1780936934062.264,-1600,35,599616063295.4363,51374.4345703125
91,599616063580.0516,1780936934062.273,5564,36,599616063303.1285,51382.12683105469
91,599616063580.0516,1780936934062.282,-6600,37,599616063310.8209,51389.81921386719
91,599616063580.0516,1780936934062.291,4371,38,599616063318.5132,51397.511474609375
91,599616063580.0516,1780936934062.301,229,39,599616063326.2054,51405.20373535156
91,599616063580.0516,1780936934062.31,-4378,40,599616063333.8978,51412.89611816406
91,599616063580.0516,1780936934062.319,6686,41,599616063341.5901,51420.58837890625
91,599616063580.0516,1780936934062.329,-5341,42,599616063349.2823,51428.28063964844
91,599616063580.0516,1780936934062.3381,1498,43,599616063356.9747,51435.97302246094
91,599616063580.0516,1780936934062.347,3247,44,599616063364.667,51443.665283203125
91,599616063580.0516,1780936934062.357,-6150,45,599616063372.3594,51451.357666015625
91,599616063580.0516,1780936934062.366,6262,46,599616063380.0516,51459.04992675781
91,599616063580.0516,1780936934062.376,-2933,47,599616063387.7439,51466.7421875
91,599616063580.0516,1780936934062.385,-1679,48,599616063395.4363,51474.4345703125
91,599616063580.0516,1780936934062.3938,5661,49,599616063403.1285,51482.12683105469
91,599616063580.0516,1780936934062.4038,-6526,50,599616063410.8209,51489.81921386719
91,599616063580.0516,1780936934062.413,4369,51,599616063418.5132,51497.511474609375
91,599616063580.0516,1780936934062.422,299,52,599616063426.2054,51505.20373535156
91,599616063580.0516,1780936934062.4312,-4490,53,599616063433.8978,51512.89611816406
91,599616063580.0516,1780936934062.4412,6707,54,599616063441.5901,51520.58837890625
91,599616063580.0516,1780936934062.45,-5315,55,599616063449.2823,51528.28063964844
91,599616063580.0516,1780936934062.459,1363,56,599616063456.9747,51535.97302246094
91,599616063580.0516,1780936934062.468,3363,57,599616063464.667,51543.665283203125
91,599616063580.0516,1780936934062.478,-6157,58,599616063472.3594,51551.357666015625
91,599616063580.0516,1780936934062.4868,6215,59,599616063480.0516,51559.04992675781
91,599616063580.0516,1780936934062.4958,-2882,60,599616063487.7439,51566.7421875
91,599616063580.0516,1780936934062.5059,-1878,61,599616063495.4363,51574.4345703125
91,599616063580.0516,1780936934062.5151,5603,62,599616063503.1285,51582.12683105469
91,599616063580.0516,1780936934062.5242,-6591,63,599616063510.8209,51589.81921386719
91,599616063580.0516,1780936934062.957,4123,64,599616063518.5132,51597.511474609375
91,599616063580.0516,1780936934062.979,111,65,599616063526.2054,51605.20373535156
91,599616063580.0516,1780936934062.99,-4865,66,599616063533.8978,51612.89611816406
91,599616063580.0516,1780936934063.0,6417,67,599616063541.5901,51620.58837890625
91,599616063580.0516,1780936934063.01,-5448,68,599616063549.2823,51628.28063964844
91,599616063580.0516,1780936934063.02,1155,69,599616063556.9747,51635.97302246094
91,599616063580.0516,1780936934063.029,3265,70,599616063564.667,51643.665283203125
91,599616063580.0516,1780936934063.0369,-6341,71,599616063572.3594,51651.357666015625
91,599616063580.0516,1780936934063.045,6053,72,599616063580.0516,51659.04992675781
92,599616064141.6643,1780936934558.007,-2885,0,599616063587.8181,51666.81640625
92,599616064141.6643,1780936934558.021,-1952,1,599616063595.5105,51674.5087890625
92,599616064141.6643,1780936934558.025,5617,2,599616063603.2028,51682.20104980469
92,599616064141.6643,1780936934558.029,-6621,3,599616063610.895,51689.893310546875
92,599616064141.6643,1780936934558.033,4109,4,599616063618.5874,51697.585693359375
92,599616064141.6643,1780936934558.037,324,5,599616063626.2797,51705.27795410156
92,599616064141.6643,1780936934558.041,-4738,6,599616063633.972,51712.97033691406
92,599616064141.6643,1780936934558.047,6591,7,599616063641.6643,51720.66259765625
92,599616064141.6643,1780936934558.051,-5285,8,599616063649.3566,51728.35485839844
92,599616064141.6643,1780936934558.055,1180,9,599616063657.049,51736.04724121094
92,599616064141.6643,1780936934558.058,3418,10,599616063664.7412,51743.739501953125
92,599616064141.6643,1780936934558.072,-6378,11,599616063672.4336,51751.431884765625
92,599616064141.6643,1780936934558.076,6014,12,599616063680.1259,51759.12414550781
92,599616064141.6643,1780936934558.079,-2655,13,599616063687.8181,51766.81640625
92,599616064141.6643,1780936934558.083,-1876,14,599616063695.5105,51774.5087890625
92,599616064141.6643,1780936934558.086,5684,15,599616063703.2028,51782.20104980469
92,599616064141.6643,1780936934558.09,-6593,16,599616063710.895,51789.893310546875
92,599616064141.6643,1780936934558.093,4123,17,599616063718.5874,51797.585693359375
92,599616064141.6643,1780936934558.097,672,18,599616063726.2797,51805.27795410156
92,599616064141.6643,1780936934558.1,-4455,19,599616063733.972,51812.97033691406
92,599616064141.6643,1780936934558.104,6726,20,599616063741.6643,51820.66259765625
92,599616064141.6643,1780936934558.107,-5135,21,599616063749.3566,51828.35485839844
92,599616064141.6643,1780936934558.1108,1275,22,599616063757.049,51836.04724121094
92,599616064141.6643,1780936934558.117,3536,23,599616063764.7412,51843.739501953125
92,599616064141.6643,1780936934558.12,-6338,24,599616063772.4336,51851.431884765625
92,599616064141.6643,1780936934558.124,6134,25,599616063780.1259,51859.12414550781
92,599616064141.6643,1780936934558.1282,-2521,26,599616063787.8181,51866.81640625
92,599616064141.6643,1780936934558.1309,-1943,27,599616063795.5105,51874.5087890625
92,599616064141.6643,1780936934558.135,5777,28,599616063803.2028,51882.20104980469
92,599616064141.6643,1780936934558.138,-6482,29,599616063810.895,51889.893310546875
92,599616064141.6643,1780936934558.1418,4128,30,599616063818.5874,51897.585693359375
92,599616064141.6643,1780936934558.145,623,31,599616063826.2797,51905.27795410156
92,599616064141.6643,1780936934558.1492,-4689,32,599616063833.972,51912.97033691406
92,599616064141.6643,1780936934558.1519,6733,33,599616063841.6643,51920.66259765625
92,599616064141.6643,1780936934558.156,-5141,34,599616063849.3566,51928.35485839844
92,599616064141.6643,1780936934558.1592,1034,35,599616063857.049,51936.04724121094
92,599616064141.6643,1780936934558.1628,3625,36,599616063864.7412,51943.739501953125
92,599616064141.6643,1780936934558.166,-6308,37,599616063872.4336,51951.431884765625
92,599616064141.6643,1780936934558.1702,5974,38,599616063880.1259,51959.12414550781
92,599616064141.6643,1780936934558.1729,-2646,39,599616063887.8181,51966.81640625
92,599616064141.6643,1780936934558.177,-2240,40,599616063895.5105,51974.5087890625
92,599616064141.6643,1780936934558.1802,5429,41,599616063903.2028,51982.20104980469
92,599616064141.6643,1780936934558.1838,-7150,42,599616063910.895,51989.893310546875
92,599616064141.6643,1780936934558.187,3214,43,599616063918.5874,51997.585693359375
92,599616064141.6643,1780936934558.1912,-85,44,599616063926.2797,52005.27795410156
92,599616064141.6643,1780936934558.1938,-5462,45,599616063933.972,52012.97033691406
92,599616064141.6643,1780936934558.198,5972,46,599616063941.6643,52020.66259765625
92,599616064141.6643,1780936934558.2012,-5865,47,599616063949.3566,52028.35485839844
92,599616064141.6643,1780936934558.2048,296,48,599616063957.049,52036.04724121094
92,599616064141.6643,1780936934558.208,3133,49,599616063964.7412,52043.739501953125
92,599616064141.6643,1780936934558.2122,-6779,50,599616063972.4336,52051.431884765625
92,599616064141.6643,1780936934558.2148,5726,51,599616063980.1259,52059.12414550781
92,599616064141.6643,1780936934558.219,-2321,52,599616063987.8181,52066.81640625
92,599616064141.6643,1780936934558.2222,-1846,53,599616063995.5105,52074.5087890625
92,599616064141.6643,1780936934558.226,5640,54,599616064003.2028,52082.20104980469
92,599616064141.6643,1780936934558.229,-6844,55,599616064010.895,52089.893310546875
92,599616064141.6643,1780936934558.233,3877,56,599616064018.5874,52097.585693359375
92,599616064141.6643,1780936934558.2358,630,57,599616064026.2797,52105.27795410156
92,599616064141.6643,1780936934558.24,-5100,58,599616064033.972,52112.97033691406
92,599616064141.6643,1780936934558.244,6531,59,599616064041.6643,52120.66259765625
92,599616064141.6643,1780936934558.249,-5167,60,599616064049.3566,52128.35485839844
92,599616064141.6643,1780936934558.253,718,61,599616064057.049,52136.04724121094
92,599616064141.6643,1780936934558.257,3604,62,599616064064.7412,52143.739501953125
92,599616064141.6643,1780936934558.261,-6468,63,599616064072.4336,52151.431884765625
92,599616064141.6643,1780936934558.265,5893,64,599616064080.1259,52159.12414550781
92,599616064141.6643,1780936934558.269,-2472,65,599616064087.8181,52166.81640625
92,599616064141.6643,1780936934558.272,-2358,66,599616064095.5105,52174.5087890625
92,599616064141.6643,1780936934558.276,5840,67,599616064103.2028,52182.20104980469
92,599616064141.6643,1780936934558.299,-6352,68,599616064110.895,52189.893310546875
92,599616064141.6643,1780936934558.306,4095,69,599616064118.5874,52197.585693359375
92,599616064141.6643,1780936934558.31,1080,70,599616064126.2797,52205.27795410156
92,599616064141.6643,1780936934558.314,-4680,71,599616064133.972,52212.97033691406
92,599616064141.6643,1780936934558.3179,6867,72,599616064141.6643,52220.66259765625
93,599616064703.287,1780936935098.9731,-4835,0,599616064149.4408,52228.43908691406
93,599616064703.287,1780936935098.991,983,1,599616064157.1332,52236.13146972656
93,599616064703.287,1780936935099.0042,3931,2,599616064164.8254,52243.82373046875
93,599616064703.287,1780936935099.0168,-6350,3,599616064172.5177,52251.51599121094
93,599616064703.287,1780936935099.03,6039,4,599616064180.2101,52259.20837402344
93,599616064703.287,1780936935099.1262,-2187,5,599616064187.9023,52266.900634765625
93,599616064703.287,1780936935099.144,-2312,6,599616064195.5947,52274.593017578125
93,599616064703.287,1780936935099.158,5886,7,599616064203.287,52282.28527832031
93,599616064703.287,1780936935099.172,-6521,8,599616064210.9792,52289.9775390625
93,599616064703.287,1780936935099.185,3729,9,599616064218.6716,52297.669921875
93,599616064703.287,1780936935099.2,930,10,599616064226.3639,52305.36218261719
93,599616064703.287,1780936935099.214,-4963,11,599616064234.0563,52313.05456542969
93,599616064703.287,1780936935099.227,6654,12,599616064241.7485,52320.746826171875
93,599616064703.287,1780936935099.241,-4933,13,599616064249.4408,52328.43908691406
93,599616064703.287,1780936935099.254,728,14,599616064257.1332,52336.13146972656
93,599616064703.287,1780936935099.268,3789,15,599616064264.8254,52343.82373046875
93,599616064703.287,1780936935099.28,-6598,16,599616064272.5177,52351.51599121094
93,599616064703.287,1780936935099.293,5791,17,599616064280.2101,52359.20837402344
93,599616064703.287,1780936935099.305,-2284,18,599616064287.9023,52366.900634765625
93,599616064703.287,1780936935099.318,-2555,19,599616064295.5947,52374.593017578125
93,599616064703.287,1780936935099.3308,5863,20,599616064303.287,52382.28527832031
93,599616064703.287,1780936935099.343,-6394,21,599616064310.9792,52389.9775390625
93,599616064703.287,1780936935099.355,3755,22,599616064318.6716,52397.669921875
93,599616064703.287,1780936935099.3682,983,23,599616064326.3639,52405.36218261719
93,599616064703.287,1780936935099.3801,-5007,24,599616064334.0563,52413.05456542969
93,599616064703.287,1780936935099.3928,6737,25,599616064341.7485,52420.746826171875
93,599616064703.287,1780936935099.406,-4826,26,599616064349.4408,52428.43908691406
93,599616064703.287,1780936935099.418,716,27,599616064357.1332,52436.13146972656
93,599616064703.287,1780936935099.457,4010,28,599616064364.8254,52443.82373046875
93,599616064703.287,1780936935099.5222,-6431,29,599616064372.5177,52451.51599121094
93,599616064703.287,1780936935099.542,5935,30,599616064380.2101,52459.20837402344
93,599616064703.287,1780936935099.555,-2038,31,599616064387.9023,52466.900634765625
93,599616064703.287,1780936935099.5679,-2484,32,599616064395.5947,52474.593017578125
93,599616064703.287,1780936935099.678,6046,33,599616064403.287,52482.28527832031
93,599616064703.287,1780936935099.876,-6299,34,599616064410.9792,52489.9775390625
93,599616064703.287,1780936935099.895,3687,35,599616064418.6716,52497.669921875
93,599616064703.287,1780936935099.9082,1066,36,599616064426.3639,52505.36218261719
93,599616064703.287,1780936935099.921,-5079,37,599616064434.0563,52513.05456542969
93,599616064703.287,1780936935100.058,6693,38,599616064441.7485,52520.746826171875
93,599616064703.287,1780936935100.074,-4838,39,599616064449.4408,52528.43908691406
93,599616064703.287,1780936935100.087,540,40,599616064457.1332,52536.13146972656
93,599616064703.287,1780936935100.313,4003,41,599616064464.8254,52543.82373046875
93,599616064703.287,1780936935100.3289,-6538,42,599616064472.5177,52551.51599121094
93,599616064703.287,1780936935100.3389,5763,43,599616064480.2101,52559.20837402344
93,599616064703.287,1780936935100.3489,-2068,44,599616064487.9023,52566.900634765625
93,599616064703.287,1780936935100.359,-2667,45,599616064495.5947,52574.593017578125
93,599616064703.287,1780936935100.368,5932,46,599616064503.287,52582.28527832031
93,599616064703.287,1780936935100.378,-6357,47,599616064510.9792,52589.9775390625
93,599616064703.287,1780936935100.3872,3703,48,599616064518.6716,52597.669921875
93,599616064703.287,1780936935100.401,1333,49,599616064526.3639,52605.36218261719
93,599616064703.287,1780936935100.481,-4974,50,599616064534.0563,52613.05456542969
93,599616064703.287,1780936935100.492,6828,51,599616064541.7485,52620.746826171875
93,599616064703.287,1780936935100.502,-4654,52,599616064549.4408,52628.43908691406
93,599616064703.287,1780936935100.512,568,53,599616064557.1332,52636.13146972656
93,599616064703.287,1780936935100.522,4223,54,599616064564.8254,52643.82373046875
93,599616064703.287,1780936935100.531,-6424,55,599616064572.5177,52651.51599121094
93,599616064703.287,1780936935100.54,5835,56,599616064580.2101,52659.20837402344
93,599616064703.287,1780936935100.55,-1867,57,599616064587.9023,52666.900634765625
93,599616064703.287,1780936935100.559,-2616,58,599616064595.5947,52674.593017578125
93,599616064703.287,1780936935100.568,6185,59,599616064603.287,52682.28527832031
93,599616064703.287,1780936935100.5781,-6250,60,599616064610.9792,52689.9775390625
93,599616064703.287,1780936935100.587,3497,61,599616064618.6716,52697.669921875
93,599616064703.287,1780936935100.596,1296,62,599616064626.3639,52705.36218261719
93,599616064703.287,1780936935100.606,-5146,63,599616064634.0563,52713.05456542969
93,599616064703.287,1780936935100.615,6665,64,599616064641.7485,52720.746826171875
93,599616064703.287,1780936935100.689,-4803,65,599616064649.4408,52728.43908691406
93,599616064703.287,1780936935100.7,204,66,599616064657.1332,52736.13146972656
93,599616064703.287,1780936935100.71,4054,67,599616064664.8254,52743.82373046875
93,599616064703.287,1780936935100.719,-6598,68,599616064672.5177,52751.51599121094
93,599616064703.287,1780936935100.729,5661,69,599616064680.2101,52759.20837402344
93,599616064703.287,1780936935100.738,-1920,70,599616064687.9023,52766.900634765625
93,599616064703.287,1780936935100.747,-2831,71,599616064695.5947,52774.593017578125
93,599616064703.287,1780936935100.7568,6160,72,599616064703.287,52782.28527832031
94,599616065264.9047,1780936935681.53,-6183,0,599616064711.0585,52790.05676269531
94,599616065264.9047,1780936935681.539,3481,1,599616064718.7509,52797.74914550781
94,599616065264.9047,1780936935681.542,1440,2,599616064726.4431,52805.44140625
94,599616065264.9047,1780936935681.545,-5114,3,599616064734.1354,52813.13366699219
94,599616065264.9047,1780936935681.548,6739,4,599616064741.8278,52820.82604980469
94,599616065264.9047,1780936935681.553,-4634,5,599616064749.52,52828.518310546875
94,599616065264.9047,1780936935681.555,264,6,599616064757.2124,52836.210693359375
94,599616065264.9047,1780936935681.5579,4293,7,599616064764.9047,52843.90295410156
94,599616065264.9047,1780936935681.561,-6440,8,599616064772.5969,52851.59521484375
94,599616065264.9047,1780936935681.563,5700,9,599616064780.2893,52859.28759765625
94,599616065264.9047,1780936935681.566,-1811,10,599616064787.9816,52866.97985839844
94,599616065264.9047,1780936935681.5679,-2880,11,599616064795.674,52874.67224121094
94,599616065264.9047,1780936935681.571,6127,12,599616064803.3662,52882.364501953125
94,599616065264.9047,1780936935681.573,-6324,13,599616064811.0585,52890.05676269531
94,599616065264.9047,1780936935681.576,3260,14,599616064818.7509,52897.74914550781
94,599616065264.9047,1780936935681.578,1384,15,599616064826.4431,52905.44140625
94,599616065264.9047,1780936935681.581,-5355,16,599616064834.1354,52913.13366699219
94,599616065264.9047,1780936935681.584,6598,17,599616064841.8278,52920.82604980469
94,599616065264.9047,1780936935681.586,-4562,18,599616064849.52,52928.518310546875
94,599616065264.9047,1780936935681.5889,220,19,599616064857.2124,52936.210693359375
94,599616065264.9047,1780936935681.591,4255,20,599616064864.9047,52943.90295410156
94,599616065264.9047,1780936935681.594,-6614,21,599616064872.5969,52951.59521484375
94,599616065264.9047,1780936935681.596,5596,22,599616064880.2893,52959.28759765625
94,599616065264.9047,1780936935681.5989,-1739,23,599616064887.9816,52966.97985839844
94,599616065264.9047,1780936935681.602,-2889,24,599616064895.674,52974.67224121094
94,599616065264.9047,1780936935681.604,6364,25,599616064903.3662,52982.364501953125
94,599616065264.9047,1780936935681.607,-6090,26,599616064911.0585,52990.05676269531
94,599616065264.9047,1780936935681.609,3427,27,599616064918.7509,52997.74914550781
94,599616065264.9047,1780936935681.612,1802,28,599616064926.4431,53005.44140625
94,599616065264.9047,1780936935681.6152,-5160,29,599616064934.1354,53013.13366699219
94,599616065264.9047,1780936935681.617,6746,30,599616064941.8278,53020.82604980469
94,599616065264.9047,1780936935681.6199,-4344,31,599616064949.52,53028.518310546875
94,599616065264.9047,1780936935681.622,273,32,599616064957.2124,53036.210693359375
94,599616065264.9047,1780936935681.625,4448,33,599616064964.9047,53043.90295410156
94,599616065264.9047,1780936935681.627,-6561,34,599616064972.5969,53051.59521484375
94,599616065264.9047,1780936935681.63,5626,35,599616064980.2893,53059.28759765625
94,599616065264.9047,1780936935681.632,-1530,36,599616064987.9816,53066.97985839844
94,599616065264.9047,1780936935681.635,-2971,37,599616064995.674,53074.67224121094
94,599616065264.9047,1780936935681.637,6280,38,599616065003.3662,53082.364501953125
94,599616065264.9047,1780936935681.64,-6250,39,599616065011.0585,53090.05676269531
94,599616065264.9047,1780936935681.642,3121,40,599616065018.7509,53097.74914550781
94,599616065264.9047,1780936935681.65,1707,41,599616065026.4431,53105.44140625
94,599616065264.9047,1780936935681.652,-5373,42,599616065034.1354,53113.13366699219
94,599616065264.9047,1780936935681.655,6633,43,599616065041.8278,53120.82604980469
94,599616065264.9047,1780936935681.657,-4355,44,599616065049.52,53128.518310546875
94,599616065264.9047,1780936935681.66,57,45,599616065057.2124,53136.210693359375
94,599616065264.9047,1780936935681.663,4483,46,599616065064.9047,53143.90295410156
94,599616065264.9047,1780936935681.665,-6491,47,599616065072.5969,53151.59521484375
94,599616065264.9047,1780936935681.668,5629,48,599616065080.2893,53159.28759765625
94,599616065264.9047,1780936935681.67,-1424,49,599616065087.9816,53166.97985839844
94,599616065264.9047,1780936935681.673,-2957,50,599616065095.674,53174.67224121094
94,599616065264.9047,1780936935681.676,6508,51,599616065103.3662,53182.364501953125
94,599616065264.9047,1780936935681.678,-6007,52,599616065111.0585,53190.05676269531
94,599616065264.9047,1780936935681.681,3170,53,599616065118.7509,53197.74914550781
94,599616065264.9047,1780936935681.683,1850,54,599616065126.4431,53205.44140625
94,599616065264.9047,1780936935681.686,-5366,55,599616065134.1354,53213.13366699219
94,599616065264.9047,1780936935681.688,6684,56,599616065141.8278,53220.82604980469
94,599616065264.9047,1780936935681.692,-4295,57,599616065149.52,53228.518310546875
94,599616065264.9047,1780936935681.695,-109,58,599616065157.2124,53236.210693359375
94,599616065264.9047,1780936935681.698,4436,59,599616065164.9047,53243.90295410156
94,599616065264.9047,1780936935681.7,-6675,60,599616065172.5969,53251.59521484375
94,599616065264.9047,1780936935681.7031,5380,61,599616065180.2893,53259.28759765625
94,599616065264.9047,1780936935681.706,-1563,62,599616065187.9816,53266.97985839844
94,599616065264.9047,1780936935681.708,-3404,63,599616065195.674,53274.67224121094
94,599616065264.9047,1780936935681.711,6136,64,599616065203.3662,53282.364501953125
94,599616065264.9047,1780936935681.7131,-6294,65,599616065211.0585,53290.05676269531
94,599616065264.9047,1780936935681.716,2746,66,599616065218.7509,53297.74914550781
94,599616065264.9047,1780936935681.718,1579,67,599616065226.4431,53305.44140625
94,599616065264.9047,1780936935681.721,-5624,68,599616065234.1354,53313.13366699219
94,599616065264.9047,1780936935681.7231,6649,69,599616065241.8278,53320.82604980469
94,599616065264.9047,1780936935681.726,-4135,70,599616065249.52,53328.518310546875
94,599616065264.9047,1780936935681.729,-27,71,599616065257.2124,53336.210693359375
94,599616065264.9047,1780936935681.731,4722,72,599616065264.9047,53343.90295410156
95,599616065826.502,1780936936221.663,-6475,0,599616065272.6558,53351.654052734375
95,599616065826.502,1780936936221.673,5543,1,599616065280.3481,53359.346435546875
95,599616065826.502,1780936936221.677,-1210,2,599616065288.0404,53367.03869628906
95,599616065826.502,1780936936221.68,-3207,3,599616065295.7327,53374.73095703125
95,599616065826.502,1780936936221.683,6387,4,599616065303.425,53382.42333984375
95,599616065826.502,1780936936221.6858,-6037,5,599616065311.1173,53390.11560058594
95,599616065826.502,1780936936221.688,2975,6,599616065318.8097,53397.80798339844
95,599616065826.502,1780936936221.6921,1918,7,599616065326.502,53405.500244140625
95,599616065826.502,1780936936221.694,-5654,8,599616065334.1942,53413.19250488281
95,599616065826.502,1780936936221.697,6579,9,599616065341.8866,53420.88488769531
95,599616065826.502,1780936936221.7,-4119,10,599616065349.5789,53428.5771484375
95,599616065826.502,1780936936221.7021,-271,11,599616065357.2712,53436.26953125
95,599616065826.502,1780936936221.705,4634,12,599616065364.9635,53443.96179199219
95,599616065826.502,1780936936221.707,-6591,13,599616065372.6558,53451.654052734375
95,599616065826.502,1780936936221.71,5350,14,599616065380.3481,53459.346435546875
95,599616065826.502,1780936936221.7122,-1261,15,599616065388.0404,53467.03869628906
95,599616065826.502,1780936936221.715,-3388,16,599616065395.7327,53474.73095703125
95,599616065826.502,1780936936221.718,6276,17,599616065403.425,53482.42333984375
95,599616065826.502,1780936936221.72,-6290,18,599616065411.1173,53490.11560058594
95,599616065826.502,1780936936221.7231,2535,19,599616065418.8097,53497.80798339844
95,599616065826.502,1780936936221.725,1730,20,599616065426.502,53505.500244140625
95,599616065826.502,1780936936221.728,-5842,21,599616065434.1942,53513.19250488281
95,599616065826.502,1780936936221.73,6491,22,599616065441.8866,53520.88488769531
95,599616065826.502,1780936936221.7332,-4086,23,599616065449.5789,53528.5771484375
95,599616065826.502,1780936936221.735,-317,24,599616065457.2712,53536.26953125
95,599616065826.502,1780936936221.738,4794,25,599616065464.9635,53543.96179199219
95,599616065826.502,1780936936221.74,-6515,26,599616065472.6558,53551.654052734375
95,599616065826.502,1780936936221.7432,5350,27,599616065480.3481,53559.346435546875
95,599616065826.502,1780936936221.745,-1122,28,599616065488.0404,53567.03869628906
95,599616065826.502,1780936936221.748,-3383,29,599616065495.7327,53574.73095703125
95,599616065826.502,1780936936221.75,6422,30,599616065503.425,53582.42333984375
95,599616065826.502,1780936936221.753,-6072,31,599616065511.1173,53590.11560058594
95,599616065826.502,1780936936221.7551,2674,32,599616065518.8097,53597.80798339844
95,599616065826.502,1780936936221.7578,1976,33,599616065526.502,53605.500244140625
95,599616065826.502,1780936936221.76,-5849,34,599616065534.1942,53613.19250488281
95,599616065826.502,1780936936221.763,6417,35,599616065541.8866,53620.88488769531
95,599616065826.502,1780936936221.766,-4200,36,599616065549.5789,53628.5771484375
95,599616065826.502,1780936936221.7678,-686,37,599616065557.2712,53636.26953125
95,599616065826.502,1780936936221.771,4617,38,599616065564.9635,53643.96179199219
95,599616065826.502,1780936936221.773,-6691,39,599616065572.6558,53651.654052734375
95,599616065826.502,1780936936221.7761,5130,40,599616065580.3481,53659.346435546875
95,599616065826.502,1780936936221.7778,-1331,41,599616065588.0404,53667.03869628906
95,599616065826.502,1780936936221.781,-3861,42,599616065595.7327,53674.73095703125
95,599616065826.502,1780936936221.783,6276,43,599616065603.425,53682.42333984375
95,599616065826.502,1780936936221.7861,-5884,44,599616065611.1173,53690.11560058594
95,599616065826.502,1780936936221.7878,2824,45,599616065618.8097,53697.80798339844
95,599616065826.502,1780936936221.791,2282,46,599616065626.502,53705.500244140625
95,599616065826.502,1780936936221.793,-5596,47,599616065634.1942,53713.19250488281
95,599616065826.502,1780936936221.7961,6737,48,599616065641.8866,53720.88488769531
95,599616065826.502,1780936936221.7988,-3854,49,599616065649.5789,53728.5771484375
95,599616065826.502,1780936936221.801,-535,50,599616065657.2712,53736.26953125
95,599616065826.502,1780936936221.804,4914,51,599616065664.9635,53743.96179199219
95,599616065826.502,1780936936221.8062,-6526,52,599616065672.6558,53751.654052734375
95,599616065826.502,1780936936221.8088,5181,53,599616065680.3481,53759.346435546875
95,599616065826.502,1780936936221.811,-999,54,599616065688.0404,53767.03869628906
95,599616065826.502,1780936936221.814,-3527,55,599616065695.7327,53774.73095703125
95,599616065826.502,1780936936221.8162,6528,56,599616065703.425,53782.42333984375
95,599616065826.502,1780936936221.8188,-6002,57,599616065711.1173,53790.11560058594
95,599616065826.502,1780936936221.821,2500,58,599616065718.8097,53797.80798339844
95,599616065826.502,1780936936221.824,2259,59,599616065726.502,53805.500244140625
95,599616065826.502,1780936936221.8262,-5798,60,599616065734.1942,53813.19250488281
95,599616065826.502,1780936936221.8289,6540,61,599616065741.8866,53820.88488769531
95,599616065826.502,1780936936221.831,-3864,62,599616065749.5789,53828.5771484375
95,599616065826.502,1780936936221.834,-746,63,599616065757.2712,53836.26953125
95,599616065826.502,1780936936221.8362,4777,64,599616065764.9635,53843.96179199219
95,599616065826.502,1780936936221.8389,-6746,65,599616065772.6558,53851.654052734375
95,599616065826.502,1780936936221.842,4910,66,599616065780.3481,53859.346435546875
95,599616065826.502,1780936936221.844,-1117,67,599616065788.0404,53867.03869628906
95,599616065826.502,1780936936221.8472,-3864,68,599616065795.7327,53874.73095703125
95,599616065826.502,1780936936221.8489,6278,69,599616065803.425,53882.42333984375
95,599616065826.502,1780936936221.852,-6113,70,599616065811.1173,53890.11560058594
95,599616065826.502,1780936936221.855,2333,71,599616065818.8097,53897.80798339844
95,599616065826.502,1780936936221.8572,2198,72,599616065826.502,53905.500244140625
96,599616066388.1299,1780936936805.877,-6055,0,599616065834.2837,53913.281982421875
96,599616066388.1299,1780936936805.898,6252,1,599616065841.9761,53920.974365234375
96,599616066388.1299,1780936936805.905,-3963,2,599616065849.6683,53928.66662597656
96,599616066388.1299,1780936936805.909,-790,3,599616065857.3606,53936.35888671875
96,599616066388.1299,1780936936805.913,4947,4,599616065865.053,53944.05126953125
96,599616066388.1299,1780936936805.917,-6698,5,599616065872.7452,53951.74353027344
96,599616066388.1299,1780936936805.93,4933,6,599616065880.4376,53959.43591308594
96,599616066388.1299,1780936936805.9338,-867,7,599616065888.1299,53967.128173828125
96,599616066388.1299,1780936936805.938,-3782,8,599616065895.8221,53974.82043457031
96,599616066388.1299,1780936936805.9421,6387,9,599616065903.5145,53982.51281738281
96,599616066388.1299,1780936936805.946,-6051,10,599616065911.2068,53990.205078125
96,599616066388.1299,1780936936805.95,2228,11,599616065918.8992,53997.8974609375
96,599616066388.1299,1780936936805.954,2282,12,599616065926.5914,54005.58972167969
96,599616066388.1299,1780936936805.958,-6009,13,599616065934.2837,54013.281982421875
96,599616066388.1299,1780936936805.9622,6380,14,599616065941.9761,54020.974365234375
96,599616066388.1299,1780936936805.967,-3833,15,599616065949.6683,54028.66662597656
96,599616066388.1299,1780936936805.971,-934,16,599616065957.3606,54036.35888671875
96,599616066388.1299,1780936936805.9749,4977,17,599616065965.053,54044.05126953125
96,599616066388.1299,1780936936805.979,-6656,18,599616065972.7452,54051.74353027344
96,599616066388.1299,1780936936805.9832,4942,19,599616065980.4376,54059.43591308594
96,599616066388.1299,1780936936805.9868,-651,20,599616065988.1299,54067.128173828125
96,599616066388.1299,1780936936805.991,-3699,21,599616065995.8221,54074.82043457031
96,599616066388.1299,1780936936806.0032,6575,22,599616066003.5145,54082.51281738281
96,599616066388.1299,1780936936806.0068,-5649,23,599616066011.2068,54090.205078125
96,599616066388.1299,1780936936806.012,2588,24,599616066018.8992,54097.8974609375
96,599616066388.1299,1780936936806.0159,2688,25,599616066026.5914,54105.58972167969
96,599616066388.1299,1780936936806.02,-5705,26,599616066034.2837,54113.281982421875
96,599616066388.1299,1780936936806.0242,6672,27,599616066041.9761,54120.974365234375
96,599616066388.1299,1780936936806.0278,-3513,28,599616066049.6683,54128.66662597656
96,599616066388.1299,1780936936806.032,-753,29,599616066057.3606,54136.35888671875
96,599616066388.1299,1780936936806.036,5202,30,599616066065.053,54144.05126953125
96,599616066388.1299,1780936936806.04,-6556,31,599616066072.7452,54151.74353027344
96,599616066388.1299,1780936936806.0442,5035,32,599616066080.4376,54159.43591308594
96,599616066388.1299,1780936936806.0479,-498,33,599616066088.1299,54167.128173828125
96,599616066388.1299,1780936936806.052,-3803,34,599616066095.8221,54174.82043457031
96,599616066388.1299,1780936936806.056,6552,35,599616066103.5145,54182.51281738281
96,599616066388.1299,1780936936806.06,-5761,36,599616066111.2068,54190.205078125
96,599616066388.1299,1780936936806.064,2307,37,599616066118.8992,54197.8974609375
96,599616066388.1299,1780936936806.0679,2646,38,599616066126.5914,54205.58972167969
96,599616066388.1299,1780936936806.072,-5881,39,599616066134.2837,54213.281982421875
96,599616066388.1299,1780936936806.0762,6447,40,599616066141.9761,54220.974365234375
96,599616066388.1299,1780936936806.08,-3782,41,599616066149.6683,54228.66662597656
96,599616066388.1299,1780936936806.0852,-1356,42,599616066157.3606,54236.35888671875
96,599616066388.1299,1780936936806.0889,4708,43,599616066165.053,54244.05126953125
96,599616066388.1299,1780936936806.093,-7073,44,599616066172.7452,54251.74353027344
96,599616066388.1299,1780936936806.097,4490,45,599616066180.4376,54259.43591308594
96,599616066388.1299,1780936936806.101,-804,46,599616066188.1299,54267.128173828125
96,599616066388.1299,1780936936806.105,-4200,47,599616066195.8221,54274.82043457031
96,599616066388.1299,1780936936806.109,6350,48,599616066203.5145,54282.51281738281
96,599616066388.1299,1780936936806.113,-5791,49,599616066211.2068,54290.205078125
96,599616066388.1299,1780936936806.117,2112,50,599616066218.8992,54297.8974609375
96,599616066388.1299,1780936936806.122,2532,51,599616066226.5914,54305.58972167969
96,599616066388.1299,1780936936806.129,-6018,52,599616066234.2837,54313.281982421875
96,599616066388.1299,1780936936806.133,6457,53,599616066241.9761,54320.974365234375
96,599616066388.1299,1780936936806.1372,-3548,54,599616066249.6683,54328.66662597656
96,599616066388.1299,1780936936806.1409,-1104,55,599616066257.3606,54336.35888671875
96,599616066388.1299,1780936936806.169,5197,56,599616066265.053,54344.05126953125
96,599616066388.1299,1780936936806.181,-6705,57,599616066272.7452,54351.74353027344
96,599616066388.1299,1780936936806.185,4687,58,599616066280.4376,54359.43591308594
96,599616066388.1299,1780936936806.19,-528,59,599616066288.1299,54367.128173828125
96,599616066388.1299,1780936936806.195,-4133,60,599616066295.8221,54374.82043457031
96,599616066388.1299,1780936936806.199,6401,61,599616066303.5145,54382.51281738281
96,599616066388.1299,1780936936806.203,-5849,62,599616066311.2068,54390.205078125
96,599616066388.1299,1780936936806.207,1927,63,599616066318.8992,54397.8974609375
96,599616066388.1299,1780936936806.211,2599,64,599616066326.5914,54405.58972167969
96,599616066388.1299,1780936936806.215,-6014,65,599616066334.2837,54413.281982421875
96,599616066388.1299,1780936936806.23,6568,66,599616066341.9761,54420.974365234375
96,599616066388.1299,1780936936806.234,-3256,67,599616066349.6683,54428.66662597656
96,599616066388.1299,1780936936806.238,-1029,68,599616066357.3606,54436.35888671875
96,599616066388.1299,1780936936806.242,5422,69,599616066365.053,54444.05126953125
96,599616066388.1299,1780936936806.246,-6364,70,599616066372.7452,54451.74353027344
96,599616066388.1299,1780936936806.25,4961,71,599616066380.4376,54459.43591308594
96,599616066388.1299,1780936936806.254,-180,72,599616066388.1299,54467.128173828125
97,599616066949.7476,1780936937392.579,-3866,0,599616066395.9014,54474.899658203125
97,599616066949.7476,1780936937392.6,6753,1,599616066403.5938,54482.592041015625
97,599616066949.7476,1780936937392.608,-5480,2,599616066411.286,54490.28430175781
97,599616066949.7476,1780936937392.6138,2261,3,599616066418.9783,54497.9765625
97,599616066949.7476,1780936937392.621,3026,4,599616066426.6707,54505.6689453125
97,599616066949.7476,1780936937392.629,-5914,5,599616066434.3629,54513.36120605469
97,599616066949.7476,1780936937392.635,6552,6,599616066442.0553,54521.05358886719
97,599616066949.7476,1780936937392.642,-3251,7,599616066449.7476,54528.745849609375
97,599616066949.7476,1780936937392.648,-1201,8,599616066457.4398,54536.43811035156
97,599616066949.7476,1780936937392.654,5411,9,599616066465.1322,54544.13049316406
97,599616066949.7476,1780936937392.66,-6473,10,599616066472.8245,54551.82275390625
97,599616066949.7476,1780936937392.666,4826,11,599616066480.5168,54559.51513671875
97,599616066949.7476,1780936937392.672,-146,12,599616066488.2091,54567.20739746094
97,599616066949.7476,1780936937392.678,-4207,13,599616066495.9014,54574.899658203125
97,599616066949.7476,1780936937392.684,6308,14,599616066503.5938,54582.592041015625
97,599616066949.7476,1780936937392.69,-5993,15,599616066511.286,54590.28430175781
97,599616066949.7476,1780936937392.6958,1405,16,599616066518.9783,54597.9765625
97,599616066949.7476,1780936937392.7021,2289,17,599616066526.6707,54605.6689453125
97,599616066949.7476,1780936937392.708,-6561,18,599616066534.3629,54613.36120605469
97,599616066949.7476,1780936937392.714,5965,19,599616066542.0553,54621.05358886719
97,599616066949.7476,1780936937392.72,-3734,20,599616066549.7476,54628.745849609375
97,599616066949.7476,1780936937392.7258,-1697,21,599616066557.4398,54636.43811035156
97,599616066949.7476,1780936937392.732,5104,22,599616066565.1322,54644.13049316406
97,599616066949.7476,1780936937392.738,-6802,23,599616066572.8245,54651.82275390625
97,599616066949.7476,1780936937392.7432,4494,24,599616066580.5168,54659.51513671875
97,599616066949.7476,1780936937392.749,-313,25,599616066588.2091,54667.20739746094
97,599616066949.7476,1780936937392.7551,-4448,26,599616066595.9014,54674.899658203125
97,599616066949.7476,1780936937392.761,6331,27,599616066603.5938,54682.592041015625
97,599616066949.7476,1780936937392.7668,-5608,28,599616066611.286,54690.28430175781
97,599616066949.7476,1780936937392.773,1883,29,599616066618.9783,54697.9765625
97,599616066949.7476,1780936937392.779,2924,30,599616066626.6707,54705.6689453125
97,599616066949.7476,1780936937392.7852,-6062,31,599616066634.3629,54713.36120605469
97,599616066949.7476,1780936937392.79,6257,32,599616066642.0553,54721.05358886719
97,599616066949.7476,1780936937392.7961,-3353,33,599616066649.7476,54728.745849609375
97,599616066949.7476,1780936937392.802,-1270,34,599616066657.4398,54736.43811035156
97,599616066949.7476,1780936937392.8079,5408,35,599616066665.1322,54744.13049316406
97,599616066949.7476,1780936937392.814,-6804,36,599616066672.8245,54751.82275390625
97,599616066949.7476,1780936937392.8188,4522,37,599616066680.5168,54759.51513671875
97,599616066949.7476,1780936937392.825,-41,38,599616066688.2091,54767.20739746094
97,599616066949.7476,1780936937392.831,-4158,39,599616066695.9014,54774.899658203125
97,599616066949.7476,1780936937392.8372,6823,40,599616066703.5938,54782.592041015625
97,599616066949.7476,1780936937392.851,-5241,41,599616066711.286,54790.28430175781
97,599616066949.7476,1780936937392.8572,1985,42,599616066718.9783,54797.9765625
97,599616066949.7476,1780936937392.862,3149,43,599616066726.6707,54805.6689453125
97,599616066949.7476,1780936937392.8682,-5946,44,599616066734.3629,54813.36120605469
97,599616066949.7476,1780936937392.874,6524,45,599616066742.0553,54821.05358886719
97,599616066949.7476,1780936937392.88,-2947,46,599616066749.7476,54828.745849609375
97,599616066949.7476,1780936937392.8872,-1166,47,599616066757.4398,54836.43811035156
97,599616066949.7476,1780936937392.893,5703,48,599616066765.1322,54844.13049316406
97,599616066949.7476,1780936937392.899,-6452,49,599616066772.8245,54851.82275390625
97,599616066949.7476,1780936937392.905,4692,50,599616066780.5168,54859.51513671875
97,599616066949.7476,1780936937392.911,171,51,599616066788.2091,54867.20739746094
97,599616066949.7476,1780936937392.917,-4158,52,599616066795.9014,54874.899658203125
97,599616066949.7476,1780936937392.923,6788,53,599616066803.5938,54882.592041015625
97,599616066949.7476,1780936937392.9292,-5359,54,599616066811.286,54890.28430175781
97,599616066949.7476,1780936937392.935,1776,55,599616066818.9783,54897.9765625
97,599616066949.7476,1780936937392.941,3214,56,599616066826.6707,54905.6689453125
97,599616066949.7476,1780936937392.947,-6044,57,599616066834.3629,54913.36120605469
97,599616066949.7476,1780936937392.952,6338,58,599616066842.0553,54921.05358886719
97,599616066949.7476,1780936937392.9592,-3182,59,599616066849.7476,54928.745849609375
97,599616066949.7476,1780936937392.965,-1790,60,599616066857.4398,54936.43811035156
97,599616066949.7476,1780936937392.971,5097,61,599616066865.1322,54944.13049316406
97,599616066949.7476,1780936937392.977,-7247,62,599616066872.8245,54951.82275390625
97,599616066949.7476,1780936937392.982,3583,63,599616066880.5168,54959.51513671875
97,599616066949.7476,1780936937392.988,-869,64,599616066888.2091,54967.20739746094
97,599616066949.7476,1780936937392.994,-5204,65,599616066895.9014,54974.899658203125
97,599616066949.7476,1780936937393.125,5995,66,599616066903.5938,54982.592041015625
97,599616066949.7476,1780936937393.131,-6044,67,599616066911.286,54990.28430175781
97,599616066949.7476,1780936937393.134,1092,68,599616066918.9783,54997.9765625
97,599616066949.7476,1780936937393.136,2933,69,599616066926.6707,55005.6689453125
97,599616066949.7476,1780936937393.139,-6306,70,599616066934.3629,55013.36120605469
97,599616066949.7476,1780936937393.141,6083,71,599616066942.0553,55021.05358886719
97,599616066949.7476,1780936937393.145,-3300,72,599616066949.7476,55028.745849609375
98,599616067511.3702,1780936938022.708,-1976,0,599616066957.524,55036.52233886719
98,599616067511.3702,1780936938022.75,5257,1,599616066965.2164,55044.21472167969
98,599616067511.3702,1780936938022.765,-6848,2,599616066972.9087,55051.906982421875
98,599616067511.3702,1780936938022.802,4079,3,599616066980.601,55059.59924316406
98,599616067511.3702,1780936938022.817,-227,4,599616066988.2933,55067.29162597656
98,599616067511.3702,1780936938022.833,-4886,5,599616066995.9856,55074.98388671875
98,599616067511.3702,1780936938022.848,6220,6,599616067003.678,55082.67626953125
98,599616067511.3702,1780936938022.86,-5763,7,599616067011.3702,55090.36853027344
98,599616067511.3702,1780936938022.873,1175,8,599616067019.0625,55098.060791015625
98,599616067511.3702,1780936938022.886,3001,9,599616067026.7549,55105.753173828125
98,599616067511.3702,1780936938022.899,-6294,10,599616067034.4471,55113.44543457031
98,599616067511.3702,1780936938022.912,6215,11,599616067042.1395,55121.13781738281
98,599616067511.3702,1780936938022.9248,-2889,12,599616067049.8318,55128.830078125
98,599616067511.3702,1780936938022.939,-1512,13,599616067057.524,55136.52233886719
98,599616067511.3702,1780936938022.951,5772,14,599616067065.2164,55144.21472167969
98,599616067511.3702,1780936938022.964,-6406,15,599616067072.9087,55151.906982421875
98,599616067511.3702,1780936938022.977,4559,16,599616067080.601,55159.59924316406
98,599616067511.3702,1780936938022.99,389,17,599616067088.2933,55167.29162597656
98,599616067511.3702,1780936938023.002,-4353,18,599616067095.9856,55174.98388671875
98,599616067511.3702,1780936938023.0151,6881,19,599616067103.678,55182.67626953125
98,599616067511.3702,1780936938023.0269,-5148,20,599616067111.3702,55190.36853027344
98,599616067511.3702,1780936938023.04,1621,21,599616067119.0625,55198.060791015625
98,599616067511.3702,1780936938023.053,3483,22,599616067126.7549,55205.753173828125
98,599616067511.3702,1780936938023.0652,-6167,23,599616067134.4471,55213.44543457031
98,599616067511.3702,1780936938023.078,6287,24,599616067142.1395,55221.13781738281
98,599616067511.3702,1780936938023.091,-2743,25,599616067149.8318,55228.830078125
98,599616067511.3702,1780936938023.104,-1716,26,599616067157.524,55236.52233886719
98,599616067511.3702,1780936938023.1162,5680,27,599616067165.2164,55244.21472167969
98,599616067511.3702,1780936938023.129,-6570,28,599616067172.9087,55251.906982421875
98,599616067511.3702,1780936938023.1409,4244,29,599616067180.601,55259.59924316406
98,599616067511.3702,1780936938023.154,222,30,599616067188.2933,55267.29162597656
98,599616067511.3702,1780936938023.167,-4958,31,599616067195.9856,55274.98388671875
98,599616067511.3702,1780936938023.179,5967,32,599616067203.678,55282.67626953125
98,599616067511.3702,1780936938023.192,-6197,33,599616067211.3702,55290.36853027344
98,599616067511.3702,1780936938023.204,403,34,599616067219.0625,55298.060791015625
98,599616067511.3702,1780936938023.217,2664,35,599616067226.7549,55305.753173828125
98,599616067511.3702,1780936938023.23,-6828,36,599616067234.4471,55313.44543457031
98,599616067511.3702,1780936938023.242,5591,37,599616067242.1395,55321.13781738281
98,599616067511.3702,1780936938023.2551,-3230,38,599616067249.8318,55328.830078125
98,599616067511.3702,1780936938023.267,-2147,39,599616067257.524,55336.52233886719
98,599616067511.3702,1780936938023.2798,5336,40,599616067265.2164,55344.21472167969
98,599616067511.3702,1780936938023.292,-6886,41,599616067272.9087,55351.906982421875
98,599616067511.3702,1780936938023.305,3970,42,599616067280.601,55359.59924316406
98,599616067511.3702,1780936938023.3171,136,43,599616067288.2933,55367.29162597656
98,599616067511.3702,1780936938023.408,-4877,44,599616067295.9856,55374.98388671875
98,599616067511.3702,1780936938023.428,6468,45,599616067303.678,55382.67626953125
98,599616067511.3702,1780936938023.446,-5529,46,599616067311.3702,55390.36853027344
98,599616067511.3702,1780936938023.512,953,47,599616067319.0625,55398.060791015625
98,599616067511.3702,1780936938023.538,3249,48,599616067326.7549,55405.753173828125
98,599616067511.3702,1780936938023.557,-6454,49,599616067334.4471,55413.44543457031
98,599616067511.3702,1780936938023.5742,5937,50,599616067342.1395,55421.13781738281
98,599616067511.3702,1780936938023.731,-2790,51,599616067349.8318,55428.830078125
98,599616067511.3702,1780936938023.753,-1727,52,599616067357.524,55436.52233886719
98,599616067511.3702,1780936938023.766,6076,53,599616067365.2164,55444.21472167969
98,599616067511.3702,1780936938023.7788,-6167,54,599616067372.9087,55451.906982421875
98,599616067511.3702,1780936938023.793,4411,55,599616067380.601,55459.59924316406
98,599616067511.3702,1780936938023.818,593,56,599616067388.2933,55467.29162597656
98,599616067511.3702,1780936938023.832,-4469,57,599616067395.9856,55474.98388671875
98,599616067511.3702,1780936938023.845,6927,58,599616067403.678,55482.67626953125
98,599616067511.3702,1780936938023.8582,-5063,59,599616067411.3702,55490.36853027344
98,599616067511.3702,1780936938023.8699,1433,60,599616067419.0625,55498.060791015625
98,599616067511.3702,1780936938023.883,3857,61,599616067426.7549,55505.753173828125
98,599616067511.3702,1780936938023.895,-6074,62,599616067434.4471,55513.44543457031
98,599616067511.3702,1780936938023.908,6331,63,599616067442.1395,55521.13781738281
98,599616067511.3702,1780936938023.921,-2405,64,599616067449.8318,55528.830078125
98,599616067511.3702,1780936938023.9329,-1839,65,599616067457.524,55536.52233886719
98,599616067511.3702,1780936938023.946,5909,66,599616067465.2164,55544.21472167969
98,599616067511.3702,1780936938023.966,-6415,67,599616067472.9087,55551.906982421875
98,599616067511.3702,1780936938023.978,4188,68,599616067480.601,55559.59924316406
98,599616067511.3702,1780936938023.9912,695,69,599616067488.2933,55567.29162597656
98,599616067511.3702,1780936938024.004,-4671,70,599616067495.9856,55574.98388671875
98,599616067511.3702,1780936938024.017,6682,71,599616067503.678,55582.67626953125
98,599616067511.3702,1780936938024.029,-5257,72,599616067511.3702,55590.36853027344
99,599616068072.9829,1780936938472.876,774,0,599616067519.1367,55598.135009765625
99,599616068072.9829,1780936938472.903,2989,1,599616067526.8291,55605.827392578125
99,599616068072.9829,1780936938472.912,-7157,2,599616067534.5214,55613.51965332031
99,599616068072.9829,1780936938472.922,5288,3,599616067542.2136,55621.2119140625
99,599616068072.9829,1780936938472.931,-3307,4,599616067549.906,55628.904296875
99,599616068072.9829,1780936938472.939,-2894,5,599616067557.5983,55636.59655761719
99,599616068072.9829,1780936938472.946,5199,6,599616067565.2906,55644.28894042969
99,599616068072.9829,1780936938472.954,-6862,7,599616067572.9829,55651.981201171875
99,599616068072.9829,1780936938472.961,3652,8,599616067580.6752,55659.67346191406
99,599616068072.9829,1780936938472.969,231,9,599616067588.3676,55667.36584472656
99,599616068072.9829,1780936938472.976,-5093,10,599616067596.0598,55675.05810546875
99,599616068072.9829,1780936938472.9841,6510,11,599616067603.7522,55682.75048828125
99,599616068072.9829,1780936938472.991,-5341,12,599616067611.4445,55690.44274902344
99,599616068072.9829,1780936938472.9978,728,13,599616067619.1367,55698.135009765625
99,599616068072.9829,1780936938473.006,3425,14,599616067626.8291,55705.827392578125
99,599616068072.9829,1780936938473.013,-6649,15,599616067634.5214,55713.51965332031
99,599616068072.9829,1780936938473.021,5691,16,599616067642.2136,55721.2119140625
99,599616068072.9829,1780936938473.0278,-2827,17,599616067649.906,55728.904296875
99,599616068072.9829,1780936938473.0361,-2530,18,599616067657.5983,55736.59655761719
99,599616068072.9829,1780936938473.058,5529,19,599616067665.2906,55744.28894042969
99,599616068072.9829,1780936938473.0671,-6760,20,599616067672.9829,55751.981201171875
99,599616068072.9829,1780936938473.074,3768,21,599616067680.6752,55759.67346191406
99,599616068072.9829,1780936938473.082,920,22,599616067688.3676,55767.36584472656
99,599616068072.9829,1780936938473.0862,-4330,23,599616067696.0598,55775.05810546875
99,599616068072.9829,1780936938473.0889,7087,24,599616067703.7522,55782.75048828125
99,599616068072.9829,1780936938473.0908,-4807,25,599616067711.4445,55790.44274902344
99,599616068072.9829,1780936938473.094,1196,26,599616067719.1367,55798.135009765625
99,599616068072.9829,1780936938473.096,3991,27,599616067726.8291,55805.827392578125
99,599616068072.9829,1780936938473.0989,-6130,28,599616067734.5214,55813.51965332031
99,599616068072.9829,1780936938473.1008,6204,29,599616067742.2136,55821.2119140625
99,599616068072.9829,1780936938473.104,-2173,30,599616067749.906,55828.904296875
99,599616068072.9829,1780936938473.106,-1908,31,599616067757.5983,55836.59655761719
99,599616068072.9829,1780936938473.109,6143,32,599616067765.2906,55844.28894042969
99,599616068072.9829,1780936938473.1108,-6306,33,599616067772.9829,55851.981201171875
99,599616068072.9829,1780936938473.114,4121,34,599616067780.6752,55859.67346191406
99,599616068072.9829,1780936938473.116,1036,35,599616067788.3676,55867.36584472656
99,599616068072.9829,1780936938473.1191,-4750,36,599616067796.0598,55875.05810546875
99,599616068072.9829,1780936938473.1208,6920,37,599616067803.7522,55882.75048828125
99,599616068072.9829,1780936938473.124,-4763,38,599616067811.4445,55890.44274902344
99,599616068072.9829,1780936938473.127,1025,39,599616067819.1367,55898.135009765625
99,599616068072.9829,1780936938473.1292,3993,40,599616067826.8291,55905.827392578125
99,599616068072.9829,1780936938473.1318,-6345,41,599616067834.5214,55913.51965332031
99,599616068072.9829,1780936938473.134,5814,42,599616067842.2136,55921.2119140625
99,599616068072.9829,1780936938473.137,-2836,43,599616067849.906,55928.904296875
99,599616068072.9829,1780936938473.1392,-3251,44,599616067857.5983,55936.59655761719
99,599616068072.9829,1780936938473.1418,5058,45,599616067865.2906,55944.28894042969
99,599616068072.9829,1780936938473.144,-7224,46,599616067872.9829,55951.981201171875
99,599616068072.9829,1780936938473.147,2950,47,599616067880.6752,55959.67346191406
99,599616068072.9829,1780936938473.1492,190,48,599616067888.3676,55967.36584472656
99,599616068072.9829,1780936938473.1519,-5459,49,599616067896.0598,55975.05810546875
99,599616068072.9829,1780936938473.155,6271,50,599616067903.7522,55982.75048828125
99,599616068072.9829,1780936938473.157,-5276,51,599616067911.4445,55990.44274902344
99,599616068072.9829,1780936938473.16,565,52,599616067919.1367,55998.135009765625
99,599616068072.9829,1780936938473.1619,3724,53,599616067926.8291,56005.827392578125
99,599616068072.9829,1780936938473.165,-6649,54,599616067934.5214,56013.51965332031
99,599616068072.9829,1780936938473.167,5749,55,599616067942.2136,56021.2119140625
99,599616068072.9829,1780936938473.17,-2405,56,599616067949.906,56028.904296875
99,599616068072.9829,1780936938473.174,-2674,57,599616067957.5983,56036.59655761719
99,599616068072.9829,1780936938473.177,5772,58,599616067965.2906,56044.28894042969
99,599616068072.9829,1780936938473.1802,-6600,59,599616067972.9829,56051.981201171875
99,599616068072.9829,1780936938473.182,3462,60,599616067980.6752,56059.67346191406
99,599616068072.9829,1780936938473.185,860,61,599616067988.3676,56067.36584472656
99,599616068072.9829,1780936938473.188,-4893,62,599616067996.0598,56075.05810546875
99,599616068072.9829,1780936938473.1902,6830,63,599616068003.7522,56082.75048828125
99,599616068072.9829,1780936938473.1929,-4585,64,599616068011.4445,56090.44274902344
99,599616068072.9829,1780936938473.195,1275,65,599616068019.1367,56098.135009765625
99,599616068072.9829,1780936938473.198,4464,66,599616068026.8291,56105.827392578125
99,599616068072.9829,1780936938473.2002,-6157,67,599616068034.5214,56113.51965332031
99,599616068072.9829,1780936938473.203,6167,68,599616068042.2136,56121.2119140625
99,599616068072.9829,1780936938473.205,-1834,69,599616068049.906,56128.904296875
99,599616068072.9829,1780936938473.208,-2154,70,599616068057.5983,56136.59655761719
99,599616068072.9829,1780936938473.2102,6396,71,599616068065.2906,56144.28894042969
99,599616068072.9829,1780936938473.213,-5949,72,599616068072.9829,56151.981201171875
100,599616068634.6107,1780936939056.7131,4144,0,599616068080.7645,56159.76281738281
100,599616068634.6107,1780936939056.726,1461,1,599616068088.4569,56167.45520019531
100,599616068634.6107,1780936939056.729,-4750,2,599616068096.1492,56175.1474609375
100,599616068634.6107,1780936939056.732,7055,3,599616068103.8414,56182.83972167969
100,599616068634.6107,1780936939056.735,-4538,4,599616068111.5338,56190.53210449219
100,599616068634.6107,1780936939056.737,788,5,599616068119.2261,56198.224365234375
100,599616068634.6107,1780936939056.74,4274,6,599616068126.9185,56205.916748046875
100,599616068634.6107,1780936939056.743,-6257,7,599616068134.6107,56213.60900878906
100,599616068634.6107,1780936939056.746,6030,8,599616068142.303,56221.30126953125
100,599616068634.6107,1780936939056.749,-1857,9,599616068149.9954,56228.99365234375
100,599616068634.6107,1780936939056.752,-2507,10,599616068157.6876,56236.68591308594
100,599616068634.6107,1780936939056.7542,5944,11,599616068165.38,56244.37829589844
100,599616068634.6107,1780936939056.757,-6719,12,599616068173.0723,56252.070556640625
100,599616068634.6107,1780936939056.759,2850,13,599616068180.7645,56259.76281738281
100,599616068634.6107,1780936939056.762,206,14,599616068188.4569,56267.45520019531
100,599616068634.6107,1780936939056.7651,-5909,15,599616068196.1492,56275.1474609375
100,599616068634.6107,1780936939056.767,6044,16,599616068203.8414,56282.83972167969
100,599616068634.6107,1780936939056.77,-5529,17,599616068211.5338,56290.53210449219
100,599616068634.6107,1780936939056.772,-262,18,599616068219.2261,56298.224365234375
100,599616068634.6107,1780936939056.7751,3532,19,599616068226.9185,56305.916748046875
100,599616068634.6107,1780936939056.7778,-6981,20,599616068234.6107,56313.60900878906
100,599616068634.6107,1780936939056.78,5315,21,599616068242.303,56321.30126953125
100,599616068634.6107,1780936939056.783,-2340,22,599616068249.9954,56328.99365234375
100,599616068634.6107,1780936939056.7852,-2973,23,599616068257.6876,56336.68591308594
100,599616068634.6107,1780936939056.788,5805,24,599616068265.38,56344.37829589844
100,599616068634.6107,1780936939056.79,-6533,25,599616068273.0723,56352.070556640625
100,599616068634.6107,1780936939056.793,3307,26,599616068280.7645,56359.76281738281
100,599616068634.6107,1780936939056.795,994,27,599616068288.4569,56367.45520019531
100,599616068634.6107,1780936939056.798,-5357,28,599616068296.1492,56375.1474609375
100,599616068634.6107,1780936939056.801,6566,29,599616068303.8414,56382.83972167969
100,599616068634.6107,1780936939056.803,-4807,30,599616068311.5338,56390.53210449219
100,599616068634.6107,1780936939056.8062,417,31,599616068319.2261,56398.224365234375
100,599616068634.6107,1780936939056.808,4353,32,599616068326.9185,56405.916748046875
100,599616068634.6107,1780936939056.811,-6099,33,599616068334.6107,56413.60900878906
100,599616068634.6107,1780936939056.813,6371,34,599616068342.303,56421.30126953125
100,599616068634.6107,1780936939056.8162,-1175,35,599616068349.9954,56428.99365234375
100,599616068634.6107,1780936939056.818,-2105,36,599616068357.6876,56436.68591308594
100,599616068634.6107,1780936939056.821,6577,37,599616068365.38,56444.37829589844
100,599616068634.6107,1780936939056.824,-5877,38,599616068373.0723,56452.070556640625
100,599616068634.6107,1780936939056.8262,3912,39,599616068380.7645,56459.76281738281
100,599616068634.6107,1780936939056.8289,1707,40,599616068388.4569,56467.45520019531
100,599616068634.6107,1780936939056.8308,-4865,41,599616068396.1492,56475.1474609375
100,599616068634.6107,1780936939056.834,7080,42,599616068403.8414,56482.83972167969
100,599616068634.6107,1780936939056.836,-4274,43,599616068411.5338,56490.53210449219
100,599616068634.6107,1780936939056.8389,686,44,599616068419.2261,56498.224365234375
100,599616068634.6107,1780936939056.8408,4557,45,599616068426.9185,56505.916748046875
100,599616068634.6107,1780936939056.844,-6276,46,599616068434.6107,56513.60900878906
100,599616068634.6107,1780936939056.846,5981,47,599616068442.303,56521.30126953125
100,599616068634.6107,1780936939056.849,-1546,48,599616068449.9954,56528.99365234375
100,599616068634.6107,1780936939056.8508,-2681,49,599616068457.6876,56536.68591308594
100,599616068634.6107,1780936939056.854,6331,50,599616068465.38,56544.37829589844
100,599616068634.6107,1780936939056.856,-6088,51,599616068473.0723,56552.070556640625
100,599616068634.6107,1780936939056.8591,3543,52,599616068480.7645,56559.76281738281
100,599616068634.6107,1780936939056.8608,1639,53,599616068488.4569,56567.45520019531
100,599616068634.6107,1780936939056.864,-5158,54,599616068496.1492,56575.1474609375
100,599616068634.6107,1780936939056.866,6593,55,599616068503.8414,56582.83972167969
100,599616068634.6107,1780936939056.8691,-5009,56,599616068511.5338,56590.53210449219
100,599616068634.6107,1780936939056.8708,-626,57,599616068519.2261,56598.224365234375
100,599616068634.6107,1780936939056.874,3302,58,599616068526.9185,56605.916748046875
100,599616068634.6107,1780936939056.877,-7449,59,599616068534.6107,56613.60900878906
100,599616068634.6107,1780936939056.8792,4861,60,599616068542.303,56621.30126953125
100,599616068634.6107,1780936939056.8818,-2375,61,599616068549.9954,56628.99365234375
100,599616068634.6107,1780936939056.884,-3421,62,599616068557.6876,56636.68591308594
100,599616068634.6107,1780936939056.887,5761,63,599616068565.38,56644.37829589844
100,599616068634.6107,1780936939056.8892,-6684,64,599616068573.0723,56652.070556640625
100,599616068634.6107,1780936939056.8918,2968,65,599616068580.7645,56659.76281738281
100,599616068634.6107,1780936939056.894,1405,66,599616068588.4569,56667.45520019531
100,599616068634.6107,1780936939056.897,-5434,67,599616068596.1492,56675.1474609375
100,599616068634.6107,1780936939056.8992,6482,68,599616068603.8414,56682.83972167969
100,599616068634.6107,1780936939056.9019,-4678,69,599616068611.5338,56690.53210449219
100,599616068634.6107,1780936939056.905,6,70,599616068619.2261,56698.224365234375
100,599616068634.6107,1780936939056.907,4191,71,599616068626.9185,56705.916748046875
100,599616068634.6107,1780936939056.9102,-6763,72,599616068634.6107,56713.60900878906
101,599616069196.208,1780936939641.523,5466,0,599616068642.3618,56721.360107421875
101,599616069196.208,1780936939641.557,-1725,1,599616068650.0542,56729.052490234375
101,599616069196.208,1780936939641.572,-2996,2,599616068657.7465,56736.74475097656
101,599616069196.208,1780936939641.5852,6403,3,599616068665.4387,56744.43701171875
101,599616069196.208,1780936939641.598,-5960,4,599616068673.1311,56752.12939453125
101,599616069196.208,1780936939641.612,3532,5,599616068680.8234,56759.82165527344
101,599616069196.208,1780936939641.625,2006,6,599616068688.5157,56767.51403808594
101,599616069196.208,1780936939641.638,-5005,7,599616068696.208,56775.206298828125
101,599616069196.208,1780936939641.651,7067,8,599616068703.9003,56782.89855957031
101,599616069196.208,1780936939641.664,-3956,9,599616068711.5927,56790.59094238281
101,599616069196.208,1780936939641.677,496,10,599616068719.2849,56798.283203125
101,599616069196.208,1780936939641.69,4819,11,599616068726.9773,56805.9755859375
101,599616069196.208,1780936939641.702,-6181,12,599616068734.6696,56813.66784667969
101,599616069196.208,1780936939641.715,5944,13,599616068742.3618,56821.360107421875
101,599616069196.208,1780936939641.728,-1264,14,599616068750.0542,56829.052490234375
101,599616069196.208,1780936939641.74,-2880,15,599616068757.7465,56836.74475097656
101,599616069196.208,1780936939641.753,6533,16,599616068765.4387,56844.43701171875
101,599616069196.208,1780936939641.7761,-5946,17,599616068773.1311,56852.12939453125
101,599616069196.208,1780936939641.789,3323,18,599616068780.8234,56859.82165527344
101,599616069196.208,1780936939641.802,1906,19,599616068788.5157,56867.51403808594
101,599616069196.208,1780936939641.815,-5362,20,599616068796.208,56875.206298828125
101,599616069196.208,1780936939641.8281,6749,21,599616068803.9003,56882.89855957031
101,599616069196.208,1780936939641.84,-4160,22,599616068811.5927,56890.59094238281
101,599616069196.208,1780936939641.8518,64,23,599616068819.2849,56898.283203125
101,599616069196.208,1780936939641.865,4346,24,599616068826.9773,56905.9755859375
101,599616069196.208,1780936939641.877,-7157,25,599616068834.6696,56913.66784667969
101,599616069196.208,1780936939641.8901,4580,26,599616068842.3618,56921.360107421875
101,599616069196.208,1780936939641.9019,-2530,27,599616068850.0542,56929.052490234375
101,599616069196.208,1780936939641.9138,-4160,28,599616068857.7465,56936.74475097656
101,599616069196.208,1780936939641.927,5473,29,599616068865.4387,56944.43701171875
101,599616069196.208,1780936939641.939,-7015,30,599616068873.1311,56952.12939453125
101,599616069196.208,1780936939641.9521,2182,31,599616068880.8234,56959.82165527344
101,599616069196.208,1780936939641.9639,1129,32,599616068888.5157,56967.51403808594
101,599616069196.208,1780936939641.976,-6053,33,599616068896.208,56975.206298828125
101,599616069196.208,1780936939641.989,6134,34,599616068903.9003,56982.89855957031
101,599616069196.208,1780936939642.001,-4671,35,599616068911.5927,56990.59094238281
101,599616069196.208,1780936939642.014,-449,36,599616068919.2849,56998.283203125
101,599616069196.208,1780936939642.026,4202,37,599616068926.9773,57005.9755859375
101,599616069196.208,1780936939642.061,-6992,38,599616068934.6696,57013.66784667969
101,599616069196.208,1780936939642.0742,5186,39,599616068942.3618,57021.360107421875
101,599616069196.208,1780936939642.087,-1475,40,599616068950.0542,57029.052490234375
101,599616069196.208,1780936939642.1,-3228,41,599616068957.7465,57036.74475097656
101,599616069196.208,1780936939642.112,6531,42,599616068965.4387,57044.43701171875
101,599616069196.208,1780936939642.124,-5742,43,599616068973.1311,57052.12939453125
101,599616069196.208,1780936939642.137,3451,44,599616068980.8234,57059.82165527344
101,599616069196.208,1780936939642.149,2254,45,599616068988.5157,57067.51403808594
101,599616069196.208,1780936939642.161,-5427,46,599616068996.208,57075.206298828125
101,599616069196.208,1780936939642.174,6714,47,599616069003.9003,57082.89855957031
101,599616069196.208,1780936939642.27,-4010,48,599616069011.5927,57090.59094238281
101,599616069196.208,1780936939642.2888,2,49,599616069019.2849,57098.283203125
101,599616069196.208,1780936939642.304,4796,50,599616069026.9773,57105.9755859375
101,599616069196.208,1780936939642.3171,-6380,51,599616069034.6696,57113.66784667969
101,599616069196.208,1780936939642.3682,5768,52,599616069042.3618,57121.360107421875
101,599616069196.208,1780936939642.394,-925,53,599616069050.0542,57129.052490234375
101,599616069196.208,1780936939642.4092,-2998,54,599616069057.7465,57136.74475097656
101,599616069196.208,1780936939642.4219,6726,55,599616069065.4387,57144.43701171875
101,599616069196.208,1780936939642.435,-5863,56,599616069073.1311,57152.12939453125
101,599616069196.208,1780936939642.448,3110,57,599616069080.8234,57159.82165527344
101,599616069196.208,1780936939642.4612,2305,58,599616069088.5157,57167.51403808594
101,599616069196.208,1780936939642.4739,-5457,59,599616069096.208,57175.206298828125
101,599616069196.208,1780936939642.487,6760,60,599616069103.9003,57182.89855957031
101,599616069196.208,1780936939642.499,-3961,61,599616069111.5927,57190.59094238281
101,599616069196.208,1780936939642.512,-352,62,599616069119.2849,57198.283203125
101,599616069196.208,1780936939642.525,4601,63,599616069126.9773,57205.9755859375
101,599616069196.208,1780936939642.537,-6846,64,599616069134.6696,57213.66784667969
101,599616069196.208,1780936939642.612,4884,65,599616069142.3618,57221.360107421875
101,599616069196.208,1780936939642.627,-1897,66,599616069150.0542,57229.052490234375
101,599616069196.208,1780936939642.6401,-4397,67,599616069157.7465,57236.74475097656
101,599616069196.208,1780936939642.956,5510,68,599616069165.4387,57244.43701171875
101,599616069196.208,1780936939642.975,-6784,69,599616069173.1311,57252.12939453125
101,599616069196.208,1780936939642.988,1959,70,599616069180.8234,57259.82165527344
101,599616069196.208,1780936939643.002,1252,71,599616069188.5157,57267.51403808594
101,599616069196.208,1780936939643.016,-6348,72,599616069196.208,57275.206298828125
102,599616069757.8358,1780936940182.996,6044,0,599616069203.9896,57282.98791503906
102,599616069757.8358,1780936940183.012,-4506,1,599616069211.682,57290.68029785156
102,599616069757.8358,1780936940183.02,-834,2,599616069219.3743,57298.37255859375
102,599616069757.8358,1780936940183.028,4404,3,599616069227.0665,57306.06481933594
102,599616069757.8358,1780936940183.0361,-6869,4,599616069234.7589,57313.75720214844
102,599616069757.8358,1780936940183.043,5086,5,599616069242.4512,57321.449462890625
102,599616069757.8358,1780936940183.051,-1287,6,599616069250.1436,57329.141845703125
102,599616069757.8358,1780936940183.059,-3652,7,599616069257.8358,57336.83410644531
102,599616069757.8358,1780936940183.066,6285,8,599616069265.5281,57344.5263671875
102,599616069757.8358,1780936940183.073,-6095,9,599616069273.2205,57352.21875
102,599616069757.8358,1780936940183.08,2722,10,599616069280.9127,57359.91101074219
102,599616069757.8358,1780936940183.0881,2159,11,599616069288.6051,57367.60339355469
102,599616069757.8358,1780936940183.095,-5754,12,599616069296.2974,57375.295654296875
102,599616069757.8358,1780936940183.2148,6672,13,599616069303.9896,57382.98791503906
102,599616069757.8358,1780936940183.228,-3729,14,599616069311.682,57390.68029785156
102,599616069757.8358,1780936940183.249,-243,15,599616069319.3743,57398.37255859375
102,599616069757.8358,1780936940183.319,5095,16,599616069327.0665,57406.06481933594
102,599616069757.8358,1780936940183.332,-6308,17,599616069334.7589,57413.75720214844
102,599616069757.8358,1780936940183.339,5552,18,599616069342.4512,57421.449462890625
102,599616069757.8358,1780936940183.348,-616,19,599616069350.1436,57429.141845703125
102,599616069757.8358,1780936940183.4421,-3036,20,599616069357.8358,57436.83410644531
102,599616069757.8358,1780936940183.452,6951,21,599616069365.5281,57444.5263671875
102,599616069757.8358,1780936940183.459,-5605,22,599616069373.2205,57452.21875
102,599616069757.8358,1780936940183.466,3052,23,599616069380.9127,57459.91101074219
102,599616069757.8358,1780936940183.552,2639,24,599616069388.6051,57467.60339355469
102,599616069757.8358,1780936940183.565,-5531,25,599616069396.2974,57475.295654296875
102,599616069757.8358,1780936940183.573,6883,26,599616069403.9896,57482.98791503906
102,599616069757.8358,1780936940183.581,-3569,27,599616069411.682,57490.68029785156
102,599616069757.8358,1780936940183.5881,-394,28,599616069419.3743,57498.37255859375
102,599616069757.8358,1780936940183.6208,5174,29,599616069427.0665,57506.06481933594
102,599616069757.8358,1780936940183.63,-6417,30,599616069434.7589,57513.75720214844
102,599616069757.8358,1780936940183.64,5197,31,599616069442.4512,57521.449462890625
102,599616069757.8358,1780936940183.6482,-1041,32,599616069450.1436,57529.141845703125
102,599616069757.8358,1780936940183.655,-4088,33,599616069457.8358,57536.83410644531
102,599616069757.8358,1780936940183.6628,5786,34,599616069465.5281,57544.5263671875
102,599616069757.8358,1780936940183.67,-6816,35,599616069473.2205,57552.21875
102,599616069757.8358,1780936940183.677,1651,36,599616069480.9127,57559.91101074219
102,599616069757.8358,1780936940183.685,1795,37,599616069488.6051,57567.60339355469
102,599616069757.8358,1780936940183.692,-6204,38,599616069496.2974,57575.295654296875
102,599616069757.8358,1780936940183.699,5993,39,599616069503.9896,57582.98791503906
102,599616069757.8358,1780936940183.706,-4367,40,599616069511.682,57590.68029785156
102,599616069757.8358,1780936940183.7139,-1106,41,599616069519.3743,57598.37255859375
102,599616069757.8358,1780936940183.721,4594,42,599616069527.0665,57606.06481933594
102,599616069757.8358,1780936940183.728,-6927,43,599616069534.7589,57613.75720214844
102,599616069757.8358,1780936940183.7349,4882,44,599616069542.4512,57621.449462890625
102,599616069757.8358,1780936940183.743,-1008,45,599616069550.1436,57629.141845703125
102,599616069757.8358,1780936940183.75,-3826,46,599616069557.8358,57636.83410644531
102,599616069757.8358,1780936940183.806,6408,47,599616069565.5281,57644.5263671875
102,599616069757.8358,1780936940183.82,-6065,48,599616069573.2205,57652.21875
102,599616069757.8358,1780936940183.8281,2317,49,599616069580.9127,57659.91101074219
102,599616069757.8358,1780936940183.836,2342,50,599616069588.6051,57667.60339355469
102,599616069757.8358,1780936940183.843,-5886,51,599616069596.2974,57675.295654296875
102,599616069757.8358,1780936940183.85,6568,52,599616069603.9896,57682.98791503906
102,599616069757.8358,1780936940183.857,-3636,53,599616069611.682,57690.68029785156
102,599616069757.8358,1780936940183.864,-635,54,599616069619.3743,57698.37255859375
102,599616069757.8358,1780936940183.872,5167,55,599616069627.0665,57706.06481933594
102,599616069757.8358,1780936940183.879,-6422,56,599616069634.7589,57713.75720214844
102,599616069757.8358,1780936940183.886,5278,57,599616069642.4512,57721.449462890625
102,599616069757.8358,1780936940183.893,-565,58,599616069650.1436,57729.141845703125
102,599616069757.8358,1780936940183.9011,-3615,59,599616069657.8358,57736.83410644531
102,599616069757.8358,1780936940183.908,6756,60,599616069665.5281,57744.5263671875
102,599616069757.8358,1780936940183.9148,-5510,61,599616069673.2205,57752.21875
102,599616069757.8358,1780936940183.924,2843,62,599616069680.9127,57759.91101074219
102,599616069757.8358,1780936940183.9321,2915,63,599616069688.6051,57767.60339355469
102,599616069757.8358,1780936940184.0269,-5568,64,599616069696.2974,57775.295654296875
102,599616069757.8358,1780936940184.0679,6853,65,599616069703.9896,57782.98791503906
102,599616069757.8358,1780936940184.082,-3381,66,599616069711.682,57790.68029785156
102,599616069757.8358,1780936940184.113,-609,67,599616069719.3743,57798.37255859375
102,599616069757.8358,1780936940184.122,5404,68,599616069727.0665,57806.06481933594
102,599616069757.8358,1780936940184.1309,-6452,69,599616069734.7589,57813.75720214844
102,599616069757.8358,1780936940184.138,5056,70,599616069742.4512,57821.449462890625
102,599616069757.8358,1780936940184.146,-556,71,599616069750.1436,57829.141845703125
102,599616069757.8358,1780936940184.153,-3919,72,599616069757.8358,57836.83410644531
103,599616070319.4535,1780936940767.625,6403,0,599616069765.6073,57844.60559082031
103,599616070319.4535,1780936940767.635,-6143,1,599616069773.2997,57852.29797363281
103,599616070319.4535,1780936940767.639,1632,2,599616069780.992,57859.990234375
103,599616070319.4535,1780936940767.642,1765,3,599616069788.6842,57867.68249511719
103,599616070319.4535,1780936940767.6448,-6872,4,599616069796.3766,57875.37487792969
103,599616070319.4535,1780936940767.649,5503,5,599616069804.0688,57883.067138671875
103,599616070319.4535,1780936940767.6511,-4457,6,599616069811.7612,57890.759521484375
103,599616070319.4535,1780936940767.654,-1658,7,599616069819.4535,57898.45178222656
103,599616070319.4535,1780936940767.657,4494,8,599616069827.1458,57906.14404296875
103,599616070319.4535,1780936940767.66,-7268,9,599616069834.8381,57913.83642578125
103,599616070319.4535,1780936940767.662,4448,10,599616069842.5304,57921.52868652344
103,599616070319.4535,1780936940767.6648,-705,11,599616069850.2228,57929.22106933594
103,599616070319.4535,1780936940767.668,-3993,12,599616069857.915,57936.913330078125
103,599616070319.4535,1780936940767.67,6308,13,599616069865.6073,57944.60559082031
103,599616070319.4535,1780936940767.673,-6016,14,599616069873.2997,57952.29797363281
103,599616070319.4535,1780936940767.6748,2022,15,599616069880.992,57959.990234375
103,599616070319.4535,1780936940767.678,2361,16,599616069888.6842,57967.68249511719
103,599616070319.4535,1780936940767.68,-6211,17,599616069896.3766,57975.37487792969
103,599616070319.4535,1780936940767.683,6278,18,599616069904.0688,57983.067138671875
103,599616070319.4535,1780936940767.695,-3768,19,599616069911.7612,57990.759521484375
103,599616070319.4535,1780936940767.698,-1168,20,599616069919.4535,57998.45178222656
103,599616070319.4535,1780936940767.701,5158,21,599616069927.1458,58006.14404296875
103,599616070319.4535,1780936940767.7031,-6600,22,599616069934.8381,58013.83642578125
103,599616070319.4535,1780936940767.7058,4961,23,599616069942.5304,58021.52868652344
103,599616070319.4535,1780936940767.71,-194,24,599616069950.2228,58029.22106933594
103,599616070319.4535,1780936940767.7131,-3532,25,599616069957.915,58036.913330078125
103,599616070319.4535,1780936940767.7158,6846,26,599616069965.6073,58044.60559082031
103,599616070319.4535,1780936940767.718,-5536,27,599616069973.2997,58052.29797363281
103,599616070319.4535,1780936940767.721,2393,28,599616069980.992,58059.990234375
103,599616070319.4535,1780936940767.7231,2864,29,599616069988.6842,58067.68249511719
103,599616070319.4535,1780936940767.7258,-5707,30,599616069996.3766,58075.37487792969
103,599616070319.4535,1780936940767.729,6867,31,599616070004.0688,58083.067138671875
103,599616070319.4535,1780936940767.731,-3265,32,599616070011.7612,58090.759521484375
103,599616070319.4535,1780936940767.7341,-879,33,599616070019.4535,58098.45178222656
103,599616070319.4535,1780936940767.7358,5659,34,599616070027.1458,58106.14404296875
103,599616070319.4535,1780936940767.739,-6345,35,599616070034.8381,58113.83642578125
103,599616070319.4535,1780936940767.741,5042,36,599616070042.5304,58121.52868652344
103,599616070319.4535,1780936940767.7441,-81,37,599616070050.2228,58129.22106933594
103,599616070319.4535,1780936940767.746,-3891,38,599616070057.915,58136.913330078125
103,599616070319.4535,1780936940767.749,6705,39,599616070065.6073,58144.60559082031
103,599616070319.4535,1780936940767.751,-5547,40,599616070073.2997,58152.29797363281
103,599616070319.4535,1780936940767.7542,2110,41,599616070080.992,58159.990234375
103,599616070319.4535,1780936940767.7568,2660,42,599616070088.6842,58167.68249511719
103,599616070319.4535,1780936940767.759,-6563,43,599616070096.3766,58175.37487792969
103,599616070319.4535,1780936940767.762,5526,44,599616070104.0688,58183.067138671875
103,599616070319.4535,1780936940767.7642,-4810,45,599616070111.7612,58190.759521484375
103,599616070319.4535,1780936940767.7668,-3089,46,599616070119.4535,58198.45178222656
103,599616070319.4535,1780936940767.769,3759,47,599616070127.1458,58206.14404296875
103,599616070319.4535,1780936940767.772,-7588,48,599616070134.8381,58213.83642578125
103,599616070319.4535,1780936940767.7742,3750,49,599616070142.5304,58221.52868652344
103,599616070319.4535,1780936940767.7769,-1134,50,599616070150.2228,58229.22106933594
103,599616070319.4535,1780936940767.779,-4406,51,599616070157.915,58236.913330078125
103,599616070319.4535,1780936940767.782,6348,52,599616070165.6073,58244.60559082031
103,599616070319.4535,1780936940767.7852,-5995,53,599616070173.2997,58252.29797363281
103,599616070319.4535,1780936940767.7888,1753,54,599616070180.992,58259.990234375
103,599616070319.4535,1780936940767.791,2537,55,599616070188.6842,58267.68249511719
103,599616070319.4535,1780936940767.7952,-6436,56,599616070196.3766,58275.37487792969
103,599616070319.4535,1780936940767.813,6143,57,599616070204.0688,58283.067138671875
103,599616070319.4535,1780936940767.8198,-3539,58,599616070211.7612,58290.759521484375
103,599616070319.4535,1780936940767.824,-1465,59,599616070219.4535,58298.45178222656
103,599616070319.4535,1780936940767.8262,5058,60,599616070227.1458,58306.14404296875
103,599616070319.4535,1780936940767.8289,-6890,61,599616070234.8381,58313.83642578125
103,599616070319.4535,1780936940767.831,4494,62,599616070242.5304,58321.52868652344
103,599616070319.4535,1780936940767.834,-380,63,599616070250.2228,58329.22106933594
103,599616070319.4535,1780936940767.8372,-4188,64,599616070257.915,58336.913330078125
103,599616070319.4535,1780936940767.8389,6730,65,599616070265.6073,58344.60559082031
103,599616070319.4535,1780936940767.842,-5202,66,599616070273.2997,58352.29797363281
103,599616070319.4535,1780936940767.844,2511,67,599616070280.992,58359.990234375
103,599616070319.4535,1780936940767.8472,3409,68,599616070288.6842,58367.68249511719
103,599616070319.4535,1780936940767.8489,-5647,69,599616070296.3766,58375.37487792969
103,599616070319.4535,1780936940767.852,6675,70,599616070304.0688,58383.067138671875
103,599616070319.4535,1780936940767.875,-3228,71,599616070311.7612,58390.759521484375
103,599616070319.4535,1780936940767.879,-1180,72,599616070319.4535,58398.45178222656
104,599616070881.0763,1780936941308.816,5724,0,599616070327.2301,58406.22839355469
104,599616070881.0763,1780936941308.84,-6241,1,599616070334.9225,58413.92077636719
104,599616070881.0763,1780936941308.849,5044,2,599616070342.6147,58421.613037109375
104,599616070881.0763,1780936941308.857,143,3,599616070350.307,58429.30529785156
104,599616070881.0763,1780936941308.864,-4051,4,599616070357.9994,58436.99768066406
104,599616070881.0763,1780936941308.872,6867,5,599616070365.6917,58444.68994140625
104,599616070881.0763,1780936941308.8801,-5390,6,599616070373.384,58452.38232421875
104,599616070881.0763,1780936941308.887,1964,7,599616070381.0763,58460.07458496094
104,599616070881.0763,1780936941308.895,3254,8,599616070388.7686,58467.766845703125
104,599616070881.0763,1780936941308.903,-5937,9,599616070396.4609,58475.459228515625
104,599616070881.0763,1780936941308.91,6487,10,599616070404.1532,58483.15148925781
104,599616070881.0763,1780936941308.917,-3158,11,599616070411.8456,58490.84387207031
104,599616070881.0763,1780936941308.924,-1577,12,599616070419.5378,58498.5361328125
104,599616070881.0763,1780936941308.9312,5373,13,599616070427.2301,58506.22839355469
104,599616070881.0763,1780936941308.939,-6684,14,599616070434.9225,58513.92077636719
104,599616070881.0763,1780936941308.9458,4230,15,599616070442.6147,58521.613037109375
104,599616070881.0763,1780936941308.9531,-739,16,599616070450.307,58529.30529785156
104,599616070881.0763,1780936941308.974,-5487,17,599616070457.9994,58536.99768066406
104,599616070881.0763,1780936941308.982,5144,18,599616070465.6917,58544.68994140625
104,599616070881.0763,1780936941308.989,-7127,19,599616070473.384,58552.38232421875
104,599616070881.0763,1780936941308.9968,150,20,599616070481.0763,58560.07458496094
104,599616070881.0763,1780936941309.0042,2096,21,599616070488.7686,58567.766845703125
104,599616070881.0763,1780936941309.011,-6596,22,599616070496.4609,58575.459228515625
104,599616070881.0763,1780936941309.019,5761,23,599616070504.1532,58583.15148925781
104,599616070881.0763,1780936941309.0261,-3694,24,599616070511.8456,58590.84387207031
104,599616070881.0763,1780936941309.033,-1850,25,599616070519.5378,58598.5361328125
104,599616070881.0763,1780936941309.04,5102,26,599616070527.2301,58606.22839355469
104,599616070881.0763,1780936941309.0469,-6916,27,599616070534.9225,58613.92077636719
104,599616070881.0763,1780936941309.054,4258,28,599616070542.6147,58621.613037109375
104,599616070881.0763,1780936941309.061,-394,29,599616070550.307,58629.30529785156
104,599616070881.0763,1780936941309.0688,-4678,30,599616070557.9994,58636.99768066406
104,599616070881.0763,1780936941309.0762,6508,31,599616070565.6917,58644.68994140625
104,599616070881.0763,1780936941309.083,-5438,32,599616070573.384,58652.38232421875
104,599616070881.0763,1780936941309.0898,1827,33,599616070581.0763,58660.07458496094
104,599616070881.0763,1780936941309.0972,3300,34,599616070588.7686,58667.766845703125
104,599616070881.0763,1780936941309.119,-5633,35,599616070596.4609,58675.459228515625
104,599616070881.0763,1780936941309.167,7387,36,599616070604.1532,58683.15148925781
104,599616070881.0763,1780936941309.186,-1922,37,599616070611.8456,58690.84387207031
104,599616070881.0763,1780936941309.195,-449,38,599616070619.5378,58698.5361328125
104,599616070881.0763,1780936941309.202,6141,39,599616070627.2301,58706.22839355469
104,599616070881.0763,1780936941309.21,-6999,40,599616070634.9225,58713.92077636719
104,599616070881.0763,1780936941309.218,4842,41,599616070642.6147,58721.613037109375
104,599616070881.0763,1780936941309.226,981,42,599616070650.307,58729.30529785156
104,599616070881.0763,1780936941309.3,-4596,43,599616070657.9994,58736.99768066406
104,599616070881.0763,1780936941309.312,7113,44,599616070665.6917,58744.68994140625
104,599616070881.0763,1780936941309.345,-4984,45,599616070673.384,58752.38232421875
104,599616070881.0763,1780936941309.422,1495,46,599616070681.0763,58760.07458496094
104,599616070881.0763,1780936941309.4338,3852,47,599616070688.7686,58767.766845703125
104,599616070881.0763,1780936941309.4421,-6255,48,599616070696.4609,58775.459228515625
104,599616070881.0763,1780936941309.45,6292,49,599616070704.1532,58783.15148925781
104,599616070881.0763,1780936941309.457,-2008,50,599616070711.8456,58790.84387207031
104,599616070881.0763,1780936941309.55,-1294,51,599616070719.5378,58798.5361328125
104,599616070881.0763,1780936941309.559,5714,52,599616070727.2301,58806.22839355469
104,599616070881.0763,1780936941309.567,-6123,53,599616070734.9225,58813.92077636719
104,599616070881.0763,1780936941309.5752,4708,54,599616070742.6147,58821.613037109375
104,599616070881.0763,1780936941309.582,503,55,599616070750.307,58829.30529785156
104,599616070881.0763,1780936941309.592,-4093,56,599616070757.9994,58836.99768066406
104,599616070881.0763,1780936941309.6,6906,57,599616070765.6917,58844.68994140625
104,599616070881.0763,1780936941309.607,-5146,58,599616070773.384,58852.38232421875
104,599616070881.0763,1780936941309.614,1683,59,599616070781.0763,58860.07458496094
104,599616070881.0763,1780936941309.622,3323,60,599616070788.7686,58867.766845703125
104,599616070881.0763,1780936941309.629,-6153,61,599616070796.4609,58875.459228515625
104,599616070881.0763,1780936941309.6362,6220,62,599616070804.1532,58883.15148925781
104,599616070881.0763,1780936941309.643,-3068,63,599616070811.8456,58890.84387207031
104,599616070881.0763,1780936941309.651,-1829,64,599616070819.5378,58898.5361328125
104,599616070881.0763,1780936941309.658,5543,65,599616070827.2301,58906.22839355469
104,599616070881.0763,1780936941309.666,-6603,66,599616070834.9225,58913.92077636719
104,599616070881.0763,1780936941309.673,4344,67,599616070842.6147,58921.613037109375
104,599616070881.0763,1780936941309.681,310,68,599616070850.307,58929.30529785156
104,599616070881.0763,1780936941309.688,-4397,69,599616070857.9994,58936.99768066406
104,599616070881.0763,1780936941309.743,6744,70,599616070865.6917,58944.68994140625
104,599616070881.0763,1780936941309.756,-5262,71,599616070873.384,58952.38232421875
104,599616070881.0763,1780936941309.764,1540,72,599616070881.0763,58960.07458496094
105,599616071442.6991,1780936941850.1438,3411,0,599616070888.8529,58967.85119628906
105,599616071442.6991,1780936941850.163,-6120,1,599616070896.5453,58975.54357910156
105,599616071442.6991,1780936941850.173,6331,2,599616070904.2375,58983.23583984375
105,599616071442.6991,1780936941850.183,-2762,3,599616070911.9298,58990.92810058594
105,599616071442.6991,1780936941850.1921,-1639,4,599616070919.6222,58998.62048339844
105,599616071442.6991,1780936941850.2021,5830,5,599616070927.3145,59006.312744140625
105,599616071442.6991,1780936941850.211,-6329,6,599616070935.0068,59014.005126953125
105,599616071442.6991,1780936941850.221,4578,7,599616070942.6991,59021.69738769531
105,599616071442.6991,1780936941850.232,688,8,599616070950.3914,59029.3896484375
105,599616071442.6991,1780936941850.242,-4246,9,599616070958.0837,59037.08203125
105,599616071442.6991,1780936941850.251,6862,10,599616070965.776,59044.77429199219
105,599616071442.6991,1780936941850.26,-5056,11,599616070973.4684,59052.46667480469
105,599616071442.6991,1780936941850.27,1572,12,599616070981.1606,59060.158935546875
105,599616071442.6991,1780936941850.279,3518,13,599616070988.8529,59067.85119628906
105,599616071442.6991,1780936941850.2878,-6025,14,599616070996.5453,59075.54357910156
105,599616071442.6991,1780936941850.418,6412,15,599616071004.2375,59083.23583984375
105,599616071442.6991,1780936941850.437,-2644,16,599616071011.9298,59090.92810058594
105,599616071442.6991,1780936941850.446,-1618,17,599616071019.6222,59098.62048339844
105,599616071442.6991,1780936941850.456,5949,18,599616071027.3145,59106.312744140625
105,599616071442.6991,1780936941850.465,-6296,19,599616071035.0068,59114.005126953125
105,599616071442.6991,1780936941850.475,4578,20,599616071042.6991,59121.69738769531
105,599616071442.6991,1780936941850.516,802,21,599616071050.3914,59129.3896484375
105,599616071442.6991,1780936941850.601,-4228,22,599616071058.0837,59137.08203125
105,599616071442.6991,1780936941850.624,7073,23,599616071065.776,59144.77429199219
105,599616071442.6991,1780936941850.635,-4935,24,599616071073.4684,59152.46667480469
105,599616071442.6991,1780936941850.645,1533,25,599616071081.1606,59160.158935546875
105,599616071442.6991,1780936941850.655,3643,26,599616071088.8529,59167.85119628906
105,599616071442.6991,1780936941850.6638,-6271,27,599616071096.5453,59175.54357910156
105,599616071442.6991,1780936941850.6738,6232,28,599616071104.2375,59183.23583984375
105,599616071442.6991,1780936941850.6838,-2497,29,599616071111.9298,59190.92810058594
105,599616071442.6991,1780936941850.6929,-1848,30,599616071119.6222,59198.62048339844
105,599616071442.6991,1780936941850.703,5668,31,599616071127.3145,59206.312744140625
105,599616071442.6991,1780936941850.7131,-6693,32,599616071135.0068,59214.005126953125
105,599616071442.6991,1780936941850.7222,3857,33,599616071142.6991,59221.69738769531
105,599616071442.6991,1780936941850.7322,-118,34,599616071150.3914,59229.3896484375
105,599616071442.6991,1780936941850.7422,-5731,35,599616071158.0837,59237.08203125
105,599616071442.6991,1780936941850.751,5475,36,599616071165.776,59244.77429199219
105,599616071442.6991,1780936941850.761,-6389,37,599616071173.4684,59252.46667480469
105,599616071442.6991,1780936941850.77,109,38,599616071181.1606,59260.158935546875
105,599616071442.6991,1780936941850.868,2845,39,599616071188.8529,59267.85119628906
105,599616071442.6991,1780936941850.883,-6855,40,599616071196.5453,59275.54357910156
105,599616071442.6991,1780936941850.892,5401,41,599616071204.2375,59283.23583984375
105,599616071442.6991,1780936941850.902,-3200,42,599616071211.9298,59290.92810058594
105,599616071442.6991,1780936941850.911,-2312,43,599616071219.6222,59298.62048339844
105,599616071442.6991,1780936941850.921,5408,44,599616071227.3145,59306.312744140625
105,599616071442.6991,1780936941850.93,-6886,45,599616071235.0068,59314.005126953125
105,599616071442.6991,1780936941850.939,3819,46,599616071242.6991,59321.69738769531
105,599616071442.6991,1780936941850.948,252,47,599616071250.3914,59329.3896484375
105,599616071442.6991,1780936941851.0908,-4986,48,599616071258.0837,59337.08203125
105,599616071442.6991,1780936941851.103,6470,49,599616071265.776,59344.77429199219
105,599616071442.6991,1780936941851.113,-5515,50,599616071273.4684,59352.46667480469
105,599616071442.6991,1780936941851.1218,718,51,599616071281.1606,59360.158935546875
105,599616071442.6991,1780936941851.1318,3332,52,599616071288.8529,59367.85119628906
105,599616071442.6991,1780936941851.1409,-6556,53,599616071296.5453,59375.54357910156
105,599616071442.6991,1780936941851.1501,5807,54,599616071304.2375,59383.23583984375
105,599616071442.6991,1780936941851.1592,-2753,55,599616071311.9298,59390.92810058594
105,599616071442.6991,1780936941851.1692,-2078,56,599616071319.6222,59398.62048339844
105,599616071442.6991,1780936941851.178,5863,57,599616071327.3145,59406.312744140625
105,599616071442.6991,1780936941851.187,-6454,58,599616071335.0068,59414.005126953125
105,599616071442.6991,1780936941851.197,4086,59,599616071342.6991,59421.69738769531
105,599616071442.6991,1780936941851.206,786,60,599616071350.3914,59429.3896484375
105,599616071442.6991,1780936941851.2148,-4432,61,599616071358.0837,59437.08203125
105,599616071442.6991,1780936941851.356,6930,62,599616071365.776,59444.77429199219
105,599616071442.6991,1780936941851.375,-4940,63,599616071373.4684,59452.46667480469
105,599616071442.6991,1780936941851.385,1389,64,599616071381.1606,59460.158935546875
105,599616071442.6991,1780936941851.392,3938,65,599616071388.8529,59467.85119628906
105,599616071442.6991,1780936941851.4,-6111,66,599616071396.5453,59475.54357910156
105,599616071442.6991,1780936941851.407,6348,67,599616071404.2375,59483.23583984375
105,599616071442.6991,1780936941851.415,-2238,68,599616071411.9298,59490.92810058594
105,599616071442.6991,1780936941851.422,-1839,69,599616071419.6222,59498.62048339844
105,599616071442.6991,1780936941851.913,6164,70,599616071427.3145,59506.312744140625
105,599616071442.6991,1780936941851.929,-6192,71,599616071435.0068,59514.005126953125
105,599616071442.6991,1780936941851.937,4293,72,599616071442.6991,59521.69738769531
